-- phpMyAdmin SQL Dump
-- version 4.7.0
-- https://www.phpmyadmin.net/
--
-- Host: 127.0.0.1
-- Generation Time: Jan 04, 2018 at 02:24 PM
-- Server version: 10.1.25-MariaDB
-- PHP Version: 5.6.31

SET SQL_MODE = "NO_AUTO_VALUE_ON_ZERO";
SET AUTOCOMMIT = 0;
START TRANSACTION;
SET time_zone = "+00:00";


/*!40101 SET @OLD_CHARACTER_SET_CLIENT=@@CHARACTER_SET_CLIENT */;
/*!40101 SET @OLD_CHARACTER_SET_RESULTS=@@CHARACTER_SET_RESULTS */;
/*!40101 SET @OLD_COLLATION_CONNECTION=@@COLLATION_CONNECTION */;
/*!40101 SET NAMES utf8mb4 */;

--
-- Database: `bluesquare`
--

-- --------------------------------------------------------

--
-- Table structure for table `address`
--

CREATE TABLE `address` (
  `address_id` bigint(20) NOT NULL,
  `landmark` varchar(255) DEFAULT NULL,
  `line1` varchar(255) DEFAULT NULL,
  `line2` varchar(255) DEFAULT NULL,
  `area_id` bigint(20) DEFAULT NULL
) ENGINE=InnoDB DEFAULT CHARSET=latin1;

-- --------------------------------------------------------

--
-- Table structure for table `area`
--

CREATE TABLE `area` (
  `area_id` bigint(20) NOT NULL,
  `name` varchar(255) DEFAULT NULL,
  `pincode` bigint(20) DEFAULT NULL,
  `region_id` bigint(20) DEFAULT NULL
) ENGINE=InnoDB DEFAULT CHARSET=latin1;

--
-- Dumping data for table `area`
--

INSERT INTO `area` (`area_id`, `name`, `pincode`, `region_id`) VALUES
(4, 'Malad', 400097, 5),
(5, 'Borivali', 400066, 5),
(6, 'Andheri', 400000, 5),
(7, 'Goregaon', 400001, 5),
(8, 'Kandivali', 400101, 5),
(9, 'Mira road', 401107, 5),
(10, 'Bhayander', 401105, 5),
(11, 'Vasai road', 400002, 5),
(12, 'Thane west', 400001, 6);

-- --------------------------------------------------------

--
-- Table structure for table `brand`
--

CREATE TABLE `brand` (
  `brand_id` bigint(20) NOT NULL,
  `brand_added_datetime` datetime DEFAULT NULL,
  `name` varchar(255) DEFAULT NULL,
  `brand_update_datetime` datetime DEFAULT NULL
) ENGINE=InnoDB DEFAULT CHARSET=latin1;

--
-- Dumping data for table `brand`
--

INSERT INTO `brand` (`brand_id`, `brand_added_datetime`, `name`, `brand_update_datetime`) VALUES
(8, '2017-12-13 11:06:02', 'BLUE SQUARE1', '2017-12-23 17:31:05'),
(9, '2017-12-23 19:22:33', 'Abc', '2017-12-28 15:23:21');

-- --------------------------------------------------------

--
-- Table structure for table `business_name`
--

CREATE TABLE `business_name` (
  `business_name_id` varchar(255) NOT NULL,
  `address` varchar(255) DEFAULT NULL,
  `business_added_datetime` datetime DEFAULT NULL,
  `business_updated_datetime` datetime DEFAULT NULL,
  `comment` varchar(255) DEFAULT NULL,
  `credit_limit` decimal(19,2) DEFAULT NULL,
  `gstin_number` varchar(255) DEFAULT NULL,
  `other` varchar(255) DEFAULT NULL,
  `owner_name` varchar(255) DEFAULT NULL,
  `shop_name` varchar(255) DEFAULT NULL,
  `area_id` bigint(20) DEFAULT NULL,
  `businesstype_id` bigint(20) DEFAULT NULL,
  `contact_id` bigint(20) DEFAULT NULL,
  `tax_type` varchar(255) DEFAULT NULL,
  `employee_details_disable_datetime` datetime DEFAULT NULL,
  `status` tinyint(1) DEFAULT NULL
) ENGINE=InnoDB DEFAULT CHARSET=latin1;

--
-- Dumping data for table `business_name`
--

INSERT INTO `business_name` (`business_name_id`, `address`, `business_added_datetime`, `business_updated_datetime`, `comment`, `credit_limit`, `gstin_number`, `other`, `owner_name`, `shop_name`, `area_id`, `businesstype_id`, `contact_id`, `tax_type`, `employee_details_disable_datetime`, `status`) VALUES
('1001', 'karter  road', '2017-12-13 10:22:31', '1970-01-01 05:30:00', NULL, '15000.00', 'aaaaaaaghhhjjjj', NULL, 'Nilesh Pawar', 'Abc ', 4, 5, 45, 'Intra', '2017-12-14 16:58:12', 0),
('1002', 'borivali east', '2017-12-13 11:11:24', '1970-01-01 05:30:00', NULL, '15000.00', '123456789012345', NULL, 'Ankit Tripathi', 'Vaisansar Technologies Pvt. Ltd', 5, 5, 47, 'Intra', '2017-12-13 11:11:24', 0),
('1003', 'abs', '2017-12-13 11:27:43', '2017-12-13 11:27:43', NULL, '1000.00', '123455788764356', NULL, 'ganesh', 'ganesh stores', 12, 6, 49, 'Intra', '2017-12-13 11:27:43', 0),
('1004', 'shop no 39,golden park ', '2017-12-13 13:09:40', '2017-12-13 13:09:40', NULL, '15000.00', '', NULL, 'Raj purohit', 'om collection ', 11, 6, 51, 'Intra', '2017-12-13 13:09:40', 0),
('1005', '19,golden park. near parvati cinema vasai (W) ', '2017-12-13 13:54:03', '2017-12-13 13:54:03', NULL, '0.00', '', NULL, 'Raj  purohit ', 'Shkati mobile & electronic ', 11, 6, 52, 'Intra', '2017-12-13 13:54:03', 0),
('1006', 'bhayander', '2017-12-20 15:55:40', '2017-12-20 15:55:40', NULL, '200000.00', '', NULL, 'kp', 'def', 10, 6, 53, 'Intra', '2017-12-20 15:55:40', 0),
('1007', 'mg road', '2017-12-21 18:28:11', '2017-12-21 18:28:11', NULL, '0.00', '', NULL, 'ankit sethji', 'Ankit stores', 10, 5, 54, 'Intra', '2017-12-21 18:28:11', 0),
('1008', 'kakakakakakakakaka,\r\ndff dff fdf dfdf ,\r\ndff dff fdf dfdf ,\r\ndff dff fdf dfdf ,\r\ndff dff fdf dfdf ,\r\ndff dff fdf dfdf ', '2017-12-21 18:34:45', '2017-12-27 19:24:34', NULL, '100000.00', '', NULL, 'kallliiiiyyya', 'kallluu', 5, 5, 55, 'Intra', '2017-12-21 18:34:45', 0),
('1009', 'xxc', '2017-12-27 11:36:09', '2017-12-27 11:36:09', NULL, '4444444.00', '', NULL, 'sdsd', 'sdsds', 4, 5, 56, 'Intra', '2017-12-27 11:36:09', 0),
('1010', '22 raidongri sagar niwas carter road no 5 borivali  east mumbai-400066', '2017-12-29 11:48:36', '2017-12-29 11:48:36', NULL, '20000.00', '', NULL, 'MAHESH BHAI', 'gurukrupa', 5, 6, 57, 'Intra', '2017-12-29 11:48:36', 0),
('1011', 'Thane Station', '2018-01-01 12:06:24', '2018-01-01 12:06:24', NULL, '0.00', '', NULL, 'Bhai Saheb', 'Thane Maharashtra Electronic', 12, 6, 58, 'Intra', '2018-01-01 12:06:24', 0);

-- --------------------------------------------------------

--
-- Table structure for table `business_type`
--

CREATE TABLE `business_type` (
  `businesstype_id` bigint(20) NOT NULL,
  `business_type_added_datetime` datetime DEFAULT NULL,
  `details` varchar(255) DEFAULT NULL,
  `name` varchar(255) DEFAULT NULL,
  `business_type_updated_datetime` datetime DEFAULT NULL
) ENGINE=InnoDB DEFAULT CHARSET=latin1;

--
-- Dumping data for table `business_type`
--

INSERT INTO `business_type` (`businesstype_id`, `business_type_added_datetime`, `details`, `name`, `business_type_updated_datetime`) VALUES
(5, '2017-12-13 10:20:18', NULL, 'IT', '2017-12-13 10:20:18'),
(6, '2017-12-13 11:09:18', NULL, 'Electronics', '2017-12-13 11:09:18');

-- --------------------------------------------------------

--
-- Table structure for table `categories`
--

CREATE TABLE `categories` (
  `category_id` bigint(20) NOT NULL,
  `category_date` datetime DEFAULT NULL,
  `category_description` varchar(255) DEFAULT NULL,
  `category_name` varchar(255) DEFAULT NULL,
  `cgst` float DEFAULT NULL,
  `hsn_code` varchar(255) DEFAULT NULL,
  `igst` float DEFAULT NULL,
  `sgst` float DEFAULT NULL,
  `category_update_date` datetime DEFAULT NULL
) ENGINE=InnoDB DEFAULT CHARSET=latin1;

--
-- Dumping data for table `categories`
--

INSERT INTO `categories` (`category_id`, `category_date`, `category_description`, `category_name`, `cgst`, `hsn_code`, `igst`, `sgst`, `category_update_date`) VALUES
(10, '2017-12-13 11:07:17', NULL, 'KEYBOARD', 6, '8471', 12, 6, '2017-12-23 17:28:31'),
(11, '2017-12-13 11:08:38', NULL, 'MOUSE', 9, '8472', 18, 9, NULL),
(12, '2017-12-13 11:09:09', NULL, 'CABLES', 9, '8544', 18, 9, NULL),
(13, '2017-12-13 11:09:41', NULL, 'SPIKE GUARD', 6, '8536', 12, 6, '2017-12-23 17:31:57'),
(14, '2017-12-13 11:10:07', NULL, 'SPEAKER', 6, '8518', 12, 6, '2017-12-27 16:24:50'),
(15, '2017-12-14 17:31:20', NULL, 'CARD', 9, '8517', 18, 9, NULL),
(16, '2017-12-14 17:38:53', NULL, 'PENDRIVE', 9, '8523', 18, 9, NULL),
(17, '2017-12-14 17:44:35', NULL, 'SMPS', 9, '8504', 18, 9, NULL),
(18, '2017-12-23 19:09:18', NULL, 'Abc', 6, '12234', 12, 6, '2017-12-23 19:09:37'),
(19, '2018-01-01 11:39:52', NULL, 'Sundaram', 2.5, '87878787', 5, 2.5, '2018-01-01 11:39:52');

-- --------------------------------------------------------

--
-- Table structure for table `city`
--

CREATE TABLE `city` (
  `city_id` bigint(20) NOT NULL,
  `name` varchar(255) DEFAULT NULL,
  `state_id` bigint(20) DEFAULT NULL
) ENGINE=InnoDB DEFAULT CHARSET=latin1;

--
-- Dumping data for table `city`
--

INSERT INTO `city` (`city_id`, `name`, `state_id`) VALUES
(3, 'Mumbai', 11),
(4, 'Thane', 11);

-- --------------------------------------------------------

--
-- Table structure for table `complainreply`
--

CREATE TABLE `complainreply` (
  `complain_Reply_Id` bigint(20) NOT NULL,
  `date_time` datetime DEFAULT NULL,
  `message` varchar(255) DEFAULT NULL,
  `reply` varchar(255) DEFAULT NULL,
  `employee_complain_id` bigint(20) DEFAULT NULL,
  `employee_reply_id` bigint(20) DEFAULT NULL,
  `Msg_date_time` datetime DEFAULT NULL,
  `Reply_date_time` datetime DEFAULT NULL
) ENGINE=InnoDB DEFAULT CHARSET=latin1;

--
-- Dumping data for table `complainreply`
--

INSERT INTO `complainreply` (`complain_Reply_Id`, `date_time`, `message`, `reply`, `employee_complain_id`, `employee_reply_id`, `Msg_date_time`, `Reply_date_time`) VALUES
(1, NULL, 'HWS U ?????', 'I m good', 4, 3, '2017-12-28 15:31:18', '2017-12-28 15:32:10'),
(2, NULL, 'kya kar rahe ho pagal ho kya kuxhvsamkjsjsksjhdjskshhshsjsjjsjjsjsbdhhdhdhhshdhdhjdjsjusjdhdhhdhdhdhdhdhsusjhdjdhshhdhdjhdhsjjsjdjjdjsjjdjjdjsjudjejsjsjjsjjsjsjjejssjjsjs', 'HIHIHIHIIHIHIHIHIHIHHHIHIHHJI', 3, 4, '2017-12-28 15:34:09', '2017-12-28 15:34:54'),
(3, NULL, 'ijojihkmghkfjgghhjuhfujjjihjjigtjhggjjhhhgjujjhhhhuuuggghhhhhhyhhhhhhh', NULL, 3, 2, '2017-12-28 15:43:11', NULL),
(4, NULL, 'I hate u ', NULL, 3, 2, '2018-01-04 18:12:41', NULL);

-- --------------------------------------------------------

--
-- Table structure for table `contact`
--

CREATE TABLE `contact` (
  `contact_id` bigint(20) NOT NULL,
  `email_id` varchar(255) DEFAULT NULL,
  `fax_no` varchar(255) DEFAULT NULL,
  `mobile_no` varchar(255) DEFAULT NULL,
  `tel_no` varchar(255) DEFAULT NULL,
  `website_url` varchar(255) DEFAULT NULL
) ENGINE=InnoDB DEFAULT CHARSET=latin1;

--
-- Dumping data for table `contact`
--

INSERT INTO `contact` (`contact_id`, `email_id`, `fax_no`, `mobile_no`, `tel_no`, `website_url`) VALUES
(40, 'sachin@gmail.com', NULL, '8425986282', '11111111111', NULL),
(41, 'arvind@gmail.com', NULL, '8425986282', NULL, NULL),
(42, 'tushar@gmail.com', NULL, '8425986282', NULL, NULL),
(43, 'rohan1@gmail.com', NULL, '8425986282', NULL, NULL),
(44, '', NULL, '8655843217', '11111111111', NULL),
(45, '', NULL, '8655843217', '', NULL),
(46, '', NULL, '9930101040', NULL, NULL),
(47, '', NULL, '9768347352', '11111111111', NULL),
(48, '', NULL, '9768347352', NULL, NULL),
(49, '', NULL, '1234567890', '', NULL),
(50, '', NULL, '9768347352', NULL, NULL),
(51, '', NULL, '7276065664', '', NULL),
(52, 'shaktinetwork4u@gmail.com', NULL, '9730403078', '', NULL),
(53, '', NULL, '6325665885', '', NULL),
(54, '', NULL, '9768347352', '', NULL),
(55, 'ankitspeed@gmail.com', NULL, '1234567890', '', NULL),
(56, '', NULL, '', '', NULL),
(57, 'ankitspeed@gmail.com', NULL, '9768347352', '02260607022', NULL),
(58, '', NULL, '8888438568', '', NULL);

-- --------------------------------------------------------

--
-- Table structure for table `country`
--

CREATE TABLE `country` (
  `country_id` bigint(20) NOT NULL,
  `name` varchar(255) DEFAULT NULL,
  `short_name` varchar(255) DEFAULT NULL
) ENGINE=InnoDB DEFAULT CHARSET=latin1;

--
-- Dumping data for table `country`
--

INSERT INTO `country` (`country_id`, `name`, `short_name`) VALUES
(3, 'India', NULL);

-- --------------------------------------------------------

--
-- Table structure for table `delivered_product`
--

CREATE TABLE `delivered_product` (
  `delivered_product_id` bigint(20) NOT NULL,
  `order_receiver_signature` longblob,
  `order_receiver_signature_status` varchar(255) DEFAULT NULL,
  `order_details_id` varchar(255) DEFAULT NULL
) ENGINE=InnoDB DEFAULT CHARSET=latin1;

--
-- Dumping data for table `delivered_product`
--

INSERT INTO `delivered_product` (`delivered_product_id`, `order_receiver_signature`, `order_receiver_signature_status`, `order_details_id`) VALUES
(1, 0xffd8ffe000104a46494600010100000100010000ffdb004300100b0c0e0c0a100e0d0e1211101318281a181616183123251d283a333d3c3933383740485c4e404457453738506d51575f626768673e4d71797064785c656763ffdb0043011112121815182f1a1a2f634238426363636363636363636363636363636363636363636363636363636363636363636363636363636363636363636363636363ffc0001108025802d003012200021101031101ffc4001b00010002030101000000000000000000000006070304050201ffc40042100100010302020606070604060300000000010203040511062112314151617107138191a1b11422233252c1d11524334262a272b2f0f13543638292c273d2e1ffc40014010100000000000000000000000000000000ffc40014110100000000000000000000000000000000ffda000c03010002110311003f00b000000000000000000000000000000000000000000000000000000000000000000000000000000000000000000000000000000000000000000000000000000000000000000000000000000000000000000000000000000000000000000000000000000000000000000000000000000000000000000000000000000000000000000000000000000000000000000000000000000000000000000000000000000000000000000000000000000000000000000000000000000000000000000000000000000000000000000000000000000000000000000000000000000000000000000000000000000000000000000000000000000000000000000000000000000000000000000000000000000000000000000000000000000000000000000000000000000000000000000000000000000000000000000000000000000000000000000000000000000000000000000000000000000000000000000000000000000000000000000000000000000000000000000000000000000000000000000000000000000000000000000000000000000000000000000000000000000000000000000000000000000000000000000000000000000000000000000000000000000000000000000000000000000000000000000000000000000000000000000000000000000000000000000000000000000000000000000000000000000000000000000000000000000000000000000000000000000000000000000000000000000000000000000000000000000000000000000000000000000000000000000000000000000000000000000000000000000000000000000000000000000000000000000000000000000000000000000000000000000000000000000000000000000000000000000000000000000000000000000000000000000000000000000000000000000000000000000000000000000000000000000000000000000000000000000000000000000000000000000000000000000000000000000000000000000000000000000000000000000000000000000000000000000000000000000000000000000000000000000000000000000000000000000000000000000000000000000000000000000000000000000000000000000000000000000000000000000000000000000000000000000000000000000000000000000000000000000000000000000000000000000000000000000000000000000000000000000000000000000000000000000000000000000000000000000000000000000000000000000000000000000000000000000000000000000000000000000000000000000000000000000000000000000000000000000000000000000000000000000000000000000000000000000000000000000000000000000000000000000000000000000000000000000000000000000000000000000000000000000000000000000000000000000000000000000000000000000000000000000000000000000000000001ad9f9f8ba6e2d593997a9b56a9ed9ed9ee88ed9f006c8acb57f4879d9172aa34cb74e2dadf9575d3155c9f7f28f2e7e68e5dd4b56d52e45ab9959793557572b515d556f3e14c7e40bc05296b4bd7b0eaf5d670751b15473e9d16aba663db10dac4e31d7f066289ccaaed34cf3a2fd3154cf84ccfd6f882e1102d2fd23dbaeaa6dea989eaf7ebbb627788ff00b679eded9f24d70b3b1750c7a7230efd17ad55fcd4cfc27ba7c241b00000000000000000000000000000000000000000000000000000000000000000000000000e5eb9af616858deb72ebdebabf876a9fbd5fb3bbc41d4116e15e2f9e20cebd8b5e2458aa8b7eb2998afa5131bc46d3cbc6129000000000000000000000000000000000000000000000073f5bd5f1f44d3abcbc9de623ead14475d7576442a2d735ccdd772fd76557f569e56ed53f7688f0f1f174f8f358fda7ae5562dd5be3e26f6e9ee9abf9a7dfcbd8ee7a3ee1ab53669d63328e95733fbb515472a76fe7f3dfabbb6dfbb60d7e17e039bf4d397ad535d144c6f4636fd1aa7c6a9eb8f2ebf24fb0f071306dfabc3c6b5629ed8b74446fe7ded8006b6669f879d4f473316cdf888da3d651156de5bf5364042b58f47987914cdcd2aece2dcecb75ccd544fb7ae3e3e486576b5be14ce8abed712e4f5551ce8b91f2abc97430e56358ccb1558c9b345eb5575d15c6f12088683e9031b2a69b1ab5118d767945da7f873e7db4fc63c933a2ba6e514d74551551546f4d54cef131df0af788f802ab54d793a2ccd74c739c6aa77aa3fc33dbe53cfc65c4e1ce28cde1ec8f51762bbb89d298b98f5729a277e734efd53e1dbf180b7c6a69ba8e2ea98746561dd8b96eaf7d33dd31d92db0000000000000000000000000000000000000000000000000000000000000000062c8bf6b16c577f22e536ed511bd55d53b4442b1e2ae34bfaa4d789a7cd5630beed55755777cfba3c3dfdc091712f1d63e074f174b9a32727aa6e75dba3ff00b4fc3e484e9da66abc55a9575c5555daa677bb9173eed1febb223e4eb70c703dfd4a28cbd4ba58f893ce9a3aabb91f9478ff00bacac4c4c7c1c6a31f16cd166cd11b534d31b47fbf8839fc3fc3d87a0e37431e26bbd5c47acbd57deaff0048f075c000000000000000000000000000000000000000000006a6a9915e269599936f6e9d9b15dca77ef8a6661b6e6f11d51470e6a533d5f45b91efa66014c6163d59b9d8f8d4d514d57eed36e2aabaa26a9db79f7af5b166de358b762cd314dbb74c514531d9111b44290d1299af5bc0a63aeac9b711ff00942f3000000000011be28e11c6d729aafd9e8d8ce88e5736e55f855faf5f9f52480298c2ced5784f55ae8e8d56ae533b5db35f3a6e47e7e130b4b40d7b135ec3f5d8d3d1b94f2bb66a9fad44fe71dd3fecf1c47c3d8bafe1fabbb11464511f657a239d33dd3df1e0aaed5dd4785b5b998ded64d89daaa679d35d3dd3df4cff00ae60bb073742d671b5cd3e9cac79e8d5d572dccef36eaee9fd5d200000000000000000000000000000000000000000000000000000000001ada867e3699895e5665d8b76a8eb99ed9ee88ed961d6357c4d1b0aac9ccb9d1a7aa9a23ef573dd10aa754d5352e2bd568a228aaa9aaae8d8c6a3aa98fd7be67e100cbc45c479bc4b994d8b54574e3f4b6b38f4739aa7b2676ebabe5f396709f04dbc0e866eab4d3772bae8b33ce9b7e33df3f08f8ba1c2bc296343b517ef746f67551f5ae7651e14fea9200000000000000000000000000000000000000000000000000d3d6316aced2333168889aef59ae8a779da3a531cbe3b370050b6ebbd85994dca77b57ec5c8aa378e74d54cf74f74c2e0e1de24c3d7b1a3d5d516f2a9a77b962679c78c77c78b97c5fc1f4eadd2cdd3e29a33623eb513ca2efe93e2ad7231b2f4dcae85fb5771afd13bc74a26998ee98fd417c0a874ee36d6f036a672632adc7f2e4474bfbbafe29460fa48c2b9b466e1deb13d5d2b7315c79cf54c7c41361c9c4e25d17329decea58fd7b6d72af5733ecab69756998aa98aa9989898de263b41f4000001c2e29e1bb1afe1f2e8dbccb71f65767fcb3e1f2f7efdd014b69fa86a3c2dabd7b5336eedb9e85eb35f5551dd3f94c2d5d075ec3d7713d76355d1b94ff12cd53f5a89fce3c5c8e37e1afdaf89f4cc4a3f7db14f5447f169fc3e7ddeef2acf4fcfc9d33328cac4b936eed13d7dfe131db00bdc7278775dc7d7b4ea722ccc53769da2f5adf9d157e93d93fa4bac000000000000000000000000000000000000000000000000000039baeeb78ba1e0ce464d5bd53cadda89fad727ba3f397ad6b57c6d1702bcbcaab9472a2889e75d5d910a972f2b52e2ad6a9fab372fdd9e8dbb74fdda29ee8ee88ed907dcbcad4f8af59a63a3376f5c9daddaa7eed11e1dd1df2b338638671b40c6df95dccb91f6b7b6feda7ba3e7f2f5c33c398fa061f469dae655c8fb5bdb75f84783b60000000000000000000000000000000000000000000000000000000316463d9cab536b22cdbbd6e7ae8b94c551ee96501c3cce10d0b2f79af4fb76ea98da26cccdbdbd91cbe08e6a1e8d699e955a767cc775bbf4effdd1fa27e02a2c9e06d7ec5754538b45fa698dfa76aed3b4f944cc4fc1a11a1eb962bde8d373a9aa3b68b557ce217600a726ef15e353135d5ac5ba63aba5eb623e2f11c49c416794ea1951fe3e7f35cc029a9e2ed7e6369d4aefb29a63f261ab88b5cbb3ff0012ccff00b6e4c7c97580a5e353e22ab9d399a9cf95cb8f5fb5389288de72f5288f1aab5cc029ba78a388ac6dbe7e447774e989f9c39397957b372ae64e44d355db93d2aeaa688a779efda22217d3cd54d35d334d54c5513d931b828dd2f53cbd272e32706ecdbb911b4f2de2a8ee98ed48adfa45d668a76aad61dc9fc555bab7f8550c3c75a0ce95aace558b7b61e54f4a9da39515f6d3f9c7ff0088c53334d51546dbc4efce37804db1bd2566d33fbce9f62e47fd3aa68f9eee863fa4ac5aaafde74ebd6e3beddc8afe7b3538470f87b886d5cb595a65bb79b6a37aa28bb5d34d74fe2888ab978c7977f2ec5ef479a2dcab7a2bcbb51dd45c8dbe3120f78fc7fa15e9dae577f1fc6e5adffcbbba18fc57a1644ed6f53b11ff00c93347f9b6472f7a34b1555f61a9dca29eeaed4553f09873ef7a36d469abec33716ba7bebe9533f08904fed6ada6dfaa29b3a8625caa7b28bd4ccfc25baa92ff0001ebd6abe8d18f6afc7e2b776988feed9a75689c43a55e9ae8c3cdb35d31bcdcb1133b47f8a9e5f105ce29fc1e33d77026299cb9bf4d33ce8c8a7a5bf9cfdef8a4ba6fa48b15f468d4b0ebb5576dcb33d28dfca79c7be413b1cfd375bd37558fdc732d5dabf06fb55ff8cf3740000000000000000000000000000000000069eaba9e2e9383732f32e746dd1d511d754f644476cbd6a39f8da6615ccbcbb9145aa239cf6ccf7477caa5d6756cfe2ad5e8a6ddbaa626ae8e3e3d3cfa31faf7cfe40f1a9ea3a8715eb344536eaaebae7a162c513bc511feb9ccfca16570b70dd8d03139f46e665c8fb5bbff00ad3e1f3f74478e14e19b3a062cd75f46e66dd8fb4b91d54c7e1a7c3e7ee4800000000000000000000000000000000000000000000000000000000000000000000000000000001a5ac69f6f55d2f230ae453f6b44c53331f76aec9f64ed2a4b2f16f61655cc6c9b736ef5baba35533d8be9a59da469fa8d51566e1d9bd5531b455553ce23bb70577e8db12fdcd7aacaa22a8b366dcc575764ccf547e7ec5a2c38d8d6312cd3671acd166d53d54514c444330000000357374ec2cfa76ccc4b37f68da26e511331e53d88d6a3e8f34bc989ab0ae5dc3afb2227a747ba79fc52f014feb1c23abe8d137e6dfafb3473f5d62667a3e331d71d5d7d5e2e970df1de4e1dca31f56aaac8c69e5eba79dca3cff147c7e4b390ae2ae07b79915e66914536b236debb11ca9b9e5dd3f09f004c71efdac9b145fb1729b96ab8de9ae99de261914f70ff0011e7f0d65d562e515558fd2daee357ca699ed98ee95a9a56a989abe1d3958577a76e794c754d33dd31d920dd0000000000000000000000000006be76663e9f89732b2ae45bb36e37aaa9ff005d6c97efdac6b15dfbf5d36ed5ba66aaaaabaa2151f14f11e471167536acc574e25156d66cc75d53d5d298ed99f87bf70f1c41ae66713ea74516a8afd574ba38f8f4f39e7db3e32b0384b85ed6858debaf4535e75c8faf5f5c511f863f39ed60e0ce15a747b3199994c559f723abae2cc4f6478f7cfb3ce5400000000000000000000000000000000000000000000000000000000000000000000000000000000000000000000000000008ef1470ae36bb666edbe8d9cea63ea5ddb955e157878f67c15d693a967f0aeb3574a8aa9aa8aba19162a9e55c7ebdb13f94ae743f8fb877f68e1cea38b47ef58f4fd788ebb947eb1d7eff00004a70b2ece7e1dacac6ae2bb5769e9533febb59d59fa3ce20fa265fecac9abec322adecccff00257dde53f3f359800000000000000000000003cd5553453355754534d31bcccced110fbd51bcab4e36e2dfa7d5569ba75cfdd699daedda67f8b3dd1fd3f3f2eb0d5e34e2aab58bf3878754d3816e7afaa6f55df3e1dd1edeedbbfc0dc27f43a68d5351b7fbc551bd9b5547f0e3f14ff5787679f569f037094d736f55d4aded4c7d6c7b35475f75531ddddef5860000000000000000000000000000000000000000000000000000000000000000000000000000000000000000000000000000000000a778c74b8d1b886e5363ea5abb117ad74676e8c4cf5786d313b786cb4787f51fdaba262664cef5dca36af96df5e3955f18946fd26e9f37b4cc6cea2379c7ae68af68fe5abb67db11ef6a7a31d4e3f7ad32b9ff00ad6fe11547f97e20b0000000000000000000015cf1b717faff0059a5e9973ecbeedfbd4cfdff00e9a67bbbe7b7cbac3cf1b717c6574f4cd2ee7d87ddbd7a99fe27f4d33f87be7b7cbafef05707fd27a1a9ea96fec3ef59b3547f13faaaf0ee8edf2ebf1c13c23f4c9a353d4edfeed1cecd9aa3f89e33fd3e1dbe5d76483e800000000000000000000000000000000000000000000000000000000000000000000000000000000000000000000000000000000000d4d57068d4b4cc9c2b9b6d7adcd3133d93d93ec9da54de8d9b7345d771f26b8aa89b1776bb4edcf6eaaa36efdb75dea8b8f34ffa0712deaa8a76b793117a9dbbe7ef7f744cfb416e3eb8fc2799f4ee1ac1bbfcd4db8b7573de77a7eaf3f3db7f6bb000000000000000f93311133331111d732aef8c38d3d77acd3f48b9f65f76ee453fcddf14f878f6f672eb0c9c6fc5fbfacd2f4bbbcb9d37ef533efa627e72e7f05709cea9729d433e898c2a27ea513ff3663ff5f9bc707f0857ab574e6e7d3551834cef14f54de9ee8eea7be7dddf1695ba28b76e9b76e9a68a29888a69a6368888ea88807d8888888888888ea887d0000000000000000000000000000000000000000000000000000000000000000000000000000000000000000000000000000000000000010af49d8717349c5cb8899aacdee84edd94d51fad31ef4d5c4e32c7af2b85750b76f6e9451173d94d5154fc2241c1f45f9735e0e761cedb5ab94dca79f3fad1b4ff00963de9caabf46d954d8e23aacd754c7d22c554d311d53544c55f28a96a00000000000c59393670f1ebc8c9bb4dab5446f55754ed10d0d735ec1d0f1bd6e5dcdebabee5aa79d75f947778aaed635ad4f8a33e8b5d0aa699ab6b38d6b9c47eb3e3f207438af8c6f6af356260cd56706394cf55577cfba3c3dfdd1d0e13e08aaf4d19dac5b9a6d75dbc69ebabc6aee8f0f7f8f5f85782ece9714666a114decdfbd4d3d74daf2ef9f1f777a5c0f34d34d14c534c4534d31b44446d110f4000000000000000000000000000000000000000000000000000000000000000000000000000000000000000000000000000000000000000003cdca29bb6eab77298aa8aa269aa998de2627b1e805299b632386f88eaa289fb4c5bb15dbaa7f9a9eb8dfce3ad7169d9d6752c0b3998f3bdabd4f4a37eb8ef89f189e48c71ff000f5cd4f168d430e8e9e4e3d3b574475d7475f2f18e7ef9f043785f89f2340c89a6626ee1dc9dee5adfaa7f153dd3f3f74c05c435b4fcec7d4b0ede5625c8b96ae46f131d9e13dd2d90060cbccc6c1b337b2efdbb16e3f9ae55111e5e6886afe91712c4556f4bb1564d7d976e44d347bbae7e0098e46459c5b355ec8bb45ab54fdeaebaa2223da846bde90add11558d168e9d5d5f48b94f28ff000d33d7edf74a2772f6b7c559bd1fb6cbb91d54531b516ff2a7cd2dd0fd1e5ab7d1bdac5df5b575fa8b53314fb6aeb9f66de7208969da5eadc51a8575d335ddaaa9fb5c8bb33d1a7ce7f2859fc3dc3785a0d9dac47acc8aa36b97ea8fad5784774787cdd5b162d6359a6ce3daa2d5aa39534514c4447b2190000000000000000000000000000000000000000000000000000000000000000000000000000000000000000000000000000000000000000000000000057dc73c2714c5cd5b4db7fd5916a98f7d71f9fbfbd6080a4b46e20d4744aabfa15e88a2bfbd6eb8e95333dfb77b7ef71c6bf77a511994db898db6a2d531f1db74ef51e08d133eecddf535e3d754ef54d8aba313ec9de23d90c163d1f6876ab89ae326f47e1b97768fed8805617f272b3efc55917af64de9fab135d535d53e1097f0e700dfc99a32758e958b3ca62c472aeaf3fc31e1d7e49d69da2699a5f3c1c2b56aafc7b6f57974a79fc5d0060c4c3c6c1b14d8c4b3459b54f553446d0ce00000000000000000000000000000000000000000000000000000000000000000000000000000000000000000000000000000000000000000000000000000000000000000000000000000000000000000000000000000000000000000000000000000000000000000000000000000000000000000000000000000000000000000000000000000000000000000000000000000000000000000000000000000000000000000000000000000000000000000000000000000000000000000000000000000000000000000000000000000000000000000000000000000000000000000000000000000000000000000000000000000000000000000000000000000000000000000000000000000000000000000000000000000000000000000000000000000000000000000000000000000000000000000000000000000000000000000000000000000000000000000000000000000000000000000000000000000000000000000000000000000000000000000000000000000000000000000000000000000000000000000000000000000000000000000000000000000000000000000000000000000000000000000000000000000000000000000000000000000000000000000000000000000000000000000000000000000000000000000000000000000000000000000000000000000000000000000000000000000000000000000000000000000000000000000000000000000000000000000000000000000000000000000000000000000000000000000000000000000000000000000000000000000000000000000000000000000000000000000000000000000000000000000000000000000000000000000000000000000000000000000000000000000000000000000000000000000000000000000000000000000000000000000000000000000000000000000000000000000000000000000000000000000000000000000000000000fffd9, 'Delivered', 'ORD1000000001');
INSERT INTO `delivered_product` (`delivered_product_id`, `order_receiver_signature`, `order_receiver_signature_status`, `order_details_id`) VALUES
(2, 0xffd8ffe000104a46494600010100000100010000ffdb004300100b0c0e0c0a100e0d0e1211101318281a181616183123251d283a333d3c3933383740485c4e404457453738506d51575f626768673e4d71797064785c656763ffdb0043011112121815182f1a1a2f634238426363636363636363636363636363636363636363636363636363636363636363636363636363636363636363636363636363ffc00011080384043803012200021101031101ffc4001c0001000301010101010000000000000000000506070403020108ffc40050100100010302030505040607060208070100010203040511062131124161718107132251911442a1b115233252c1d1244353627282f03392a2b2c2d236e116253445557483934463647394a3b3f1ffc40014010100000000000000000000000000000000ffc40014110100000000000000000000000000000000ffda000c03010002110311003f00d00000000000000000000000000000000000000000000000000000000000000000000000000000000000000000000000000000000000000000000000000000000000000000000000000000000000000000000000000000000000000000000000000000000000000000000000000000000000000000000000000000000000000000000000000000000000000000000000000000000000000000000000000000000000000000000000000000000000000000000000000000000000000000000000000000000000000000000000000000000000000000000000000000000000000000000000000000000000000000000000000000000000000000000000000000000000000000000000000000000000000000000000000000000000000000000000000000000000000000000000000000000000000000000000000000000000000000000000000000000000000000000000000000000000000000000000000000000000000000000000000000000000000000000000000000000000000000000000000000000000000000000000000000000000000000000000000000000000000000000000000000000000000000000000000000000000000000000000000000000000000000000000000000000000000000000000000000000000000000000000000000000000000000000000000000000000000000000001e39595630f1ebc8cabb45ab5446f5575ced1085e22e2cc1d0e99b5bc64667758a27a7f8a7bbf3661aceb99fade47bdcdbbbc47ec5ba795147947f1ea0bae57b49c7b799d8c6c1aef63c4ed372aafb33578c46df9fe0b9e1e55acec3b39562666d5ea22ba667aed2c8b87b85b3f5dae2bb74fb9c589f8afd71cbfcb1df3feb786b981876b0306c6259dfddd9a228a77eb3b7783a0000000000000000000000000000000000000000000000000000000000000000000000000000000000000000000000000000000000000000000000000000000000000000000000000000000000000000000000000000000000000000000000000111af71160e8363b5935f6efd51bdbb144fc557f28f19f977824efdfb58d66abd7ee516ad511bd55d73b447ab3ce24e3eb97fb78ba34d56adf38ab26636aaaff000c7ddf3ebe4aeebdc459daedfed64d7d8b14cef6ec513f0d3fce7c67f07e683c3d9daedfece351d9b34ced5dfae3e1a7f9cf840236ddbbd957e28b74577af5c9e54d31355554ff0015ff0086f8069b734656b5b57575a71a99de23fc53dfe51cbcfa2cba070de0e8367fa3d1ef322a8dabbf5c7c55797ca3c3f34c03e68a29b74534514c534531b534d31b4447ca1f4000000000000000000000000000000000000000000000000000000000000000000000000000000000000000000000000000000000000000000000000000000000000000000000000000000000000000000000000000000000000000000000003f2aaa29a66aaa622988de667a42335bd7f0343b3dbccbbfac98de8b3473aeaf28f978cf2663c43c599fae4d56aa9fb3e27758a2794ff8a7bff2e5d0169e24e3db78f35e2e8d34ddbb1bc559131bd14ff87f7bcfa79b3cbf7aee4deaaf5fb95ddbb5cef5575cef333e6e9d2b49cdd5f2a31f06ccdcabef55d29a23e733dcd3b86f83b0f458a2fdedb27376e772a8f8689feec7f1ebe5d015ae1ae03bd9334e56b34d566cef134e3f4aebff0017eec7875f268b8f8f6716c51631edd36ad511b534511b443d400000000000000000000000000000000000000000000000000000000000000000000000000000000000000000000000000000000000000000000000000000000000000000000000000000000000000000000000000000000000000000000000158d7f8db4fd2bb5671a63332a3976689f8299f1abf847e00b1dfbf6b1acd57afdca2d5aa237aabae7688f550f883da0fed58d129f09c9b94ffcb4cfe73f454358d7750d6af7bccdbd355313bd36a9e5451e51fc679bd744e1cd475cb9fd16d766cc4ed55fb9ca88f5ef9f08046dfbd7b2afd576fdcaeeddae7e2aab999999f35b787b80f2b3bb37f54ede263f58b7b7eb2aff00b7d79f877ae1c3fc25a7e8914dd8a7ed1971fd7dc8e9fe18eefcfc53e0e6c1c1c5d3b1a9c7c2b1459b54fdda63acfce67be7c65d200000000000000000000000000000000000000000000000000000000000000000000000000000000000000000000000000000000000000000000000000000000000000000000000000000000000000000000000000000000000000000000038f52d530b4ac7f7d9d91459a3bb79e75794759f40762275ae23d3744a3fa5dedeecc6f166dfc55cfa777aeca4ebbed032b2e2ab1a55138b6a797bdab9dc9f2eea7f19f1853bf5b937fefddbd72af1aaaaa67f3905835ee32d4758ed5aa2afb2e2cf2f756e79d51fdeabbfcb9421307032b51c88c7c3b15debb3f7698e9e333dd1e32b6683ecff00272bb37f56aa716ccf38b54ffb4abcfba9fcfc21a169fa761e998f163071e8b36fbe298e73e333d667cc151d03d9fd8c7ecdfd62b8bf7239c58a27e08f39eb3f979aed6edd16add36edd14d14531b534d31b4447ca21f4000000000000000000000000000000000000000000000000000000000000000000000000000000000000000000000000000000000000000000000000000000000000000000000000000000000000000000000000000000000000000000000f2c8c8b38b66abd91768b36a9eb5d7545311eb20f57865e5e3e0d8aafe5dea2cdaa7ad55d5b47ff00f54dd6bda258b5bdad22cfbfabfb6bb131447953d67d76f550b50d4b3754bfefb3b22bbf5f776a7953e51d23d0176d77da1fed59d16d787da2ec7e34d3f4e73f45172f2f2336fd57f2ef577aed5d6aaeade525a270cea7add5156359ec58efbf77e1a3d3e7d3bb7689a170669ba44d376e53f6bcaa79c5dbb4f2a67fbb4f48fc64146d0b83352d5fb376ba7ec98b3cfdedc8e7547f769eff003e51e2d1b44e1cd3744a3fa2d9ed5e98daabd739d73ebdde9b25c000000000000000000000000000000000000000000000000000000000000000000000000000000000000000000000000000000000000000000000000000000000000000000000000000000000000000000000000000000000000000000001e591916716cd57b26ed166d53d6baea8a623d641eaf2c8c8b38b66abd93768b36a9eb5d7545311eb2a5eb5ed12c5aded69167dfd7fdb5d898a3d23acfaedeaa1ea3aa676ab7bdee764d77aa8e9da9e54f944728f405f35af6898f677b5a459f7f5ff006d76269a23ca3acf7fcbd544d4b55ced56f7bdcfc9aef551d22676a69f288e51d3b9efa3f0fea5ad5711858f336f7daabd5fc3453ebdfe51bcafda2700e060f66eea157db6fc6d3d998dadd33cbbbef77f5e53f2050747e1fd4b5aaf6c2c799b7bed55eafe1a29f5efebd2379681a1f0169f81d9bb9f319b7e39ed546d6e9ff2f7fafd16ba28a6dd14d16e98a28a62229a698da223e50fa07e44453111111111ca223b9fa0000000000000000000000000000000000000000000000000000000000000000000000000000000000000000000000000000000000000000000000000000000000000000000000000000000000000000000000000000000000000000003e6bae9b74555dcaa28a298deaaaa9da223e720fa79debd6b1ed5576fdda2d5ba79d55d7545311e732a96b9c7f8585dab3a6531997a3976e795ba67cfad5e9cbc59feabacea1ac5ef799d9355cda7e1a3a534f947405eb5bf6878d8fdab5a4dafb4dcfedae44c511e51d67bfe5eaa16a5aae76ab7bdee764d77aa8e913ca9a7ca23943df47d0352d6abdb0b1e66defb5576bf868a7d7f846f2bfe89c03a7e0f66eea13f6dbf1cfb331b5ba67cbbfd79780283a3f0f6a5ad57fd0f1e7dd6fb4deafe1a23d7bfca3795fb44e01d3f07b3773e7edb7e39f66a8dadc4f977faf2f05b28a69a28a68a298a69a6368888da221f40f9a28a6dd14d145314d34c6d14c46d111f27d0000000000000000000000000000000000000000000000000000000000000000000000000000000000000000000000000000000000000000000000000000000000000000000e6cccfc3c0a22acccab36227a7bcae29dfcb7ea0e9152d43da0e918d1318b4decbaf6e5d9a7b14efe333cff0956750f685ab64ef4e251670e8df94d31dbabeb3cbf006a172e516add572ed74d14531bcd554ed111e682d438cf43c1ed47dafed15c7dcc78edefebfb3f8b27cccfcbcfae2bccc9bd7ea8e9372b9ab6f2dfa3f313072f3ab9a3131af5faa3ac5ba26adbcf605df3bda5553daa7034f88e7f0d77ebdf78f1a63f9a1b238f35fbd73b56f22d588fdcb76a998ff008b797de1f00eb993133768b38b1cbfdadcde67fdddff001d9398becd2cd3544e5ea572ba76e74dab714cefe7333f902a17b8975bbd5cd55ea995133fb972688fa46cf2fd3dac7ff15cefff00915ff36876fd9de8b44ef55ccbb9e155ca7f8530e9a781787e98da712babc66f57fcc19a46bfac47fef5cdff00f9157f37a51c4badd13bc6a995eb7267f368f5702e813d316b8f2bd57f378d7ecff43aba46453e577f9c028d6f8cb882dc6d4ea354ff008add157e70f7b3c77afdaae2aaf26dde88fbb5d9a6227e9112b6cfb39d1e6795fcd8f2b94ffdae4c8f6698d555fd1b52bd6e9f95cb715cfe1300e3c2f695914d5b67e05aae267f6ac5534ed1e53beff585b747e28d2b58da8c6c8ec5e9fea6efc35fa774f4ee9950b51e00d63129aabc7f7597444cf2b756d5edf3da7f2899562edab962ed56ef5baeddca276aa9ae262627c601be8cb387f8ef374f9a6c6a3daccc68e5da99fd651e53f7bca7ead1f4dd4f0f55c68c8c1bf4dda3bf6eb4cfca63ac03b0000000000000000000000001f881d778bb4cd1bb56eab9f68ca8e5ee6d4ef313fde9e91f9f833ad738af53d6bb56ee5df738d3fd45ae5131e33d67d797802f7ae71ce9ba676ad62cc66e44775b9f829f3abf96fe8cf359e21d4b5aaffa65f9f75bef4d9a3e1a23d3bfce77972e9fa6e66a791163071ebbd5f7f663953e333d23d57ed0fd9ed8b3d9bdabdcf7f5f5f736e66288f39eb3f87a828da568ba86b17bdde0e3d5722276aab9e5453e73d3f8affa1fb3fc2c3ecded4ebfb65e8e7eee395ba67f3abd79782dd62cdac7b34dab16e8b56e98da9a28a62223ca21e80f9b74516add36edd34d14531b534d31b4447ca21f4000000000000000000000000000000000000000000000000000000000000000000000000000000000000000000000000000000000000000000000000000000000000000000aeeb7c67a5e93355aa6bfb564d3bc7bab53bc44ff007aae91f8cf8289ab71aeb1a94cd36ef7d8ecefca8b13b4fad5d7e9b478034dd475bd334bff00dbb36d5aab97c1bf6abe7dfd98de76f455351f69162889a74ec2aee55b7eddf9ecc44f946fbc7ac33be754f7cccfe29dd3783b5bd426269c49c7b73f7f23e088f4ebf803f750e33d733e66273271e899dfb18f1d8dbd7f6bf141575d572b9aebaa6aaaa9de6aaa7799689a7fb37c7a222ad4736e5dab68de8b31d9889f39de663e8b3e9fc3fa4e9b3138981668ae99de2b98ed551e554ef20c974fe1dd5f52da71702f5544c6f15d51d8a663c26768959f4ff66d9154c55a8675bb71cbe0b34cd5331e73b6df4968c02bfa7f05e8783b4fd93ed15c7dec89edefe9fb3f8276ddba2d5ba6ddaa29a28a636a69a636888f27d800000003c6e6563d9ae28bb7ed515d5d29aab88995638f388af6918b6b130ab9a327222666e475a288f978cff0965b5d755caeaaebaa6aaaa9de6a99de6641bf44c4c6f13bc4bf593706f12e4697a859c4bd76aaf06ed5d89a26778b733d2a8f973ebead64046eb1a169fad59ec66d88aaa88da9bb4f2ae8f29fe1d1240324e21e0ccfd1fb57ec44e5e2473edd11f1511fde8fe31cbc907a7ea197a664c64615faecdd8e5bd3df1f298e931e6ddd52e23e07c4d4fb79181d9c5cb9e73111fabae7c63ba7c63e80f9e1be39c6d4a68c6d4629c5ca9e515efb5bae7f84f84fd7b96f60f9f8395a765558d9966ab3769eb4d5dfe313df1e2b6f07719578755bd3f54b935637ecdbbd54f3b5f289f9d3f979740d2c7e758de1fa00000000000000e5cfd43134dc79c8cdbf459b51df54f59f9447599f085035ef6837f222ab1a45138f6e794dfaf9d73e51d29eff009cf902ebacebfa76896fb59b7e22e4c6f4d9a39d757947a759da19d6bbc6fa8ea9dab38d33878d3cbb36eaf8ea8f1abf846dd7bd5baebbb917a6bb955776edcab79aaa999aaa99fce56cd07807373bb37b5299c3b13cfb1b7eb6a8f2fbbdfd79f802ab8f8f7f2efd3671ad577aed5d28a299999f45e342f6795d534ded6ae7663afd9ed55bcff9aafe5f55d34ad1f0348b1eeb071e9b7bfed55d6aabce7acbbc1cf87858d818f4d8c4b1459b54f4a688dbd67e73e2e80000000000000000000000000000000000000000000000000000000000000000000000000000000000000000000000000000000000000000000000000000000000000000007964e4d9c4b15dfc9bb45ab5446f5575ced10a0710fb40aee76f1f4589a29e93935c739ff0c4f4f39e7cfa402ddadf1169da1dbdf2eeef76637a6cd1cebabd3ba3c659bebdc65a96b1dab5455f64c59e5eeadcf3aa3fbd5759f2e51e081aebbd937e6aaeaaef5eb95739999aaaaa67f395bb40e00caccecdfd56aab12ccf38b51fed2aff00b7d79f802a78b8b91997e9b18b66e5ebb574a28a666574d1fd9d5ebb117357c8f734ff006366626af5aba47a6ebd69ba5e169563dce0e3d16689ebb75abce7acfabb011da6687a66931fd070eddbabfb4dbb55cff9a79fa2440000000000000000197fb4effc438fff00ca53ff003d6a7ae1ed3bff001063ff00f2b4ff00cf5a9e044ed3bc3fa01fcfedf2c57dbb16ebfdea627f007a0000008bd7b43c4d770a6c64d3d9ae9de6d5d88f8adcff002f9c77fd258f6aba6e4e939f730f2e8ecdca27ac74aa3ba63c25baab5c6bc3f1ace9937ac51139b8f1355bda39d74f7d3fcbc7ce4117ecf388a722d7e88cbaf7bb6a9df1eaaa7f6a98fbbe9dde1e4bcb04c5c8bb87956b22c57345db554554d51dd30dab42d5ad6b5a559ccb5b44d51b5ca3f72b8eb1febba601220000000ad6bdc6ba6e93dab566afb665472f776e7e1a67fbd57f08de7c8162b9728b56eab976ba68a298deaaaa9da223e732a5ebded071f1fb56348a2322ef49bd5c6d453e51d6aeff009479a97ad710ea3addcdf32f6d6a277a6cdbe5453e9df3e33bbc749d1b3f58bfeeb06c5573698ed573ca9a3ce7fd483c73f50cbd4b227233722bbd76796f54f48f9447488f084ae83c27a96b534dca28f718b3d6fdc8e531fdd8fbdf978aeba0f0260e9f14ded43b39b91d7b3547eae99f08eff39fa42d8085d0b85f4dd1298aecdbf7b93b73bf739d5e9f2f4fc53600000000000000000000000000000000000000000000000000000000000000000000000000000000000000000000000000000000000000000000000000000000000000000039f37371b4fc6ab2332f5166d51d6aaa7f08f9cf803a15be21e31c0d1bb566d4c6566472f7544f2a27fbd3dde5d7c953e23e3bcacfed63699dbc5c6e93737dae57ebf763cb9f8f72a98d8d7f33228b18d6abbb76b9da9a288de641d9ac6b79fad5ff007b9b7a6a889f82dd3ca8a3ca3f8f574e83c31a86b95c5562dfbac7dfe2bf7236a7d3e73e5f82dbc3bc016ac763275998bb7794c63d33f053fe29eff2e9e6bbd14536e8a68a298a68a636a6988da223e4086d0785f4ed0e98aacdbf7b93b73bf7237abd3f763cbf14d80000000000000000000000332f69f4cc6b5895f74e3edf4aa7f9a98befb53a222ee9b73ef554dca67d3b3fcd4201bc69f3be9f8d33df6a9fca183b7ac4b736b12cdb9eb4514d33e900f6000000001977b40d07f47ea1fa471e9db1b2aa9ed447dcb9d67ebd7eae5e07d7bf43eab166fd7b6264cc535ef3ca8abbaafe13e1e4d3f55d3eceaba6dfc2bffb1769db7efa67ba7d27696259b89770732f62e453d9bb66b9a2a8f18fe00de457781f579d5741a29bb56f918dfaab9bcf3988fd9abd63f189766b3c47a668b4cc65e444dddb78b36fe2ae7d3bbd7604b2135ce29d33458aa8bd77dee4474b16b9d5ebdd1ebf8a87adf1d6a5a8f6ad624fd8ac4f75b9f8e7ceaeef4dbd559b56aee45da6d59b75ddb95ced4d3444ccccf84027b5de31d4f58ed5a8afecb8b3cbdd5a9fda8e7fb55759ebe11e085c4c3c9cec8a6c6259aef5daba53446f3e7e11e2b7e87ecf72723b37b56b938d6e79fb9a2626b9f39e91ddf3f45fb4ed330b4ab1ee7071e8b3477f6639d5e73d67d414cd07d9e531d9bfad5ced4f5fb3daab97f9aafaf28faaf58f8f6712c53631ad516ad51fb34514ed11e8f500000000000000000000000000000000000000000000000000000000079646459c5b15dfc8b94dbb5446f55754ed1100f553f5be3fc3c0c89b1836a336ba676aeb8afb3447844ed3bfe4aef15f1a5ed52aaf0f4eaaab385fb3555d2abbf3dfe54f87d7e515dd2f4ccbd5b329c5c2b5372e4f399e914c7ce67ba01b070f6b7675ed3632ecd136e62a9a2bb733bf66af3efeb03e386743a341d2e3162e7bcb9555dbb95edb44d5b474f0e4025c000000000000000000000000000000000000000000000000000000000000000000000000000155e2ee2eb7a3513898734ddcfaa39f7d3663e73e3f28f59eedc24388b8970b40b31ef67dee4d71bd16299e73e33f28f1653aceb59dade4fbecdbbda88dfb16e9e54511e11fea5c9917ef65e4577efdcaaeddb93bd55553bcccaf1c2dc0935f63375aa2628db7a316794cf8d7f2f2fafc815fe1de15ced76b8ae98f71891d6fd71ca7c298ef9fc1a8e8da1e06898feeb0acc4553fb776ae75d7e73fc3a2428a28b745345ba628a29888a69a6368888ee887d000000000000000000000000000028ded471a6ad3f072b78dadddaadedf3ed46fff0043386b5ed0b1a9bfc2b7ae4ccef62e51729dbbe77ecfe554b250239cbfa018668b6a9bfad6059b91bd17322dd354784d510dcc00000000446b3c49a668b4cc65e444de8e966dfc55cfa777aec097661ed2f1ac5bd6ace45aaedfbcbd6f6bb4533f144d3d2a98f189888ff0bc75ae3cd4b3fb56f0bfa0d89efa277b93fe6eef4faaab55535d535553355533bccccf39075e06ad9da6dbbf460e4d7622fc445c9a394cedd39f58eb3d1cd4d372fde8a69a6bb976b9e51113355533f9bdb4db16f2b52c5c7bd5cd16eedea28aea8eb11331132d9748d074ed1adc53858d4d35edb5576ae75d5e73fc2390285a27b3fcdccecded4abfb1d99e7d88e77263f2a7d79f82fda4e89a7e8d6bb1838f4d154c6d55c9e75d5e73fc3a244000000000000000000000000000000000000000000000000000000000001c1ac6b187a2e24e466dcecc7dda239d55cfca201eba8ea18ba661d79599762ddaa7be7accfca23be593713f13e4ebf91d9e76b0e89fd5d9dfaff7aaf9cfe5f599e7e20d7b2f5ecdf7d913d8b54f2b56699f8688fe33f39ffca1dbc2bc2b91aede8bb77b5670689f8ae6dcebf0a7f9f7039b877873335fc8dacc7bbc7a276b97ea8e54f847ce7c1ace93a461e8d8918d856bb14fdeaa79d55cfce67bdd18989630716de362daa6d59b71b53453ddfebe6f600000000000000000000000000000000000000000000000000000000000000000000000000000152e32e2da749b7560e0d51567551f1551ce2cc4ff00d5f28f5f30fce31e2ea74aa2ac1c0aa2acdaa3e2abac598fe7e0cc622f65646d1dbbd7eed5e35555d533f5999929a6f65644534c577af5dab9446f5555d533f8cb53e0fe13b7a2da8cbcc8a6bd42b8f38b313dd1e3f39f48f10f2e12e0db7a5d3466ea34d3733bad3475a6cff3abc7e9f35b800000000000000000000000000000001c7abe2ce6e91998b4d315577acd745313d3b5313b7e3b30b7f4030ed7b13ec1ae6763451d8a6ddeabb14fca999de9fc2601d7c1b629c9e2ad3e8aba45c9afd6989aa3f26ccc9fd9d58f7dc51457fd859aebff00a7fea6b000fc9988899998888eb32adeafc6fa469d15516aefdb2f474a2c4ef4efb72deae9f4dfc8165436b3c51a5e8dbd1917fde5f8fea6d7c55faf7475efd99deb1c6bab6a7daa2dddfb1d89feaecced331e35759f4da3c15fb56ae5fbb4dab36eab972b9da9a688de667c20166d678ef53d43b56f127ec3627badcef5cf9d5dde9b7aab345172fdd8a2dd355cb95ced14d31bcd533f9adfa2fb3ecdcbecddd4ebfb2599e7eee36aae551cbd29f5e7e0be693a169da35bece1635345731b5576ae75d5e73e9d3a0285a27b3fcecc9a6eea557d8ecced3d88da6e551f953ebcfc16ebfc2fa76270fe76260e253ef6e58aa22b9f8abaaadb78e7e711cba2c20300899a662627698e70de30726333071f2a98da9bd6e9b911f2de37fe2c4755c68c2d572f169de69b37aba2267be226621a970165c6570b63d3da9aaab15556aadfc2778fc2601630000000000000000000000000000000000000000000000000000000001c3aa6af83a458f7b9d914da89fd9a7ad55794759679aff1e6667f6ac69d1561e3cf2edeff00acaa3cfeefa7d416de24e30c2d162bb16a6327376e56e99f8689fef4f77975f2eacbb54d4f2f56ccab2b36ecdcb93ca23ba98f9447743c2c58bd957e9b38f6abbb76b9f868a23799687c33c076f1e69cad6629bb76369a71e277a69ff17ef7974f30427097075dd56ba33350a6ab5831ce29e955ef2f953e3f4f9c6a366d5bb16a9b5668a6ddba236a69a636888f087d748da1fa000000000000000000000000000000000000000000000000000000000000000000000000000002a7c63c5b46916eac2c1aa9af3ea8e73d62cc7ce7c7e51eb3e20e32e2da348b7561615515e7d71ce7ac5989ef9f1f947acf76f97d34decac88a698aef5ebb5728e75555d533f8cc94c5ecbc98888aef5fbb578d555754cfe332d4f83f84ede8b6a32f2e29af3eb8f38b313dd1e3f39f48f10707f09dbd16d46565c535e7d71e716a27ba3c7e73e91e3690000000000000000000000000000000001e393958f896a6ee4dfb766dc7deb954531f5907b31fe3cffc5f9dff00d3ff00fce95cb53f683a5e2ef4e1d17336b8efa7e0a3eb3cff000675acea77358d52f675ea28b75dddb7a68df68da2223af84025781f53c6d275baf2332f45ab3362aa26a9899ef89e91cfb961d53da45ba77a34bc49ae7fb4bfca3fdd8e73f58679d7a27b4ce0fd6b52daaa71671ed4ff005991f047d3acfd01c5aa6bda9ead3b66e65cb947f671f0d1feec72f5736160e567def73878f72fdcfdda29df68f9cfca3c5a3e97ecf34ec6dabd42edcccaff00763e0a3e91ce7ebe8b5e362e3e1d98b38b62dd9b71ce28b74c531f48067da47b3ac8bbd9b9ab64458a7fb2b331557eb5748eee9baf1a5e8da7e916fb1838b45a998daaafad5579d53cdde000000031ee3aa629e2ecf8a622237a279477cd14eeb7fb31ab7d0b269f964ccfd69a7f9299c677a2ff0015ea15d3d22b8a3d69a629fe0bb7b33a269e1cbd331caacaaa63fdda63f802de00000000000000000000000000000000000000000000000000039f33371b031e6fe65fa2cda8fbd5cede91f39f051f5bf689fb56746b3e1f68bb1ff2d3fcfe80bb67ea387a6d89bf9b91458b7dd354f39f28eb33e4a26b7ed12edced59d1ed7baa7a7bfbb11357a53d23d77f2852f3737273f226fe65faef5d9fbd5cefe91f28f04ce87c1da9eb1d9bb347d971a79fbdbb1b6f1fdd8eb3f847882132322fe5deaaf64ddaef5dabad75d53332b1e85c0fa8ea734ddca89c2c69e7dab91f1d51e14ff3dbd57bd0f84f4cd1a29b96ed7bfc98febeec6f313e11d23f3f14e823747d0b4fd12cf630ac445531b5576ae75d7e73fc2392480000000000000000000000000000000000000000000000000000000000000000000000000000005438cb8ba9d2a8ab0702a8ab36a8f8aaeb1663fee07ef1971753a551560e0551567551f155d62cc7fdde1fea732a69bf999314d315debf76af1aaaaea9fce4a28bd9793145115debf76ae51d6aaaa9fce5aa708f0a5bd12cc64e4c53733eb8e73d62d47ca3c7e73fea43f384384ede8b6a32b2e29b99f5c75eb16a3e51e3f39f4f3b4000000000000000000003e2edca2cdaaeeddae28a2889aaaaaa9da2223aca9599ed2716d6455462605cbf6a276f7955cec6fe51b4a678e22e4f09e77badf7da999dbaf67b71bfe0c781b068fc63a4eab5516a9bd38f915728b57b96f3f289e93f9f82c0fe7f4b62713eb5876e8b76351bd14511b534d5b57111f2e7bf206d431fff00d37e22ff00e21fff004dbffb5f7ffa75c41d8dbed746ff00bdee68dff206baf3bf7ece35b9b99176ddaa23ad55d514c7d658be57126b59754cddd4f279c6d31457d889f4a76846555555d535553354cf599906cd95c57a1624c45dd4ec55bff653373fe5dd0799ed234fb51318787917ea89dbe398b74cc7cf7e73f83344960e81ab6a1d89c5d3efd74d71bd35cd3d9a27fcd3b47e2096d438f759cbde9b155ac4a39ffb2a77ab6f199dff000d95cc9c9bf97766ee4dfb97ae4f5aee55354fd6571d3bd9c665decd7a8655bc7a66227b16e3b75794f488fc56cd3383f45d376aa8c58bf723facc8f8e7e9d3f0065fa6681aa6abb4e1e1dcae89feb263b347fbd3c8d7745c8d0b328c5caaedd772ab71737b73331b4ccc77c7836d66bed42c574eaf879131f05763b113e34d5333ff34022b813ff0017e0ff00f53fff003a9b031de07ae9b7c5d81354ed1335c7acd15447e32d880000000000070eb597f60d1b332a2a8a6ab566aaa999fdedbe1fc76062faae45397aae664d31b537afd77223c26a996afc0f67dcf09e0c4d3b4d515573e3bd5331f86cc79bb6998f561e99898d54ef559b345b99f18a623f803a800000000000000000000000000000000000000000000079dfbf671acd57b22ed16ad53fb55d7545311eb2a5eb7ed0f1ecf6ad6916bdfd7fdb5c898a23ca3acf7fcbd4172c9c9b18762abd937a8b36a9eb5d756d10a4eb7ed12d51dab3a3daf79574f7f7626298f2a7acfaede52a36a3aa66ea97fdf6764d77aaeeed4f2a7ca3a47a3b345e1ad4f5a98ab16c766cf7dfb9f0d1f5eff4dc1c59fa8e66a79137f3722bbf73ba6a9e51e111d223c2123a270aea9acf66bb367dd63cff005f77953b7877cfa2fba2703e99a6766e64d3f6dc88fbd769f823ca9fe7bfa2ce0aee87c19a6691d9b95d1f6bc98e7ef6ec7289feed3d23f19f158c0000000000000000000000000000000000000000000000000000000000000000000000000000000005638c78a29d131fecf8b34d59f763e1df9c5a8fde9f1f947fa90f2e33e2ca748b756160d51567d71cea8e716627be7c7e51ebf2df2fa69bd959114d315debd76ae511bd555554cfe324cdecac8de7b77af5dafc6aaabaa67eb3332d4b83b84e8d1ad466665315ea15c74eb16627ba3c7e73e91e21f7c21c296f44b31939514d79f5c739eb16a3e51e3f39ff0053670000000000000000000000072ea5938f87a7646465ed362ddb99ae26227b51f2da7aefd36f16197eba2e5fb95dbb716a8aaa99a6dc4ccc531bf28de79cecbd7b4ad6bb55dbd1ec55ca9dae5fdbe7f769fe3f457f83f45fd35addbb7769df1acfeb2f78c474a7d67f0dc1053131d6361bf7629f87e18f87f679747d0303b162ee45d8b562d5776e55d28a299aa67d2165d2780f55cfecd79514e0d99e7bdc8deb9ff2ff003d9ab80a5637b37d3e8a7fa4e6e4ddabe76fb3447d2627f34b63f066818f34d5181172aa7bee57555bf9c4cedf827c072e369d838754d58b878f62a9eb36ad534ccfd21d400000295ed3f162e6938995cfb566f4d1e95473fc698faaea87e2dc4fb670c6a16b7da69b5372397eefc5fc360651c3d5fbbe21d36adf688c9b7bccfcbb51bb6f6036ae556aed17289daaa2a8aa27c61bddbb94ddb74dcb7576a8ae22aa663be241f6000000000a7fb4acff00b3e896b0e99daacab9ce36eb4d3ce7f1ecae0c8f8f751fb7f12dea29989b78b11669dbe71ceaf5de663d011fc3383fa47887071a622aa26ec555c55d269a7e298fa44b6c67becc34edebcbd4ab8e511ee2df9f29abfe9facb420000000000000000000000000000000000000000079dfbf671acd57b22ed16ad53fb55d7545311eb2a66b5ed0f1ac6f6b49b5f69b9fdadc89a688f28eb3dff2f505cefdfb58f6aabb7eed16add3fb55d7545311e732a66b5ed0f1ac76ad6936bed373fb5b9134d11e51d67f0f550f53d5f3f56bdef33f26bbb31fb34cf2a69f288e50f6d1f40d4b5ab9b6163ccdbdf6aaed5f0d14fafaf48de41e3a9ead9dab5ef7b9d935de98fd9899da9a7ca3a43df47e1ed4b5aae3ec78f3eeb7da6f57f0d11ebdfe51bcafba2700e060f66eea157db6fc73eccc6d6e99f2eff5e5e0b6d14536e8a68a298a69a6368a6236888f902aba2701e9d81d9bb9bfd36fc73dab8dadc7f97bfd7e8b5d3114d314d3111111b444773f4000000000000000000000000000000000000000000000000000000000000000000000000000000000001c9aa6a38fa5605dcccaabb36edc748eb54f74478c83838a3882d681a7fbd98a6bc9b9bd366dcf7cfce7c218f6564dfcdc9b9939372abb7ae4f6aaaaaeb32e9d6755c8d6751b999933f155ca9a77e5453dd4c2dfc05c2f35d546b19f6fe08e78d6eaef9fdf9f0f97d7e5b848f03f0afe8eb74ea59f6f6ccae3f576ea8e76a27e7fde9fc3eab90000000000000000000000008fd7754b7a36937f36e6d33446d45333fb754f48ff005ddba419b7b4cd4e6ee7e3e9b455f058a7de5c889fbf3d227ca3fe6053322fddcac8b97efd735ddbb54d75d53df33d5ae706689fa1b45a62ed3b65646d72ef2e71f2a7d23f19951780f478d535c8bd769df1f1222e55bf49abeec7d79fa35a00000000000000001f3728a6edbaadd71bd3544d331f3897d00c0f22cd78f9172cdc8dabb754d1544f74c4ed2d9384f27ed7c31a7dddb6dad45bff0077e1fe0cc38bf1bec9c53a85b89dfb577de7fbd1157f15dfd9a64fbdd02ed89af7aac5f9da9fdda662263f1ed02e00000000039b50cba7034fc8cbae37a6cdbaab98df6df68df661776ed77aed776ed5355caea9aaaaa7be67acb51f68f9f18dc3f18d4cc76f2ae453b77f669f8a67eb14c7ab3ee1bc18d4b8830b16a88aa8aae4555c4f7d34fc531f48906b1c33a7fe8bd030f1a69dae451dbb9bc73ed55ce627cb7dbd12a000000000000000000000000000000000000e6cecec5d3ec4dfccc8b762dc77d73b6fe11f39f0852b59f68b453dab5a3d8edcf4f7f7a368f4a7f9fd0178c9c9b18962abd937a8b36a9eb5d754444299acfb44c7b5dab5a459f7f5ff006d76269a23ca9eb3dfd76f550f50d4f3754bfefb3b26e5fafbbb53ca9f28e91e8e9d1f87b53d66a8fb1e3cfbadf69bd5fc3447af7f946f20f0d4f56cfd5af7bdcfc9aef4c7ecc4ced4d3e511ca1eba4681a96b372230b1eaaadefb5576ae5453e73ebd239aff00a2f00e9f85d9bba855f6dbd1b4f66636b74cf977faf29f92db45145ba29a2dd34d14531b534d31b4447ca0151d13803030bb37751abed97a39f63a5ba679777deefebcbc16eb74516add36edd34d14531b534d31b4447ca21f400000000000000000000000000000000000000000000000000000000000000000000000000000000000000003e6bae9b74555dcaa28a29899aaaaa76888f9cb22e30e23af5dcfec59aa6306cccc5aa7a76a7f7e7cfbbe51ea9cf683c4bdbaaad1f0ae476299fe935d33d67f73d3bfe9f354f41d1efeb9a95bc4b1f0c4fc572e6dbc514f7c825383386a75bcd9bf934d5183627e3eef7957eec4fe7e1e6d669a69a298a6988a6988da222368887869f85634ec2b5898b4762d5aa7688ef9f19f197480000000000000000000000000c3f5fcdfd23ae66e576bb54dcbb57627fbb1ca9fc221b16b797f61d1737262bec556ecd5344ff7b6e5f8ecc362379da3a8357f6798318bc374df988ede55755c99db69da3e188fc267d56973e9f8b185a7e362c4ef166d536f7f9ed1b6ee80000000000000000000661ed37166d6b98f91147669bd62226afdeaa999dff09a5edecbf2668d4b371768daed98b9bfcbb33b7fd7f8257da7627bdd27172e22a9aac5e9a676e914d51ce67d698faa9bc1d97187c518172779a6bb9eea6227f7a3b31f8cc4fa036600000000197fb4bcdf7fae5ac4a6ade9c6b51bc7caaab9cfe1d97a7b31c3f7babe565cd3134d8b5d98dfbaaaa797e14d4ad6bd9dfa4b5bcccb8aa6aa6e5d9ec4cc6df0c72a7f088685ecd70fdc6837326aa36ab26f4cc55f3a69e51f8f6816f000000000000000000000000000000113abf12697a344d39793137a3fa9b7f157f4eef5d945d63da0ea197dab5a75ba70ed4f2edfed5c98e7dfd23d39c7cc1a1ea5abe06956bde67e55bb313d2999deaabca98e72a36b1ed16f5ced5bd231fdcd3fdb5e889abd29e91ebba917af5dc8bb55dbf72bbb72a9deaaebaa6667ce653da3706eadaaf66b9b5f65c79e7ef6fc4c6f1cba53d6794f97882173337273efcdfcbbf72fdd9fbd5d5bede11f28f048e8fc31aaeb3b558d8fd8b33fd75df868f4ef9e9ddbb43d1b82749d33b35ddb7f6cbf1f7ef46f4c4f853d3ebbcf8aca0aa68dc07a660766e666f9d7a39fc71b511fe5eff5dd69a69a68a629a6229a62368888da221f400000000000000000000000000000000000000000000000000000000000000000000000000000000000000000000acf1a712468983ee31aa8fb75f8f83ffcba7beafe5e3e495d7757b1a269b7332ff398e56e8df9d75774319d433afea59d772f2abed5dbb3bcfca3e511e100f3b162f6664d166cd155dbd76ada9a63ad532d8b86341b5a0e9b1663b35645cdaabd723ef55f28f08eeffcd0fc07c33fa3b1e352cdb7b65dea7f574d5d6d513f94cfe11cbe6b880000000000000000000000000002b1ed0b262c70b5db731cefdca2dc7873ed7fd2cdb87ec4646bfa7da9a7b54d591476a3e71da8dff05f3da7de8a746c4b3b73af23b713e54cc7fd4a9f0246fc5f83cb7dbde4ff00fd75036000000000000000000000119c47833a96819b894c4cd75db99a223acd51f1531f5886274ccd354554ccc4c4ef131dcdfd8af14e9dfa2f8872f1e9a629b735f6edc446d1d9ab9c44796fb7a035fd2b369d474cc6cca76daf5b8ae62277889db9c7a4ef0eb533d9a6a1eff48bd835cccd58b737a7fc1573fce2afac2e6000020b8cb53fd17c3b917299daede8f736fceaeff48de7d13ac938e35e8d6355f738f544e262ef4d1313bc57577d5e5cb68f2dfbc15cb56ebbd768b56a99aee5754534d31d6667a4373d2b068d374cc6c2a3698b36e299988dbb53df3eb3bcfab35f677a54676b9395729ded61d315f3efae7953fc67d21aa800000000000000000000000f3bd7ad63daaaedfb945ab74f3aabaea8888f39907a0a7eb1ed074fc4ed5bd3e8ab32ec72ed7ecdb8ebdfd67d3978a8dabf136abac76a9cac99a6ccff00536be1a3e9dfebb8346d638d749d33b545177ed77e3ee58989889f1aba47e33e0a36afc6fab6a533459b9f62b3dd4599daaf5abafd36f240e261e4e6de8b38962e5fb93f76dd3333e6b968feceb26f766e6ad7e31e8fecad4c555facf48eef982934515ddb94d14535575d53b45311bcccad3a3f016a79f14dccc98c1b33cfe38deb9ff2f77acc345d2f44d3b48a36c1c5a2dd531b4dc9e75cf9d53cfbba7448021347e15d27479a6bb18fef6fc738bd7be2aa3cbba3d22136000000000000000000000000000000000000000000000000000000000000000000000000000000000000000000000003cef5eb78f66bbd7ab8a2ddba66aaaa9e9111d65e8cdbda0f11fda6fd5a46257fa9b557ebea89fdbaa3eef947e7e4082e29d7ae6bda9cdd8ed538d6f7a6c5b9ee8f9cf8cff28ee4bf0170d7e90c88d4f36def8b66afd5d3574b95c7f08fc67d509c35a1ddd7b53a31e8de9b34fc57ae47dda7f9cf48ff00ca5b2e363dac4c7b78f8f445bb56e98a68a63ba201ea00000000000000000000000000000281ed527e0d323e73767fe441fb3eb7dbe2bb157ee515d5ff000cc7f14cfb53b94cddd32dc4fc74c5caa63c27b3b7e52e0f6654c4f115f998df6c5ab6f0f8a806a2000000000000000000000a17b4ed37b5671752a239d13ee6e794f3a7f1ed7d617d70eb7a7c6aba3e5614ed1376898a667a4551ce99fac4032de07d47f47712e3f6a76b791fa8af97ef74ff008a23f16c0c0662ab75cc4c4d35d33cfba625b670fea946b1a363e6455135d54ed7623eed71ca636eee7cfca601240aef18f1251a1e07bbb15d339d7a3f554f5ec47efcc7e5f39f29043f1ef14458b77348c1ab7bb5c6d917227f6227eec78cf7fca3cf9672faaebaae5755772a9aebaa666aaaa9de667e72b1f05f0e55ad6a117f2289fb0d8ab7ae7bababac51fcfc3ce0177e03d2e74de1eb75dca76bd953efaaf9c44fecc7d39facac800000000000000000023356d7b4dd1e9fe9b954d35edbc5aa7e2ae7d23f39e409372e7ea387a6d9f7d9b936ec51dd35cf39f28eb33e4cfb58f689977e6ab7a5d98c6b7dd76e6d5573e9d23f153f2726fe5de9bd937ae5ebb3d6bb954d53f5905fb58f68d453dab7a46376e7a7bebfca3d298e7f598f252352d5b3f55bbef33f2ae5e98e9133b534f944728f477e8fc29ab6af14d7671fdd589febaf7c34cf977cfa42f3a3f00e998334dccc99cebd1cfe38ecd11fe5eff5998f00675a668ba8ead5f670716e5d889da6be94c79d53c977d23d9cd8b534dcd5b27dfd51d6cd9de9a7d6aeb3e9b2f16edd16add36edd14d14531b534d31b4447ca21f40e7c2c1c5c0b11670f1edd8b71f768a76dfc67e73e2e80000000000000000000000000000000000000000000000000000000000000000000000000000000000000000000000000001e39795670b16ee4e457145ab54cd55553dd0081e35e20fd0ba67bbb1544666444d36ffb91df57f2f1f2964f62cddc9c8b766cd335ddbb54534d31d6665d7ae6ab7b59d52f66dede3b53b5146fbf6298e91febbf75d7d9d70ffbab7fa632a8dabae269c7a67ba9e9357af48f0dfe60b2f0d6876b42d2e8c7a7b355eabe2bd723ef55fca3a47fe69700000000000000000000000000000000659ed2afd37788eddba677f758f4d3547ca66667f29877fb2db14cdfd472263e2a29a2889f099999ff009615ae2bcafb67136a17796d1766dc6ddf14fc3fc17df66f8b36386e6f5511fd22f555c4f7cc46d4fe7120b6000000000000000000000000cafda06875e9fab559f6a89fb365d5da9988e54dcef89f3ebf5f923786f8972f87efd5eee3dee35c9dee59aa76899f9c4f74b60cbc5b19b8b731b2ad5376cdc8daaa2ae93febe6cd788f8132b03b591a5f6f2b1bacdbdb7b947a7de8f2e7e1de0b1ea1c7da659d329c8c2ed5fc8b9bc5366a8eccd13fdef0f2ebf8b34cfcdbfa8e65dcbcab935deb93bd53fc23c1cf3ca7697dd9b37722f536ac5baee5cae76a68a237999f08075e8ba5ddd6354b385667b33727e2af6dfb14c7596d3a7e0d8d3b0ad6262d1d8b56a9da23be7c67c6503c17c333a1e2d57f2b69cebf1b5511b4c5ba7f7627bfc7bba7cb79b3800000000000003e6aaa9a289aabaa29a698de6667688855f58e3cd2f4f9aade2ef9d7a3badced447f9bf96e0b520758e2ed27489aaddcbfefefd3ca6d59f8a627c67a47e7e0ce758e2dd5b57ed5172ffb8b13cbdd59f8627ce7acfacec88c6c6bf977a2ce2d9b97aecf4a2dd3354fd20163d638ef55d437b78d3183667bad4fc73e757f2d959f8eedcfbd5dcae7ce6a995d348f677977fb37355bd18d477dab7315573ebd23f15e34ad074dd1e888c2c5a28af6da6ed5f1573eb3f94720675a3f026aba86d5e54460d99efbb1bd73e54ff3d979d1f84348d27b35d163ed17e39fbdbff14c4f84748fa6fe29e00000000000000000000000000000000000000000000000000000000000000000000000000000000000000000000000000000000000675ed1f5df79769d1f1ebf82ded5e44c4f5abac53e9d7cf6f92e1c49ac51a1e91772e769bb3f059a67ef573d3d3bfd18bdcaee645faae5caaab976e55355533ce6aaa6412bc2fa257aeeaf6f1e778b147c77ab8eea63bbce7a7e3dcd9addba2d5ba6ddba69a28a2229a69a6368888e91084e11d0e343d1e8b77298fb55edabbf3cb94f753bfca3f3dfe698c8bf6f1b1aedfbb3b5bb544d754fca2237907a8c9f50e3cd67232e6bc5bb4e2d989f86dd3453572f19989dd73e0ce25ab5ec6b96f269a69cbb1b76bb3ca2ba67bf6fcc16500000000000000000000000000073e7e4c6169f939531bc58b555cdbe7b46fb3a159f68397f66e17bb6e37ed645ca6d44c4f4e7da9fc2998f5064d54cd554d554ef333bccb6fd070fec1a1e162cd1d8aadd9a7b71f2aa637abf19963ba1e1fe90d6b0f16699aa9b97698ae23f777deafc376e40000000000000000000000000000e2cad234dccaeaaf2b031af57546d35d76a99abebd5fb85a56069fbce161d9b1331b4d545111331e7d5d80000000000039350d4b0b4cb3ef73b26dd8a3bbb53ceaf28eb3e8a56b1ed1b9556b48c6f0f7d7bf853fce7d017bc8c8b18b666f64deb766dd3d6bb9545311eb2a7eb1ed0f0f1fb56f4bb539573fb4af7a688f4eb3f833ed4352cdd4ef7becec9b97ebeeed4f2a7ca3a47a3af48e1cd5359aa27131aaf7533cef57f0d11ebdfe9b83e356d7b52d62a99cdcaaeaa37de2d53f0d11e91f9cf378e9da5676ab77dde0e2dcbd31d6698f869f399e51ead0b47f67d818bd9b9a95c9cbbbd7b11f0db89fce7fd725bacd9b58f6a9b562dd16add3ca9a28a62988f288051b47f673453d9bbabe476e7afb9b33b47ad5d7e9b79ae783a7e1e9b63dce163dbb1477c511d7ce7accf9ba800000000000000000000000000000000000000000000000000000000000000000000000000000000000000000000000000000000000001f88acce26d170b95fd4ac6fbedb5b9f7931e714efb2adc53c718993a6ddc2d26ab95577be0aeecd1d988a3bf6df9ef3d3a749057f8cf5dfd35abcc59ab7c4c7de8b5b7def9d5ebf944247d9e683f6cce9d53229dec6355b5a89fbd73e7e9d7cf6f929a9db5c5dabe360d9c3c2bb6f16c5aa3b114dab71bcfce66677e733bcf2f98363726ab8d566695998d44476ef59ae8a77f9cd3310c62f6b5aa5f898bda965d74ccefd9aaf5531f4dde76752ceb13bd9cdc9b73f3a2ed51f94839568f677933638a2dda88898c8b55db9f0da3b5ff004aaee9d333274fd4b1b329a7b5362e535f677dbb5113ce37f106ee20344e2fd2f58aa9b545c9c7c99e96af72ed4ff767a4fe7e09f000000000000000000000000019bfb50cd8af3b0f0a9feaadcdcab69efaa7688dbc3b3f8b48625c499f1a9ebf9b974cc4d15dcda898e934d3f0d33eb111209bf66d85eff882bc9aa999a71ad4cc551d22aab946fe9dafa35253fd9ae07d9f43bb97553b559576769dfad34f28fc7b4b8000000000000000000000000000000000fc99888de79403f456b57e37d234e8aa8b577ed97a3a516277a77f1aba7d37f252757e37d5f5199a6cddfb159eea6c4ed57ad5d7e9b790346d5f88b4bd1e2632f269f7b1d2cd1f1573e9ddebb28fac7b43cdc99aade996a316df4f7956d55c9fe11f8f9a9d4515deb9145ba6aaee573b4534c6f332b4e8fc05a9e7f66e664c60d99e7f1c6f5cff0097bbd660158c8c8bd957aabd9176bbd76aeb5d754d533eb29bd1f83f57d57b35c59fb3589e7ef6ff00c3bc784759fcbc5a368fc29a4e9134d7671fdedfa79c5ebdf15513e1dd1e909b056347e06d2b4eecdcbf47db6f47debd1f0c7953d3ebbacd111111111b44773f40000000000000000000000000000000000000000000000000000000000000000000000000000000000000000000000000000000000000071ea9a9e26938756566dd8b76e9e511df54fca23be598711719e76af35d9c79ab170e7976299f8ab8fef4ff0008e5e60b9f1071b60695dab38bb66654729a68abe0a27c6afe11f2ee679abf116a7acd53f6bc9abdd4cf2b347c3447a77f9cef2e2c1c1cad47269c7c3b35debb574a698fc67e51e32bf689ecf2c5aa69bbac5d9bd5f5f716e66298f39eb3e9b7a8339167e34d4f16bcbfd17a5dab5670b16af8a2d5114c5cb9d267c76e9bf9bcf82b41fd35aac5cbd46f878db55777e954f753ebdfe100f4d3381356d4316de4cd5631eddc88aa98b954f6a627a4ed1129ec5f6698f4d51397a8ddb94edce9b56e289dfce667f25ec056b1f81340b36fb35e35cbf3fbd72ed513ff000cc47e0f59e0ae1e9ffddd1ffdeb9ff72c00319e2fd2ad691afdec6c7b736f1e69a6bb513333ca639f39f18942aefed471a69d4b072b78dae599b7b7cbb33bff00d6a403eaba2bb7544574d54ccc4551131b7298de27d62775cb8678eef6176717579aefe3f4a6f75ae8f3fde8fc7cfa25b40d2f0389f83b1ade644d57f1fb5662f47eddbda6662227be3b331cba2a1aff000b6a1a1d735dda3df62eff000dfa2397f9a3eecffa89906bf8b9563371e8c8c5bb45db55c6f4d744ef12f661fa46b59fa3647bdc1bd346f3f15b9e7457e71fea5a670e718616b514d8bbb6366edfecea9e55ff00867bfcbaf9f5059000000000000000000000437166a5fa2b87b2afd35766ed54fbbb5b4ed3daab96f1e311bcfa31bb36abbf7a8b36a99aee5caa29a698eb333ca2175f699a9fbdcec7d36dd5f0d8a7de5c889fbd3d227ca39ff99c1ecf74cfb76bf1915d3bdac3a7de4ef1bc76a79531f9cff941a6e9b87469fa763e1dbda69b36e28de236ed4c4739dbc679ba8000000000000000000000000000436adc53a4693daa7232a2e5ea778f7367e3af7f94f747acc0265cf999b8b81666f66645bb16ff007abaa237f08f9cf833ad5bda267e44cd1a6d9a312df75757c75cfd794796d3e6a8e4e564665e9bb957ee5eb93cbb772a9aa7eb20d0f56f68b8b67b56f4bc7ab22be9176eef4d1e711d67f052b56e21d5358998cccaaeab7bf2b54fc3447a475f39de5f5a4f0deabac4d356262d5eea7faeb9f0d1d76df79ebe9baeda4fb3bc3b114dcd52f55955f7dba37a288e5f3eb3f879033cc2c1cad42fc59c3c7b97ee7ca8a77dbc67e51e32b8e91ece6fddecdcd5b222cd3fd95998aaaf5aba47a6ed0717171f0ecc59c5b16ecdb8e94dba6298fc1ec08fd2f45d3b49a3b3838b45a99eb5f5aa7cea9e7e890000000000000000000000000000000000000000000000000000000000000000000000000000000000000000000000000000000000000000001cba8e7d8d3306ee66555d9b56a9de76eb3f288f1974f48de593f1b711fe99cefb3e3553f62c7aa7b3b4f2b9577d5fc23c3cc117afeb795aee7ce4e44f6688e56ad44f2b74fcbc67e73dff00487bf0df0de5ebf91316ff00558d44feb2f4c728f08f9cb9b41d1efeb9a9dbc3b13d989f8ae5c98de28a63acff00aef6cda7e0e3e9b856b13168ec5ab71b4477cf8cf883c748d230b46c58c7c2b514472ed573ceaae7e733de88e37d7ff43e99ee71ebdb3326269a369e7453df57f08f1f25832b26d61e2ddc9bf5c516ad5335d557ca218a6b9aaded6754bd9b7b78edced451befd8a63a47faefdc1cb8b8d77332ad6363d135ddbb54534531df32dab41d26d68ba55ac3b5b4cd3f15caff7eb9eb3febba2156f675a07b9b33ac64d1facb9134e3c4c7ecd3df57af4f2dfe6bd00000002a1ed2b0fdfe816f269a226ac7bd13357eed3546d3f8f6597370d7b07f49687998914f6aab96a7b11bedbd51ce9fc6218782ffecbf3b9e6e9f5553dd7e8a76ff2d53ff2aff5d34d744d15d31553546d3131bc4c31be0fcffd1fc4b877266628b957baaf69db78ab973f089da7d1b3028dc47c036aff006f2746ecdabbce671e676a6aff000cf77974f26797acdec5bf55abd6ebb57689daaa6a8da625be21b88786f0b5fb3fae8f77914c6d6efd31f153e13f38f0fc8154e15e3aaa8aa8c2d6ae4d5474a3267ac7857f3f3fafce342a2aa6ba29ae8aa2aa6a8de26277898623ace8d9ba2657b8cdb7d9df7ec574f3a6b8f9c4ff00a94a70c717e56875538f7bb59183bf3b7bfc547ce699fe1d3c81ae0e5d3b50c5d4f169c9c2bd4ddb5577c7589f94c774ba8000000000000079dfbd6f1f1ee5fbb5766ddaa66baaaf94446f2f454bda36a7f63d0e9c3a2adaee655d9ff24739fe11eb20cd752cdb9a8ea3919977f6af57356dbefb47747a4726a5c05a5fe8ee1eb776ba622f65cfbeaa76e7d99fd98dfcb9facb34d074d9d5b5ac5c2e7d9b95fc7313b6d4c73abf0896df4d314d314d31114c46d111d201fa00000000000000000000023755d7b4cd2299fb6e5d1457dd6e9f8ab9ff002c73f5e8a56aded1b22ef6ade958d1629e9ef6f7c557a53d23d77068591916316d4ddc9bd6ecdb8eb5dcaa2988f5954f55f685a762ef469f6ebccb9fbdfb1447acf39fa7ab39ced433351bdef73726e5fafba6bab7dbc223ba3c21efa5e87a96ad3fd0712e5ca7a4dc9f8688ff0034f2f4ea0ebd5b8b358d57b545ec99b566ae5eeac7c14edb7389ef98f39943d9b572fdda6d59b75dcb954ed4d145333333e110d0749f6716a89a6e6ab9537263faab1ca9ebdf54f398f288f35c34fd2f074cb5eef0716dd8a76da6698e7579cf59f5066da57006a99bd9af3268c2b53cfe3f8abe9fbb1fc662575d2b83747d336afecff69bd1fd65ff008be91d23e9bf8ac0000000000000000000000000000000000000000000000000000000000000000000000000000000000000000000000000000000000000000000000000fc99888de7940293ed0f886716c7e89c5af6bd7a9defd513ce9a27eef9cfe5e6ceac58bb937edd8b144d776e5514d34c759997aea59b7351d472332eefdabd726bda677da3ba3ca2397a345e00e1db7878546ab9346f957e9ded6ffd5d13df1e33f3f97a826785f41b7a0e99167e1af22e6d55eb911d67e51e11ddeb3de991c9aaea16b4bd36fe6dee7459a77db7fda9ee8f59da0149f693adfec68f62af95cc8da7fdda7f8ffbaab70ce8d56b9ac5ac5e71663e3bd5477511d7d67947aa3f332aee6e5ddcac8abb576ed735d53e32d5f82345fd11a2d35dda7b39595b5cb9bf5a63eed3e913f5990582ddba2d5ba6ddba628a2888a69a698da2223a443ec00000000627c4b83fa37883371a298a68a6e4d5444748a6af8a23e9310db19efb4fd3a62bc4d4e889da63dc5cf0eb34ff00d5f4805062769de1b8e87a846a9a36266f2deedb89af68da3b51caafc62587343f663a976ad656995cf3a27dfdbebd2768abf1ecfd6417d001cba869f8ba9e2558d99669bb6aaee9eb13f389ee965bc4fc2195a24d59167b5918333cae6df15bf9455fcfa7935c7cd54d35d334d51155331b4c4c6f1300c4348d633746ca8bf8576699e5dba279d35c7ca63fd4b55e1be27c3d7eccc51fa9caa237aec553cfce3e71febe4ad715702ffb4ced168fef578b1f8f63fedfa77428b62f5ec4c8a6f59aeab57add5bd35533b4d320dec55b8478b6d6b56e3172e69b79f4c74e91763e71e3f38f58f0b480000000000c6b8c355fd2dc417eed156f66d7eaad6dd2698eff0059de7d5a4718eab3a4f0fdfb96ea9a6fdefd4da98df7899eff000da379f3886380d03d9869dffb66a55c7cac5b9fa4d5ff004fe2d0117c37a77e8ad07131269dae53476ae6fd7b73ce7e933b7a250000000000000007866666360d99bd977edd8b71f7abaa23d3c641eefc998a6266a98888e7333dca46afed1716cf6ade958f3915ff006b777a68f48eb3f8295ab7106a7ac553f6dcaaeab7bef16a9f8688f48ebe73cc1a46adc71a469ddaa2cdc9ccbd1d29b3ce9dfc6ae9f4dd49d5b8e357d477a2cdc8c2b33f76cced57ad5d7e9b213034dcdd4af7bac2c6b97ebefec4728f39e91eab8e93ece6ed714dcd5b262d47f65639d5eb54f28f489051a22bbb7368ed575d53e7332b2693c0babea1d9aefd1185667ef5efdadbc29ebf5d9a5699a269ba4d3b60e25bb556db4d7b6f5cff009a79fa24015ad2781f47d3a29aef5a9ccbd1d6abfce9dfc29e9f5dd64a698a698a69888888da223b9fa00000000000000000000000000000000000000000000000000000000000000000000000000000000000000000000000000000000000000000000000000000e1d6ee4dad0f50b94f29a31ae551e94cbb91fc41ff0087b53ffe52effc920c3dbce1588c5c2c7c7a7a59b74d11e91b3066fd4574dca29ae898aa9aa37898ef807d338f695ac7bdc9b5a4daabe1b3b5cbde354c7c31e913bfaf82f7ab6a16b4ad332336f73a6cd3bc47ef4f747aced0c432b22ee5e55dc8bf576aeddae6baa7e7333b827382745fd2fadd33768ed62e36d72eef1ca67eed3eb3f844b5f4170768dfa1b43b545ca76c8bdfadbdbc73899e94fa47e3ba740000000000716afa75ad5b4bc8c1bd3b53769da2afdd9eb13e93b4bb4060b9b897b072eee2e4d1345db554d3544ffae8efe17d43f46710e1e44d51147bcec5c999e514d5ca667cb7dfd177f683c3df6cc5fd298b47f48b14feb623efd1f3f38fcbca19983fa00706859bfa4744c3cb9abb555cb54cd73fde8e557e312ef0000152e2ee0eb5ab515e660534dace8e734f4a6f79fcaaf1fafce2da030498bf8993b4fbcb37ecd7e34d545513f84c34fe0ce2ca757b71859d54539f447c33d22f4477c78fce3d7e7b7d71970a51acd9ab330e98a73edd3e517a23ba7c7e53e93e196d355dc6bf155335dabd6aade2639554d513f84ee0df057f84b892debd85d9b9314e6d98fd6d1d3b51fbd1e1f94fa6f6000000105c5dae53a268f5d7455b655ededd88ef89efabd3af9edf30513da06aff00a475c9c6b756f630b7b71e35fde9fac447f97c5c5c1fa67e94e22c6b5553dab56a7df5dde2263b34f74c7ca6768f542352f679a3fd87489cdbb4ed7b336aa378e716e3f67ebce7cb605b8000000000107ac716693a44d545ebfefafc729b367e2aa3cfba3d641388dd575dd3748a667372a8a2bdb78b71ceb9ff002c73f5e8ceb58e3cd535089b78bb60d99fece77ae7fcdfcb656266bbd77799aae5cae7ce6a9905db57f68b937bb56f4ab118f47f6b7622aafd23a47e2a765e664e75e9bd977ee5fb93f7ae55333e4b0e8fc0baaea1b5cc9a6306ccf7dd8f8e7ca9ebf5d978d2383b48d2fb35c58fb4df8e7ef2ff00c5b4f84748fcfc419be91c2fab6b1b558d8d34599febaefc347a77cfa6ebbe91ecf74fc5ecdcd42e55997239f67f6288f4eb3f5f45c407963e3d9c5b516b1ed516add3d28b74c5311e90f5000000000000000000000000000000000000000000000000000000000000000000000000000000000000000000000000000000000000000000000000000000000001e77ecd1918f72c5d8deddda668aa3e7131b4bd006099362bc5cabb8f7636b96ab9a2a8f189da5b0706e6c6770c6157bc76ad51ee6a88eeecf28fc2227d540f68383189c4b72e53111464d14dd8888e93d27f18dfd523c01addad3b4ed52d6455f059a3ed34d3d37ee98dfe733d888f307d7b4bd5fdee55ad26d55f0d9dae5ef1aa63e18f489dff00cde089e06d1ff4aebb457728ed63e2ed76e6f1ca67eec7acfe11281cbc9b999957726f4f6aedeae6baa7c66776b7c13a47e8ad02d7bca76c8c8fd6dcdfac6fd23d236e5f3990580000000000000007e758da58ef18e914e8faf5db56a9ece3de8f7b6a23ba27ac7a4efe9b36355bda0693fa43429c9b74ef7f0e66e478d1f7a3f29ff28223d99eafcafe9376be7fed6cef3fef47e53b79b40611a6e75dd3750b199627f5966b8aa237eb1df13e131bc7ab71c3cab59b87672ac4ef6af5115d33e1300f600000051f8e384a72e2bd534db7bdf88defd9a7fac8fde8f1f9c77f9f5bc00c1f033b234eccb79589726dddb73bc4ff0009f06bbc33c498dafe2fc3b5bcba23f5b6667a78c7ce3f25738db8426b9b9aa6976fe2fdabf6698ebf3aa98fce142c5cabf85936f231aed56af5b9de9ae99e700dec55f85b8c31f57b136b36ab78f996e99aaade76a6b88eb546ff008c7fa8f0d5fda069d855cdac1b7566dc89da6a89ecd1f5eff48dbc416cb9728b56eab972a8a28a226aaaaaa768888eb32c6b8a75bab5dd5ebbf13318f47c16699eea7e7e73d7f0ee746b1c63ab6af62ac7b95dbb162b8daab7669dbb5cfbe6779fa206d5baef5da2d5aa66baebaa29a6988de6667a4026385344ab5cd5e8b3544fd9ad7c77eafeefcbce7a7d67b9b2534d345314d3114d311b44446d11088e16d0e8d0b49a2c4c5339173e3bf5c77d5f2f28e9f8f7a6400001f372ba2d5baae5cae9a28a637aaaaa76888f9ccaa9acf1f69b83355ac289cdbd1cb7a676b71fe6eff4e5e20b6ab5acf1be93a6455459b9f6dbf1f72ccfc31e7574fa6ecf358e27d5759de8c9c8ec589fea6d7c347775ef9e9dfba3b0f0b273f222c61d8b97aecfdda237dbc67e51e2098d678c356d5bb56e6efd9b1e797bab3331bc78cf59e53e5e084b162f64dea6d63daaeedcaba51453354cfa42f1a37b3ab95c537757c8f771d7dc59989abd6ae91e9bf9af1a769583a55af77818b6ec533d6698f8aaf399e73ea0cfb47f6799b93d9b9a9dd8c4b7fd9d3b55727f847e3e4bd693c3fa668f4c7d8f1a9a6e6db4ddabe2ae7d67a7946d093000000000000000000000000000000000000000000000000000000000000000000000000000000000000000000000000000000000000000000000000000000000000000000000014bf6998137f49c7cda226671ae766adbba9ab96ff58a63d59ad35d54c5514d53115c6d5444f58de2769f588fa376cec4b59f857b13229ded5ea268abc37ef8f18eac3f3f16ac1cfc8c4b955355562e556e669e93b4ec0eee16d32356d7f171aba7b56a2aeddde5bc7669e7313e7d3d5b5337f65f38d19f9bdbaa232a6dd316e27be9dfe2fc7b2d2000000000000000007e4c455131311313ca627bdfa0314e25d2a746d6f23122262d6fdbb533df44f4f3dba79c4aebecd354f7fa75ed36e55f1e3d5dbb71bfdcabac7a4ffcc7b4bd33df69d6352b74fc78f5762e4c47dcaba6fe53ff00329dc25a97e8ae21c5bd555d9b55d5eeaef3da3b3572de7ca769f406ce000000000ce38ff86ade26fab615314dbaea88bf6e2395333f7a3c267af8cf8b4772ea5836753d3efe16444fbbbd4f6676eb1f298f29da418489cd7385353d1a6bb972d4dec5a6795fb71bc6de31d69f5e5e2830164e02d32acfe22b57a68dec627eb6b9ee89fbb1e7bf3f497e687c17a9eadd9b9728fb2634f3f797639cc7f769eb3f8478b4fd2349c4d1b0a9c5c3a262889deaaaa9deaae7e733f3077084d578b347d2a6aa6f6545dbb1fd558f8eaf29ee89f39853355f687a864ef469f6a8c3a3f7e7e3ae7ebca3e9ea0d17373f134fb3efb3322dd8b7f3aeadb7f08f9cf8429dabfb46b16a6ab7a4e3cdeaa3fadbdbd34fa53d67d7667d93937f2ef4dec9bd72f5c9eb5dcaa6a9faca4f48e18d5b58ecd58d8d34d99febaefc3479c4f7fa6e0e6d535ad4757afb59d9572ec44ef146fb511e54c72f57c69da5e76a977dd60e2dcbf54759a63953e733ca3d5a1691ecf70317b37351b95665dfdc8f86dc7f19fafa2dd62c5ac7b34dab16a8b56a9fd9a28a62988f288051b46f67545134ddd5f23de4f5f7166768f5abafd36f35d70b07174fc78b1878f6ec5b8fbb446dbf76f3f39f197400000000000000000000000000000000000000000000000000000000000000000000000000000000000000000000000000000000000000000000000000000000000000000000000000000f2c9bf462e35dc8bb3b5bb544d754fca22379611937ebc9c9bb917677b976b9aea9f9cccef2d678f737ec7c2f91113315e4554d9a663c79cffc312cb749c4fb7eab89893bed7aed3455b7744cf39fa03cf0732fe0665acbc6ae68bd6aaed533fc3c9b3e83ac58d734db79763e1abf66e5bdf9d1577c7f2f050b8f386674fc9ab52c2b7fd12ed5faca69e96ab9fca27f3e5f24170feb995a0e7c6463fc76eae576d4ced1729fe13f29eefac036c1c3a46ad89ace153938773b54cf2aa99fdaa27e530ee000000000000000072ea7874ea3a6e4e1d7b445eb7346f31bed331ca7d279b0aae9aa8aeaa2b89a6aa676989eb12dfd8e71a614e0f14665311545176af7d4cd5dfdae73b786fbc7a0350e1bce9d4b87f0b2ab999aebb7b5733d66aa7e199fac4a4d48f66199ef34dccc39df7b3762e44ccf7551b6d11e74fe2bb800000003cefdfb38d6aabb91768b56e9eb5d7545311eb2ac6a7c7da4e1f6a8c5ede6dd8fdc8ecd1bf8d53fc22416a98898da6378945667e82d26afb5655bc1c6b9d62b9b74c573e5cb79f4679aa71deb19ddaa2c574e1da9e5b5a8f8b6ff0014f3dfcb656eeddb97eed572ed755cb954ef55554ef333e320d1755f68d8b6bb56f4cc6aafd5ce22eddf869f3dbacfe0a76abc4dab6addaa7272eaa6d55bfeaad7c146df2da3afaeef5d2f84b59d4fb355bc59b36a7fadbff053b7cfe73e912b7e97eceb06c766bd4afd7955f7dba3e0a3cbe73f5806718f8f7b2aec5ac6b372f5c9e945ba66a99f485ab4af67da9e5ed5e7574615b9ee9f8ebfa472facfa34ac3c1c5c0b3eeb0f1edd8a3be2dd311bf8cfce5d0081d2784347d2e62ba31fed17a3facbff1cc794748f3db74f00000000000000000000000000000000000000000000000000000000000000000000000000000000000000000000000000000000000000000000000000000000000000000000000000000000000285ed4afd51674eb1157c155572baa9dfbe229889fc6509ecef1bdff00145bb9bc47d9ed5773cf9767fea767b4faa6758c4a3ba31f7fad53fc9f3ecc69ff00d7b9357cb1a63fe2a7f9034bbb6e8bd6abb5768a6bb75c4d3553546f1313d62597716f075dd2abaf334fa6abb833ce69eb559f3f9d3e3f5f9cea8fceb1b4830ed2356cbd1b329c9c2b9d9aa39554cf3a6b8f94c77c35ae1ee23c3d7f1fb5667dde4531bdcb154f3a7c63e71e2ab716f04767de67e8d6f97ed5cc6a63a7ce68fe5f4f928d89957f072ade4e2ddaad5eb73bd3553d601bd0a970c71ae36a91462ea13463e6ccf6699e945df29ee9f0fa7c96d0000000000000141f69fa7f6ad61ea54446f4ccd8b93dfb4f3a7feafac2fc8fd774e8d5746cac29dbb5768f82667a551ce9fc620198f026a1f60e26b1154ed6f2626c55e73fb3ff0014435e603315dab931315515d13ce3a4c4c34fc6e3fd2e9d2ac5dcbaae559734c45db36adf38aba4cef3b46ddfd7bc16f7e5554534cd554c44446f333dccdb52f68f99777a34fc4b78f4f38eddc9edd5e1311ca23f155b50d5f50d52aed67665dbd1bef14d557c313e14c728f4806a5a971a689a7ef4fda7ed3723ee63c76ff1fd9fc552d4bda2ea391bd38162de253fbd3facaff1e5f82a98985959d77dd6263ddbf5f59a6dd1356de7b745ab4df677a9646d5675eb58747eeffb4afe91cbf1055b333b2f3eefbdccc9bb7ebee9b954cede5f27be9ba2ea5aacc460e1ddbb4efb76f6da889ff14f26a1a6705e8ba7cc55f679cab91f7f227b5ff0f4fc160a6229a629a62222236888ee067ba67b37aeadabd5332298fecec46f3fef4ff295bf4ce1ed2b4ada7130edd3723fadabe2afeb3d3d1280000000000000000000000000000000000000000000000000000000000000000000000000000000000000000000000000000000000000000000000000000000000000000000000000000000000000000000331f69d3ff00af71a3ff00d347fcd53dbd9751bea19d73f76d534fd67ff2717b48c8a6f712c5ba7ad9b1451579ef357e5543abd9b6a387859599632afd36aee47bb8b5dbe5156ddade37e9bf380696000a8f15705d9d57b799a7f66c66cf3aa9e945df3f94f8fd7e6b700c173313230726bc7cbb35d9bd44ed34d51b7fa8f158b87f8db3f498a2c64ef97891b445354fc7447f767f84fcbb9a4eaba3e0eb18fee73ac53722227b35f4aa8f189ee677af701e7e9f355ed3fb59b8ff00bb4c7eb29f38eff4fa0342d235bc0d6ac7bcc2bf154c47c56eae55d1e71fc7a24581d8bf7b16fd376c5caed5da2795544cc4c2f3a0fb43aa9ecd8d6adf6e3a7da2dc738ff153fc63e80d0c70dbd674cbb894e5539f8dee2ae95d572298dfe53bf49f04666f1b68589154465cdfae9fbb6689ab7f29e9f882c22819bed2a98ed5383a74cfeed77abdbeb4c7f3416671d6bb953314645bc6a66369a6cdb88fc6779fc41add554534cd554c45311bcccf4843e671568787b45dd4acd533dd6a66e7fcbbedeac7f2b372f36a8ab2f26f5faa3a4ddb9356df57c58b17b26ec5ab16abbb72ae94514cd533e900d1333da4e1d1cb0b06f5e9ef9bb54511f86fbfe0af66f1eeb995cad5cb58b4ed31316adf39f5ab7fc367360f06ebb9bd998c29b14553b76afcc51b79c4fc5f82c183ecd6a9ecd5a86a111cfe2a2c51bef1e154ff002050eedcaef5daeeddaeaaee57335555553bccccf5992d5baef5da2d5aa66bb95d514d34c46f3333d21a866701e95468f916f0ecdcab33ddccdbbb5dc99aa6a8e711dd4f3db6e9decba9aa69aa2aa6662a89de263b816cd3bd9eead933139755ac3a37e7daabb756df3888e5f8c2d3a6f0168f87d9ab269b99972369dee4ed4efe14c7e53ba6387b538d5f45c6ccde3b75d3b5c88eeae394fe3cfca61240f2b162ce35a8b58f6add9b74f4a2dd314c47a43d4000000000000000000000000000000000000000000000000000000000000000000000000000000000000000000000000000000000000000000000000000000000000000000000000000000000000000000000000019a7b49d26edad468d52dd13366f53145caa3eed71ca37f38dbe92a537dbb6addfb555abd6e9b96ea8daaa2b8de263c6148d67d9d59bd5cddd22fc5899fea6f6f34fa55d63f1054b4ee2ad6b4db54dac7cdae6d53b6d45c88ae223e51bf388f084d5bf691a9c4feb3130ea8feec551fc651d7381b8828ae69a70e9b911f7a9bd46d3f59897ad8e01d76ec7c76ac59f0aeec4fe5b82463da565fded3ec4f95730faa7da5e47ded36d4f95d98fe08fabd9f6b71d3ecd3e573ff279d5c05af53d2c5aabcaed3fc412d3ed32f6dcb4ba37ff00f7a7f939eefb49d467fd96162d3fe2ed55fc611dff00a0bc41bffec947ff007a8fe6e8b3ecf35bb91bd7562daf0aee4cfe512087d6b5ab9ad5f8bf7f1312cddfbd5d8a2699afcf799dd18bc62fb35cbab7fb5ea166d7cbdd5135fe7d94c61fb3ad26ccd1564dec9c8aa3f6a3b5145357a446ff008832f1ac66f016899367b362d5cc5ae3a576ee4cfd62adff00879aaba97b3dd53177ab0ebb5994474889ec57f49e5f882bda669f4ea1766dd59f89893f3c9ae6989f5db65d34cf679837edc5ebbab4e4db98ff00f0d14c46ff00e2de77fa287938d7f12f4d9c9b372cdda7ad17299a663d25f16ee576ab8aedd75515d33bc554ced300d830b83b42c3eccd3834ddae236ed5e99af7f389e5f826ac58b38d6a2d63daa2d5b8e94d14c5311e90c6b178a35cc5aa6ab7a9e455331b7eb6af791f4ab749637b40d72c53317271f2267beedada63fdd9806ae33ab1ed2efd346d91a65bb957ceddd9a23e931289d6f8db53d5ac578d4c518b8f5ef15536b7ed554fca6af9796db82f1aa71b68da6dc9b5176bcabb4f29a6c4455113e354cc47d376539d7a8c9cfc8bf6adfbab776ed55d347eec4cccc47a3c005fbd97e7cf6f334eaa676988bf47874a6aff00a7e8d0991700557238b3162899eccd35c57b7cbb13d7d766ba0000000000000000000000000000000000000000000000000000000000000000000000000000000000000000000000000000000000000000000000000000000000000000000000000000000000000000000000000000000000000000000000e4d434dc3d4ec7b9cec6b77e8eeed473a7ca7ac7a29baa7b38b75cd55e9597eee67a5abfce3afef47388f49f35f4063b99c1baee1f6a6706abb4533b45566a8af7f1888e7f822b274fcdc4889cac3c8b1bf4f796aaa77fac37701fcfef7c5c3cacdae68c4c6bd7ea88de62d51354c47a373bd8b8f7e626f58b57263beba227f37a534d345314d3114d311b44446d100c56cf0e6b57aed36e8d2f2e2a99da26bb53447d676884ce37b3cd66f5ba6bbb5e2d899eb4575ccd51f4898fc5a980aff0c70ae3f0fd35dcf7937f2ae4766ab934ed111f288ff5d160000000000000000000000000000000000000000000000000000000000000000000000000000000000000000000000000000000000000000000000000000000000000000000000000000000000000000000000000000000000000000000000000000000000000000000000000000000000000000000000000000000000000000000000000000000000000000000000000000000000000000000000000000000000000000000000000000000000000000000000000000000000000000000000000000000000000000000000000000000000000000000000000000000000000000000000000000000000000000000000000000000000000000000000000000000000000000000000000000000000000000000000000000000000000000000000000000000000000000000000000000000000000000000000000000000000000000000000000000000000000000000000000000000000000000000000000000000000000000000000000000000000000000000000000000000000000000000000000000000000000000000000000000000000000000000000000000000000000000000000000000000000000000000000000000000000000000000000000000000000000000000000000000000000000000000000000000000000000000000000000000000000000000000000000000000000000000000000000000000000000000000000000000000000000000000000000000000000000000000000000000000000000000000000000000000000000000000000000000000000000000000000000000000000000000000000000000000000000000000000000000000000000000000000000000000000000000000000000000000000000000000000000000000000000000000000000000000000000000000000000000000000000000000000000000000000000000000000000000000000000000000000000000000000000000000000000000000000000000000000000000000000000000000000000000000000000000000000000000000000000000000000000000000000000000000000000000000000000000000000000000000000000000000000000000000000000000000000000000000000000000000000000000000000000000000000000000000000000000000000000000000000000000000000000000000000000000000000000000000000000000000000000000000000000000000000000000000000000000000000000000000000000000000000000000000000000000000000000000000000000000000000000000000000000000000000000000000000000000000000000000000000000000000000000000000000000000000000000000000000000000000000000000000000000000000000000000000000000000000000000000000000000000000000000000000000000000000000000000000000000000000000000000000000000000000000000000000000000000000000000000000000000000000000000000000000000000000000000000000000000000000000000000000000000000000000000000000000000000000000000000000000000000000000000000000000000000000000000000000000000000000000000000000000000000000000000000000000000000000000000000000000000000000000000000000000000000000000000000000000000000000000000000000000000000000000000000000000000000000000000000000000000000000000000000000000000000000000000000000000000000000000000000000000000000000000000000000000000000000000000000000000000000000000000000000000000000000000000000000000000000000000000000000000000000000000000000000000000000000000000000000000000000000000000000000000000000000000000000000000000000000000000000000000000000000000000000000000000000000000000000000000000000000000000000000000000000000000000000000000000000000000000000000000000000000000000000000000000000000000000000000000000000000000000000000000000000000000000000000000000000000000000000000000000000000000000000000000000000000000000000000000000000000000000000000000000000000000000000000000000000000000000000000000000000000000000000000000000000000000000000000000000000000000000000000000000000000000000000000000000000000000000000000000000000000000000000000000000000000000000000000000000000000000000000000000000000000000000000000000000000000000000000000000000000000000000000000000000000000000000000000000000000000000000000000000000000000000000000000000000000000000000000000000000000000000000000000000000000000000000000000000000000000000000000000000000000000000000000000000000000000000000000000000000000000000000000000000000000000000000000000000000000000000000000000000000000000000000000000000000000000000000000000000000007fffd9, 'Delivered', 'ORD1000000004');
INSERT INTO `delivered_product` (`delivered_product_id`, `order_receiver_signature`, `order_receiver_signature_status`, `order_details_id`) VALUES
(3, 0xffd8ffe000104a46494600010100000100010000ffdb004300100b0c0e0c0a100e0d0e1211101318281a181616183123251d283a333d3c3933383740485c4e404457453738506d51575f626768673e4d71797064785c656763ffdb0043011112121815182f1a1a2f634238426363636363636363636363636363636363636363636363636363636363636363636363636363636363636363636363636363ffc0001108025802d003012200021101031101ffc4001b00010002030101000000000000000000000006070304050201ffc40044100100020102020606070506050501000000010203040506111221314151610713227181b11423324291a1c1155262d1f024337292a2e1364382b2f183b3c2d2e274ffc40014010100000000000000000000000000000000ffc40014110100000000000000000000000000000000ffda000c03010002110311003f00b000000000000000000000000000000000000000000000000000000000000000000000000000000000000000000000000000000000000000000000000000000000000000000000000000000000000000000000000000000000000000000000000000000000000000000000000000000000000000000000000000000000000000000000000000000000000000000000000000000000000000000000000000000000000000000000000000000000000000000000000000000000000000000000000001c0e22e2cd0ec5138a7ebf57cbab0d27b3fc53ddf3076755aad3e8f0ce6d566c7871476df25a2b1f9bee9b53835786b9b4d9699715bb2f4b738953ba9d5ef1c59b9d6bcaf9f24fd8c548e54c71f288f39fc56770aecd7d8b67ae932e58c9966f392f35ec899e5d51f803b2000000000000000000000000000000000000000000000000000000000000000000000000000000000000000000000000000000000000000000000000000000c79b362d3e1b65cf92b8f1d239daf79e5111e72e5effc49a0d8b17f68bfacd44c73a60a4fb53eff0008f39fcd58eefbe6e9c4dadae298bdab36faad36289988f877cf9fc8120e25e3ebe6e9697659b63c7d96d4cc72b4ff00863bbdfdbee72387b84f5dbfe4fa4669b61d2ccf3b67bc739bf8f47c7dfd9f249386b80b1e9fa3aadea2b972f6d74f13ceb5ff0014f7fbbb3de9c5622b58ad6222223944477034b69da345b3e963068b0c523ef5a7aed79f199ef6f0000000000000000000000000000000000000000000000000000000000000000000000000000000000000000000000000000000000000000000000000000e7ef1bce8765d37afd6e5e8f3e7d0a57aef79f088fea01bd7bd71d2d7bda2b5ac739b4cf2888f14178978fab8fa7a5d9662f78eab6a6639d63fc31dfef9eaf7f6a37bff0014ee1c4197d4562d8b4d33114d3e39e7d29e7d5cff007a7f2f277386b806d9629aadea269498e75d344f2b4ff8a7bbdd1d7eeec047b66d8373e25d5db2c4dbd5cdbeb7559666639f7f5fde9f2f773e4b3f61e1dd06c583a3a6a74b35a395f3dfed5bf947943a5870e3c18ab8b0e3ae3c748e55a52394447943200000000000000000000000000000000000000000000000000000000000000000000000000000000000000000000000000000000000000000000000000000306af57a7d0e9afa8d565ae2c348e76b5a7a95af1371c6a371e9e976de969f493d56bf65f247e91e5ff8049389b8df4db674f4bb7f4753ac8ea99e7ce98fdf3df3e5ff00840f49a3ddf8af73b5a26fa8cb33f599b24f2ad23ce7ba3ca3e10ebf0d703ea772e86a771e9e9b493d715e5cb264fe51e73feeb2b45a2d36834d5d3e930d30e2a7656b1f9f9cf98391c3bc29a1d8ab19223d7eafbf3de3b3cab1ddf377c00000000000000000000000000000000000000000000000000000000000000000000000000000000000000000000000000000000000000000000000000079bdeb8e96be4b45695899b5ad3ca223c641e9c3e21e27d0ec38fa392debb5531ceb8293d7ef99ee84738978fa2b37d2ec93133d96d4cc757fd31facff00ba3bb0f0d6e3c47a8b67b5ad4c136e79353979cf4a79f5f2fde9062d6ebf77e2cdcab8f95f35e67eaf063fb148fd3ce6539e1ae08d36d7d0d4ee1d0d4eae3ae23973a63f778cf9cffbbbbb3ecba1d974dea7458ba3cf974f25baed79f199fea1d00000000000000000000000000000000000000000000000000000000000000000000000000000000000000000000000000000000000000000000000000000011ee26e2bd2ec58e7153967d6cc7b38627aabe76f08f2ed9fcc1d3ddb77d1ecda49d46b72f42bf76b1d76bcf84477aade21e28d7f10e68c148b62d34cc4534f8e79cda7bba5fbd3cfbbff002d688ddb8b377fbda8d45bbfb298ebf2ac7f5d732b1f86b84b47b1d2b9afcb51ade5d79a63aabe558eef7f6fc811fe18e029b45357bd56623b6ba589ebff00ae7f4fc7c13fc78e98b1d71e3a5694ac72ad6b1ca223c221ec0000000000000000000000000000000000000000000000000000000000000000000000000000000000000000000000000000000000000000000000000000062d46a30e9705f3ea3257162a473b5ed3ca22159f1571ae6dce6fa3db66d8747f66d7ecbe5fe51e5f8f803b3c57c714d2f4b45b3deb933765f511d75a7957c67cfb3f48bf0f70d6bf88f536cf92d7a69e6dcf26a3275cda7bf978cbabc29c117d67435bbb56d8f4fdb4c1d96c9e73e11f9cf92c8c58b1e1c55c58695c78e91cab5ac72888f2806aed5b568f68d2574da2c514a47da9edb5e7c667be5ba0000000000000000000000000000000000000000000000000000000000000000000000000000000000000000000000000000000000000000000000000000034f74dcf4bb4e8afabd664e863af54477da7ba223be5877cdeb49b1e8a751aab75cf38c78e3ed649f08fe6aa770dc373e2adda91d1b65c979e8e1c14fb348f2fd667c019788388b5dc49aca628adab83a5cb0e9a9d7ce7b2267c6dfd425fc27c134d04d35bbad6b93551d74c3db5c73e33e33f943a1c2dc27a7d8f1c67cdd1cdaeb47b593ba9e55fe69200000000000000000000000000000000000000000000000000000000000000000000000000000000000000000000000000000000000000000000000000000000e4710f1069361d27accd3d3cf78faac313d779fd23cda9c51c57a6d8b14e2c7d1cdaeb47b38b9f557cede5e5db3f9abbdbf41ba716eef7b4ded92f69e79b3dfece38febb2201e66775e2ddebbf367c9f0a62a7e958feb9ccacee1be1cd2ec1a6e58e2326a6f1f599a63ae7ca3c21b1b26cba4d8f471a7d253ae7af2649fb579f19fe4e90000000000000000000000000000000000000000000000000000000000000000000000000000000000000000000000000000000000000000000000000000000087f16f19e3db3a7a2db6d5c9acecbe4edae2fe76f2eeeff00073f8bb8df97acd06cd93f8726a6b3f8c53f9fe1e2e2f0a70967df2f1a9d4f4b0e8627ed7decb3df15fe60d7e1fe1fd77136baf96f7bc61e973cda9bf5cccf8478d96bed9b6e976ad1534ba3c514c75fc6d3e333df2cba5d2e0d169b1e9f4d8ab8b0e38e55a57b21980000000000000000000000000000000000000000000000000000000000000000000000000000000000000000000000000000000000000000000000000000079b5ab4acdad315ac4739999e51100fb698ad66d6988888e7333dcad78cb8cadad9c9b76d792634bf672e68edcbe51fc3f3f776e3e32e2fb6e56be836ebcd7471d57c91d5397ffcfcdb5c1bc19ebfd5ee3bb63faafb58b4f68fb7fc56f2f2eff77686b7087065b718a6bf73ada9a49ebc78bb272c78cf857e6b331d298f1d71e3ad694ac4456b58e51111d9110fafa000000000000000000000000000000000000000000000000000000000000000000000000000000000000000000000000000000000000000000000000000003cded5a526f7b456b58e73333ca2200bdab4a5af7b456b58e73333ca22158f19717db73b5f41b7de6ba389e57bc754e5ff00f3f37ce32e2eb6e96b6836fb4d74559e57bc754e59ff00eae9f05707f47d5ee7ba63f6bed61c168ecf0b5a3e500f3c19c1bfddee5bb62ebeab61c168ff0055a3e50b0000000000000000000000000000000000000000000000000000000000000000000000000000000000000000000000000000000000000000000000000000000001f2d68ad66d6988888e7333dcac38cf8b6773bdb41b7de634759e57bc7fcd9ffebf366e37e2dfa65afb66db93fb344f2cd9ab3fde4f847f0f9f7fbbb72704708fd23d5ee9b9e3fa9fb5830da3edff0014f978477fbbb432f04f0873f57ba6e98ff8b061b47e16b47ca1608000000000000000000000000000000000000000000000000000000000000000000000000000000000000000000000000000000000000000000000000000000008071df15746326d3b764f6becea32d67b3f8227e7f878b7b8df8abf66e2b6dda0c9fdb2f1eddeb3d78627ff0094fe5dbe08b70770bdb7bd4fd275516ae8315bdaee9cb3fbb13e1e33fd406df0470afed2c95dc75f8ffb1d27eae96ff9b68ffe31f9fe2b3bb23943e63a53163ae3c75ad29588ad6b58e51111d9110f40000000000000000000000000000000000000000000000000000000000000000000000000000000000000000000000000000000000000000000000000000000235c61c4f4d8f4bea34f316d7e5afb11dbeae3f7a7f4867e29e24c1b06939474726b3247d562f0fe2b797cff001e55c6cfb5ebf8af78bdb264b5b9cf4f51a8b75f463f9f847e900c9c35c3fa9e24dc6d9335ef1a7adba59f3cf5cda67af944f7da7f2edf7db9a5d361d1e9b1e9f4d8eb8f1638e8d6b5ec8863dbf41a7db7458f49a4c714c58e394477cf9cf9b64000000000000000000000000000000000000000000000000000000000000000000000000000000000000000000000000000000000000000000000000000000070b8a389306c1a4fbb9759923eab173ff55bcbe7f9c6d6ff00bce0d8f6dbeaf3fb56fb38f1c4f5deddd1fce55460c3b8f15efb3d7eb3519a7a57bcfd9c75f1f28807bdbf43b9715ef3699bdb264bcf4b366b76523faec85b3b46d7a6d9f414d26929ca95ebb5a7b6f3df33e6f1b26cfa5d93415d2e96be77c931ed5ede32e880000000000000000000000000000000000000000000000000000000000000000000000000000000000000000000000000000000000000000000000000000000c79f363d360be6cf78a62c759b5ad3d9110c8adfd217117d2334ed1a4bfd5629fafb44fdab47ddf747cfdc0e26fdbaeab8a37cac60a5ed49b7abd361f0899edf7cf6cffb2cae18d8716c3b6c618e8db519395b3648fbd3e11e51ddfeee1fa3ee1dfa269e375d5d3ebf357ea6b31f6293dfef9f97bd35000000000000000000000000000000000000000000000000000000000000000000000000000000000000000000000000000000000000000000000000000000001e6d6ad2b36b4c56b11ce666794440387c61bec6c7b44db15bfb567e74c31e13df6f87ce6100e0cd8a77cddbd66a226da5c1317cb33f7e7babf1eff2896bf11ee99788b7fb5b045af49b461d3523be39f28f8ccf5fc56970f6d18f64da30e8e9ca6f1ed65b47debcf6cfe91e5100e947547287d0000000000000000000000000000000000000000000000000000000000000000000000000000000000000000000000000000001c5e21e25d16c18abebfa5975178e74c34ed98f199ee8076840b49e92b15f535aeaf6e9c58667aef4cbd29afc394734eb164a66c54cb8ad17a5e22d5b44f54c4f783d80000000000000000000021fe90f7bfa0edb1b760bf2cfab8f6f97ddc7dff8f67bb9a53add5e1d068f2eab516e8e2c559b5a7faef53d69d6716712f865d4dfabbe31d23f488fc7e2090fa38d8fd76a2fbbea29ec62e74c113df6efb7c23abe3e4b1dafa0d1e1dbf458749a7af47161ac56b1facf9cf6b600000000000000000000000000000000000000000000000000000000000000000000000000000000000000000000000000000000527c4daeb6e1c43adcf368b57d6cd2931d9d1af547e50bb143ee3a7b69371d569ad3136c396d4998efe53300c1589b5a2b589999ea888ef5dbc39a5cda2d8343a7d4738cb4c511689eef2f876209e8d36ff5fbae7d6e4c75b63d3e3e8d66d1d9799ea98f844fe2b340000000000000000000071b8a77baec7b464cf1313a8bfb186b3df6f1f7476fe5de0887a45dfbe91a88da74d7faac33d2cf313f6afdd5f87cfdcecfa3ed8be81b77ed1cf5e5a8d557d9e7f771f77e3dbf821dc25b35f7fdf3a5a8e964d3e29f5ba8b5a79f4bafaa267c667f2e6b7e3aa39403e800000000000000000000000000000000000000000000000000000000000000000000000000000000000000000000000000000000c79f3534fa7c99f2cf2c78eb37b4f8444739515afd55f5dafd46af24445f3e4b64988ec8e73cf92e2e2bcff47e18dc6fe38669fe6f67f5539a4c539f59870c4739c992b5e5ef9e40b8f85b6caed5b06974fd0e865b523265e71ca7a73d73cfddd9f075c00000000000000000001f2d68ad66d6988888e7333dca778a778c9c43be4fa8e95f0527d569a91cfafafb7978ccfe91dc98fa44df3e85b7c6db82dcb3eaa3eb263b6b8ffdfb3dd12e4fa39d8be91a9b6eda9a73c7867a382263b6fdf6f87ce7c8131e18d969b1ed18f4dca273dbdbcd68efb4fe91d9f0f375c000000000000000000000000000000000000000000000000000000000000000000000000000000000000000000000000000000000011fe3bff8435dff00a7ff00b9555fc3fd7c43b67ffd58bfef85b5c53a78d570cee38e7bb05af1efafb51f2559c2786751c4fb75223ae3345ffcbed7e80ba4000000000000000001afaed5e1d068b36af516e8e2c359b5a7f48f36c2baf48fbe7accb5da34f7f631f2be7e5df6eeafc3b7f0f0046ffb6715f12757f7baac9ef8c748fd2223f25c3a1d1e1dbf458749a6af47162ac56b1facf9cf6a2fe8f363fa0edd3b8e7a72d46aa3d8e7db5c7ddf8f6fbb92600000000000000000000000000000000000000000000000000000000000000000000000000000000000000000000000000000000000000f1971d7362be3c91d2a5eb35b44f7c4aa2e03ff008bf43ffa9ffb765c0a5f8532ce9b8ab6fb764fae8c7fe6f67f505d000000000000000000399c43bb63d9768cdacbf29bc47471567ef5e7b23f5f744ab0e18dab2f11f1073d4cdaf8e2d39b5379fbd1cfb3df33faf83678ef7cfdadbbfd1f05b9e974b334af29eab5bef5bf48f779a77c1db246cbb352b92bcb559f964cd3df13dd5f847e7cc1dd888ac445622223aa223b9f4000000000000000000000000000000000000000000000000000000000000000000000000000000000000000000000000000000000000005339671e838dad698e8e2c1b8f4b978563273f92e653fc738e30f16eb7a31ca2d34b47c691cff003e60b8063d3e6aea34f8b3d3ec64a45ebee98e6c8000000000000023dc6bbdfec7d96f18afd1d56a79e3c5cbb63c6df08fce612099888e73d50a778a375c9c41c416fa3c5b2628b461d352bd7d28e7cb9c79ccf5fe11dc0dce00d97f696f1f4bcd5e7a7d1cc5fafb2d7fbb1fafc23c56bb99c3db4d365d9f0e8ebca6f11d2cb68fbd79ed9fd23ca21d300000000000000000000000000000000000000000000000000000000000000000000000000000000000000000000000000000000000000001577a4cc514e21c378af2e9e9ab333e3316b47cb92d1413d28e9ad6d268357111d1a5ed8ed3dfced1131ff6c8249c29a98d570c6dd9223972c318fe35f667e4eba27e8df5539f86e70da63fb3e6b52b1e113cadf3994b00000000000078cd969830df2e5b4531e3acdad69ec888eb99045f8ff7afd9db3fd1315b96a359134eaedad3ef4fc7b3e33e0e07a38d93e91acbeeb9e9cf160f670f38edbf7cfc23f39f270b73d5ea78a78939e1accdb3de31e1a4fdda7773fce67e2b736bd061daf6ec1a2c1fdde1af2e7e33df3f19e720db0000000000000000000000000000000000000000000000000000000000000000000000000000000000000000000000000000000000000000004778f34b1a9e15d54f466d6c335c95f2e531133f84ca44d6dc74df4ddb755a5898ace7c57c7ce7bb9c4c7ea081fa2ed545757afd24f3e77a572c79746794ff00dd0b154e7056b3e83c53a39b4da2b96d386d11dfd2ea88ff00372fc17180000000000847a48dea74fa3c7b561b72c9a88e9e5e5dd489ea8f8cc7e5e698eab538b47a5cba9cf6e8e2c549bda7ca14dda755c53c4b3ca3965d5e5eaef8a57f94563f204afd1aecbca32eef9e9dbcf1e0e71fe6b47cb9ff00893f60d1e970e87498b4ba7af47162ac56b1e51fab38000000000000000000000000000000000000000000000000000000000000000000000000000000000000000000000000000000000000000000000296e25d35b6ee27d6e3a7b135cd3929d1eae516f6a397e30b836fd5d75db7e9b5748888cd8eb7e5cf9f2e71cf92bef49da2f55b9e935b58888cf8e696e51df59ed9f85a3f0777d1c6ba353c3f3a6b5a3a7a5c935e51dbd1b7b5133f19b47c012d00000006bebf59876fd0e6d5ea2dcb161acdade33e51e73d8085fa4ade7d5e0c7b461b7b593964cfcbbab1f663e33d7f08f165f46fb37d1f499375cd5f6f3c743173eea44f5cfc663f2f343b498753c53c4d119267a7aacbd2c968fb94efe5ee8ea8f82e4c3871e9f0e3c386b14c78eb15ad63b2223aa20190000000000000000000000000000000000000000000000000000000000000000000000000000000000000000000000000000000000000000000000004778ef6ff00a7f0d679ac73c9a698cf5f87daff004ccfe088fa35d77a8df32e92d698aea714f28f1b57ae3f2e92cebd2b9296a5eb16ada394c4f64c297c76bf0ef14c4fb53f43d4f29e5d536a44f29fc6bf305d43e44c5a226262627ae263bdf40000579e92b799b65c7b460bfb34e5933f29ed9fbb5fc3afe31e09c6ebafc5b5edba8d6e6fb1869d2e5fbd3dd1f19e50a8b68d16a389788eb4cb69b4e7c93973de3babcf9da7cbc23ce60136f473b37d0f6ebee59a9cb36abab1f38eb8c71fce7afdd10993c63c74c58eb8f1d6294a4456b588e51111d90f600000000000000000000000000000000000000000000000000000000000000000000000000000000000000000000000000000000000000000000000002acf491a19d3eff5d5444f43558e279cf674abeccc47c3a3f8ad344fd236df1aae1ffa4c447acd25e2dcfbfa33d531f9c4fc01bdc15af8dc38674969989be18f53788ee9af547fa7a33f17795afa32dcbd4ee1a8dbef6e55cf5f598e267ef57b623df1d7ff004aca001cedf776c3b2ed797599bae6bd58e9cf974ed3d91fd77448215e92b78f59a8c5b4e1b7b38b964cdcbf7a63d98f844f3f8c783b3e8f766fa06d33aecd5e59f59cad1ce3ece3eefc7b7f041b64d165e25e25a5751336f5b79cd9ed1fbbdb3eee7d9f185cb5ac52b15ac456b11ca2223aa201f40000000000000000000000000000000000000000000000000000000000000000000000000000000000000000000000000000000000000000000000000018359a6a6b3479f4b9266299b1db1da63b794c7267014660cba9d9378ae48f6751a4cdca639f7c4f298eaee9eb85d7a0d661dc3438757a7b73c59a916af9794f9c762b8f48fb3ce9774aee58a9f53aa8e57988eaae488fd63afdf12d8f475bf7a8cf3b46a6ff00579666d82667ecdbbebf1f9fbc163aa2e37df3f6c6f138f0df9e934dce98f94f55a7ef5be3dde5109df1bef1fb2b61c95c57e8ea353f558f94f5c47de9f8477f8cc2a6d2e9f26af558b4d863a5972de2958f399e500b0bd196d9eaf49a9dcb25795b34faac7331f763b663ca67abfe94e5adb768b16ddb7e0d1e18f630d22913cb973f199f399ebf8b640000000000000000000000000000000000000000000000000000000000000000000000000000000000000000000000000000000000000000000000000000001a1bded98f78da73e8b27289c95f62d3f76d1d93f8a9398cfa2d5cc4f4b16a305fdd34b567e7130bed537a41d0d347c4b7be3888aea71c669888e5ca7ae27f198e7f10697146ff00937fd5e0cb35e853161ad7a3ddd398e779fc7abdd10ee7a35da7d7ebf2ee992bec69e3a18fcef31d7f844ffaa1095b7e8ff0570f0a69ef1db9af7bdbdfd29afcab0092800000000000000000000000000000000000000000000000000000000000000000000000000000000000000000000000000000000000000000000000000000000215e92b69bea7418771c359b5b4d335c9111f727bfe13f34d5f26226262639c4f6c4828088999e51d72ba7853459b6fe1bd169b511d1cb5a4dad5f0e95a6dcbf367c1b1ed5a7d4fd230edfa6c79a279c5eb8e22627cbc3e0e800000000000000000000000000000000000000000000000000000000000000000000000000000000000000000000000000000000000000000000000000000000000000000000000000000000000000000000000000000000000000000000000000000000000000000000000000000000000000000000000000000000000000000000000000000000000000000000000000000000000000000000000000000000000000000000000000000000000000000000000000000000000000000000000000000000000000000000000000000000000000000000000000000000000000000000000000000000000000000000000000000000000000000000000000000000000000000000000000000000000000000000000000000000000000000000000000000000000000000000000000000000000000000000000000000000003ffd9, 'Delivered', 'ORD1000000007'),
(4, 0xffd8ffe000104a46494600010100000100010000ffdb004300100b0c0e0c0a100e0d0e1211101318281a181616183123251d283a333d3c3933383740485c4e404457453738506d51575f626768673e4d71797064785c656763ffdb0043011112121815182f1a1a2f634238426363636363636363636363636363636363636363636363636363636363636363636363636363636363636363636363636363ffc0001108025802d003012200021101031101ffc4001b00010002030101000000000000000000000006070304050201ffc40038100100010302040403060406030000000000010203040511062131611241517113228107233291b1c1146272d1244252a1f0f133b2e1ffc40014010100000000000000000000000000000000ffc40014110100000000000000000000000000000000ffda000c03010002110311003f00b0000000000000000000000000000000000000000000000000000000000000000000000000000000000000000000000000000000000000000000000000000000000000000000000000000000000000000000000000000000000000000000000000000000000000000000000000000000000000000000000000000000000000000000000000000000000000000000000000000000000000000000000000000000000000000000000000000000000000000000000000000000000000000000000000000000000000000000000000000000000000000000000000000000000000000000000000000000000000000000000000000000000000000000000000000000000000000000000000000000000000000000000000000000000000000000000000000000000000000000000000000000000000000000000000000000000000000000000000000000000000000000000000000000000000000000000000000000000000000000000000000000000000000000000000000000000000000000000000000000000000000000000000000000000000000000000000000000000000000000000000000000000000000000000000000000000000000000000000000000000000000000000000000000000000000000000000000000000000000000000000000000000000000000000000000000000000000000000000000000000000000000000000000000000000000000000000000000000000000000000000000000000000000000000000000000000000000000000000000000000000000000000000000000000000000000000000000000000000000000000000000000000000000000000000000000000000000000000000000000000000000000000000000000000000000000000000000000000000000000000000000000000000000000000000000000000000000000000000000000000000000000000000000000000000000000000000000000000000000000000000000000000000000000000000000000000000000000000000000000000000000000000000000000000000000000000000000000000000000000000000000000000000000000000000000000000000000000000000000000000000000000000000000000000000000000000000000000000000000000000000000000000000000000000000000000000000000000000000000000000000000000000000000000000000000000000000000000000000000000000000000000000000000000000000000000000000000000000000000000000000000000000000000072b5ce20c0d0ac78f2ae6f76a8de8b3473aeafed1de512d1f8e752d4b8871f1e71ecc635fb9e0f874c4cd54c7aefe7b7b02c20000000000000000000000000000000000000000000000000000000000000000000000000000000000000000000000000000000000000000000000000000001cad4f89349d2a669cbcdb717237fbaa3e7af7f4988e9f5d913d4bed2666268d2f0b6f4b9913f9fcb1fdc13dbd7ad63daaaedeb945bb74c6f5575ced11ef2847107da0dab51563e8b4fc4b9d2722b8f969fe989ebf5e5ee89577b5de29ca8a266fe6571cfc311b51477db9534fba5ba27d9ddab7e1bdac5df8b575f816a6629fad5d67e9b7bc8227a5e91aaf1467d77299aee4d53bddc9bb33e1a7ebe73da3f459fa070e60e85676c7a3e264551b577eb8f9aaf6f48ed1feeea58b16b1acd3671ed516ad511b534511b447d19000000000000000000000000000000000000000000000000000000000000000000000000000000000000000000000000000000000000000000000000001a3aa6af83a458f8b9d914da89fc34f5aaaf68eb2afb5de3ecccdf159d3299c3b13cbe26ff0079547bff0097e9cfb826fadf12e9ba25331937bc57f6de2c5be75cff006faabcd678cf55d5eb9b562a9c4b154ed16acccf8aaf7abacfd368ecf9a2707ea9add517ef44e363d73e29bd7a27c55efe711d67dfa7758ba270de9ba251138d67c57b6e77ee73ae7ebe5f40579a5702eafa845372f514e1da9f3bdf8b6ed4f5fcf64b74dfb3fd2b13c35e5d57332e4758aa7c346fed1cff003994b4062c7c7b38b6a2d63d9b766dc74a2dd314c47d219400000000000000000000000000000000000000000000000000000000000000000000000000000000000000000000000000000000000000000000000046388b8d30748f1d8c6db2b32378f0d33f2513fcd3fb47a7902439595630ec557f2af5166d53d6bae7684135efb43999aac68b46d1d3f88b94ff00eb4cfeb3f922f9195ac7156a314cfc4cabb33f25aa236a6dc768e911d39cfd6532d03ecfec63f86feb1545fb9d62c513f253ef3d67f4f7043f4ed1f58e26caaaed1172eef3b57937aa9f0c7d7cfda160e83c15a7693e1bd7e3f8cca8e7e3b91f2d33fcb4fef3bfd123b76e8b36e9b76a8a68a298da9a698da223b43d80000000000000000000000000000000000000000000000000000000000000000000000000000000000000000000000000000000000000000000000000000c199998f818d5e4e5dea6cd9a239d554ffcde7b397c45c4f85a0dadaecfc6c9aa37a2c533ce7bccf942b2ccced5f8af53a6898aefdc99fbbb36e36a688fdbde41d7e25e39c9d47c78da6cd78d8b3ca6be95dcfed1dbfe98787382733568a323326ac5c39da62663e7b91da3ca3bcffba53c35c0f8da67832751f0e4e5c738a76de8b73da3ce7bcfff0052e069e99a5e1e938d18f83629b5479cc75aa7d667acb7000000000000000000000000000000000000000000000000000000000000000000000000000000000000000000000000000000000000000000000000000047f8878b7034389b5bff001197e56289e9fd53e5faf6076b2726c61e3d77f26ed16ad511bd55d73b44203c41f6835dcf163e8b4f829e93915c739fe989e9ef3f9422bad6bb9fade445dcdbbbd34fe0b74f2a28f68fdfabb1c25c1f7757ae9cbcda6ab5831ce3caabdda3b77fcbb06a683c39a8712e4d77eaaeaa6c4d5bddc9b9bd5333dbfd52b4747d1b0b45c5f81856bc3bede3ae79d55cfaccff00c86e63d8b58d628b162dd36ed511b534d31b4443200000000000000000000000000000000000000000000000000000000000000000000000000000000000000000000000000000000000000000000000000000c77af5ac7b355ebf729b76e88deaaea9da223ddababeaf87a3624e4e6ddf0d3fe5a639d55cfa4479aa7e22e25cdd7ef7decfc2c6a677a2c533ca3bcfacf7fcb6077b8978f6e6478b17469aad5ae715644f2aaafe9ff4c77ebec844ccd5333333333ce667cdf161f07705c5b8b7a8eaf6fef3f15ac7aa3f0fa4d51ebdbcbcfd2035783b82e727c1a8ead6e62cfe2b58f547e3ef576ede7edd6c68888888888888e910fa00000000000000000000000000000000000000000000000000000000000000000000000000000000000000000000000000000000000000000000000000000e2f11f1262681623e2fdee4d71bdbb14cf39ef3e91dda5c55c5d6344a671b1bc37f3a63f0eff2dbef577edff26accbcabf9b9573272aed576f5c9deaaeaeb20cdaaea997abe6d7959b73c75d5ca223953447a4479434e2379da1ea8a2ab95d345ba66baea988a69a637999f48599c1fc1b4e9de0cfd4e88af2fadbb73ce2d77ef57e80c3c17c1dfc27c3d4f54b7fe23f159b1547fe3f4aaafe6f48f2f7e93800000000000000000000000000000000000000000000000000000000000000000000000000000000000000000000000000000000000000000000000000000108e2ee36a70e6bc0d26ba6bc8e972fc738b7da3d67f4f7e9cde30e33b9935dcd3b4aae68b11334ddbf4cf3b9da9f48efe7edd6100f55d755caeaaebaa6aaea9deaaaa9de667d65eb1f1eee55fa2c63dbaae5db93b534531bcccb3e99a6e56ab994e2e15a9b972ae73e94c7accf942d7e19e18c5d031fc5caf66571f797a63a7f2d3e91fafe5101a9c23c236b45a232f3229bb9f5472f38b31e91dfd67e91e7bca40000000000000000000000000000000000000000000000000000000000000000000000000000000000000000000000000000000000000000000000000000062c8b755dc6bb6e8abc355744d313e9330ca0283c9c7bb8b91731efd136eedbaa69aa99eb12e8f0ff0fe66bd9716b1e9f059a67ef6f551f2d11fbcf6ff00b5bb9da3e9da85c8b9998566f5711b455551cf6f4ddb38f8f6716cd3671ed516ad53d28a298888fa4034f44d170f43c4f8187473ab9dcb9573aab9ef3fb3a200000000000000000000000000000000000000000000000000000000000000000000000000000000000000000000000000000000000000000000000000000000000000000000000000000000000000000000000000000000000000000000000000000000000000000000000000000000000000000000000000000000000000000000000000000000000000000000000000000000000000000000000000000000000000000000000000000000000000000000000000000000000000000000000000000000000000000000000000000000000000000000000000000000000000000000000000000000000000000000000000000000000000000000000000000000000000000000000000000000000000000000000000000000000000000000000000000000000000000000000000000000000000000000000000000000000000000000000000000000000000000000000000000000000000000000000000000000000000000000000000000000000000000000000000000000000000000000000000000000000000000000000000000000000000000000000000000000000000000000000000000000000000000000000000000000000000000000000000000000000000000000000000000000000000000000000000000000000000000000000000000000000000000000000000000000000000000000000000000000000000000000000000000000000000000000000000000000000000000000000000000000000000000000000000000000000000000000000000000000000000000000000000000000000000000000000000000000000000000000000000000000000000000000000000000000000000000000000000000000000000000000000000000000000000000000000000000000000000000000000000000000000000000000000000000000000000000000000000000000000000000000000000000000000000000000000000000000000000000000000000000000000000000000000000000000000000000000000000000000000000000000000000000000000000000000000000000000000000000000000000000000000000000000000000000000000000000000000000000000000000000000000000000000000000000000000000000000000000000000000000000000000000000000000000000000000000000000000000000000000000000000000000000000000000000000000000000000000000000000000000000000000000000000000000000000000000000000000000000000000000000000000000000000000000000000000000000000000000000000000000000000000000000000000000000000000000000000000000000000000000000000000000000000000000000000000000000000000000000000000000000000000000000000000000000000ffd9, 'Delivered Pending', 'ORD1000000007'),
(5, 0xffd8ffe000104a46494600010100000100010000ffdb004300100b0c0e0c0a100e0d0e1211101318281a181616183123251d283a333d3c3933383740485c4e404457453738506d51575f626768673e4d71797064785c656763ffdb0043011112121815182f1a1a2f634238426363636363636363636363636363636363636363636363636363636363636363636363636363636363636363636363636363ffc0001108025802d003012200021101031101ffc4001b00010002030101000000000000000000000006070304050201ffc4004a10010001030202070505040607070500000001020304051106211231415161718107132291a1142332b1c1425262d11524334372f0165382a2b2d2e125345592a3c2f14445546373ffc40014010100000000000000000000000000000000ffc40014110100000000000000000000000000000000ffda000c03010002110311003f00b00000000000000000000000000000000000000000000000000000000000000000000000000000000000000000000000000000000000000000000000000000000000000000000000000000000000000000000000000000000000000000000000000000000000000000000000000000000000000000000000000000000000000000000000000000000000000000000000000000000000000000000000000000000000000000000000000000000000000000000000000000000000000000000000000000000000000000000000000000000000000000000000000000000000000000000000000000000000000000000000000000000000000000000000000000000000000000000000000000000000000000000000000000000000000000000000000000000000000000000000000000000000000000000000000000000000000000000000000000000000000000000000000000000000000000000000000000000000000000000000000000000000000000000000000000000000000000000000000000000000000000000000000000000000000000000000000000000000000000000000000000000000000000000000000000000000000000000000000000000000000000000000000000000000000000000000000000000000000000000000000000000000000000000000000000000000000000000000000000000000000000000000000000000000000000000000000000000000000000000000000000000000000000000000000000000000000000000000000000000000000000000000000000000000000000000000000000000000000000000000000000000000000000000000000000000000000000000000000000000000000000000000000000000000000000000000000000000000000000000000000000000000000000000000000000000000000000000000000000000000000000000000000000000000000000000000000000000000000000000000000000000000000000000000000000000000000000000000000000000000000000000001c9d738874fd0a8a6732baa6e57ce9b56e37aa63bfcbcdd653dc737ae5de2bcdf79bc74269a2989ec88a63ff9f50583a2718699ad644635a9b966fcfe1a2f44474bca62652050b8772e59ccb176cced728b94d54cc77c4f25f400000000000000000000000000000000000000000000000000000000000000000000000000000000000000000000000000000000000000000000000000000000002b7f699a5c59cdb1a9dba67a37e3dddd988e5d288e53eb1cbfd9590d1d634cb1ac69b770b223e1ae3e1ab6e7455d9300a3577f0fe7ff0049e85879733355772dc74e6636dea8e557d62550eb5a2e668997ee332ded13bfbbb91f86b8ef89fd12ef671af514d33a364553154d535e3d53d53df4fe73f305820000000000000000000000000000000000000000000000000000000000000000000000000000000000000000000000000000000000000000000000000000000000039daf691675bd2eee1def8667e2b75edbf42a8ea9ff003d932a62fd9c9d333eab5722ab3938f5f64ed34d51d5313f5895f08a71a70ac6b36bed9854c4675ba76dbaa2ed3dde7dd3e9ddb06ff0a6bf46bda645caa629cab5b537e88eff00de8f09fe71d8ee28ed3351ccd0b538c8b1d2b77ad4cd372dd7131bc76d3542ded0b5bc5d73063231aadaa8e572d4cfc56e7ba7f983a600000000000000000000000000000000000000000000000000000000000000000000000000000000000000000000000000000000000000000000000000000000000383c47c2b85aed1372a8f719711f0dfa63afc2a8ed8faab6bb6756e12d5e277aac5ea7f0d74f3a2ed3fac782e769ea7a6626ad8956366da8b96e7aa7b699ef89ec907238678bb135ca69b377a38f9bb73b533cabf1a67b7cbaff348d51711f0966e8572722d74afe1c4ef4dea639d1ddd28ecf3eafc9d3e1ee3fbd8b14e3eaf15645a8da22fd3f8e9f3fdef3ebf3059435b073b1751c78c8c3bf45eb53fb54cf54f74f74f84b640000000000000073f55d6f4ed228e96765516ea98de2dc73aeaf2a639faf503a02bed47da4cef34e9b831b765cc89ff00db1fcd1fcbe33d7b326aa7edb36a9aa79536688a76f089ebfa82e169e46aba762d534e4e7e35aaa3f66bbb4c4fcb754dfd1bc4bab4d3ef31f51c889fc355ee9747e75726ee37006bb7bfb4b7631fff00e97627fe1dc13ab9c65c3f6ea9a6ad469998fddb75d51f3887bc7e2ed0726be85bd4ad44ff00fb22ab71f3aa22110b5ecdb3e7fb6cec6a3fc11555fa431dff00671aa51bcd9cac5b9111d554d54ccfd27f3059562fd9c9b51771eedbbb6e7aabb7545513eb0c8a6aee85c43a2dcf7d4e2e559aa237f7b8f56fb478cd13cbd5b583c75ae61ed4dcbb464d34f2e8dea39fce369dfcc16d886e99ed134ec998a33ec5cc3aa7f6a3ef28fa46ff0044b71f22c65d9a6f635ea2f5aabaaba2a8aa27d60194000000000000000000000000000000000000000000000000000000000000000000000000000000000000000000000000007c9889898988989eb8943f5ee01c3ce9aafe99553877e79cdbdbeeea9f2fd9f4e5e09880a5aed8d6b85b3a2b98bd8977aa2ba79d15c79f5551e097e85ed0ecdde8d9d62dfb9afabdfdb899a67ce3ae3d37f44dafd8b39366ab3916a8bb6aae55515d31313e92856b9ecf2c5de95ed1eefb9afafdc5c999a27ca7ae3d77f404d6c5fb5916a9bb62ed176dd5ce9ae8aa2627d61914bdac8d6f8573a6889bd89737de6dd5ce8b9e9d53e7099e8ded0b0f2629b5aa5a9c5bbfeb2889aadcfeb1f5f304d463b17ece4daa6ee3dda2edbabaaba2a8aa27d619000696a7ab60e9363dee764516a27f0d33ceaabca3ae41bae76adae69da3dae966e4d3455b6f4db8e75d5e51faf5207ae7b41cbcae959d2e89c5b53cbde55b4dc9fd29faf9b97a4f0c6afc4173ed1545545aae77ab272267e2f18edabf2f107475be3fcecce959d368fb1d99e5d3ebb931e7d54fa73f17374ae17d675db9391d0aa8b7727a5564644cc74b7ed8edabcfeab0345e0cd2b4ae8dcaadfdab2239fbcbd1bc44f853d51f59f1488112d33d9f6958b4c559955ccdb9dbd29e851e911cfe73292e260e2615331898b66c44f5fbab714efe7b36000000001a1a868da6ea71319b8766f4cc6dd39a76abff0034738f9b7c040758f67344c557348c99a6aebf737e778f4aa3abd77f3452c646b3c2da8cd31ef716ec73aadd5ce9b91e31d55475f3f92e96a6a5a661ea98d38f9d628bd4766fd74cf7c4f5c0383c3dc6f83aaf42c65f47132e768daa9f82b9f09ecf29faa52ac75ee00cbc3e95fd2eaab2ec473f773fda53ff0037a73f06868bc5faa6895463dddf231e89e8cd9bdbc4d3e113d71e5ce3c016e8e268bc53a5eb514d166f7bac89fee2ef2abd3b27d1db00000000000000000000000000000000000000000000000000000000000000000000000000000000000000000000000000006be6e16367e3cd8ccb16ef5a9fd9ae37dbc63ba7c508d67d9d44cd57747bfd1edf717a797a55fcfe69f80a57fedbe18cbffea30ae4cffb15edfeed5f549b49f68f728e8dbd57162e4757bdb1caaf5a6794fa4c7927b9b562d38776acef75f668a77b9ef62269dbc77537c4595a6656a55d5a462463e3c6f1bef3f793dfb4fe18ee804cb5ef68362dd9f75a2c7bdbb5d3cef574cc536fca27ae7e9e687e0e9babf1467d7728e9dfae67ef2fdd9f869f39fd23e4f93c31ad7d828cd8d3ef4d9aa378da37ab6efe8f5ede8ddd138cb52d16dd18dd1b77b1a8e516aba7a334f3e7b4c76f9ee09ae85c11a769914ddca88ccc98e7d2b91f0533e14ff3dfabb12845f4be3bd233fa345faeac3bb3b46d77f0efe15472dbc676496ddca2f5ba6e5aae9ae8aa37a6aa677898f0907b0000000000000000007235ae1bd375ba6672acf46f6db45eb7f0d71ebdbebbbae02a5d6f82353d2fa5771e3ed98f1cfa76a3e2a7ce9fe5bfa3ee87c71a9699d1b593339b8d1cba3727e3a63c2afe7bfa2d947f5fe11d3b5a8aaef47ecd973fdf5b8eb9fe28edfcfc41bfa36b981ade3fbdc2bdd298fc76eae55d1e71faf53a2a5f3f4ed5b85752b75d53559b913bdabf6e77a6bf29fce27e49ef0af1958d5e28c4cde8d8ceea8eca6ef9774f87cbc0256000000000000000000000000000000000000000000000000000000000000000000000000000000000000000000000000d3d4f52c4d270eacacdbb16edd3ca3bea9ee88ed96a710710e1e838dd3bf3ef2fd51f776299f8aafe51e2abb272756e2dd5e98daabd7aafc16e9e545ba7f48f19067e21e22cee25cca6cdba2ba71fa5b59c7a39cd53df3b75cfe496f09f04dbc09a33755a69b9951ce8b3d74da9ef9ef9fa47d5d3e17e15c6d06cc5cafa37b36a8f8eeedca9f0a7ba3c7ae7e89080e5eabc3fa5eaf13399894557263fb5a7e1ae3d63afd793a802b8d57d9ce45be95cd2f2a9bd4f398b57be1abca27aa67e48e6fae70ce4edfd6706b9abfd8ae63fddabeaba9e2e5ba2f5baaddda29ae8aa36aa9aa37898f180573a5fb46cab5d1a353c5a2fd3ca26e5af86af398ea9fa263a5714691ab7469c7cba69bb57f7577e0ab7eee7d7e9bb4b54e06d1b3fa55dab5561dd9fdab13b53bff87ab6f2d910d5380355c3e957893466db8fdcf86bdbfc33fa4c82d414ee0f126bda0ddf7155dbbb51ca71f2a99988f0da79c7a6c96697ed170af7468d4b1ebc6ab947bca3e3a3c676eb8fa826c3570752c2d46dfbcc2cab57e9db79e855bcc79c75c7ab68000000000000000183370f1f3f16bc6cbb34ddb35c6d34d51fe769f155dc53c2191a2d539589355ec1dff17ed5aff17878ff0099b61f2aa62ba669aa22aa66369898e53008070971c7f6783acdcfe1b79354fca2bfe7f3ef4ffae37856bc65c1d38317351d32899c6ebbb663aed78c7f0fe5e5d5938238ba71eab7a5ea7737b13f0d8bd54ff673d94cff000f74f67975058e0000000000000000000000000000000000000000000000000000000000000000000000000000000000000000008e71571558d0ad4d9b5d1bd9d5c6f4dbeca3c6afe5dafbc5dc4d6f41c4f776a69af3aec7ddd1fbb1fbd3e1f9fcd5d689a3e7713ea95fc754c4cf4efe457cfa3bfe733d900f9a7e9fa9f15ead5d5d2aaedcaa7a57afd7f8688ff3d511fa2d4d0b42c3d0b13dce2d3bd7573b976afc55cff2f06c697a662e938546261db8a2dd3ce67b6a9ed999ed96e00000000000003573b4fc3d46d7bacdc6b77e8ece9d3bcc794f5c7a225aa7b39c4bdd2af4cc9af1eaeb8b773e3a3cb7eb8faa6e029ccee1ad7744bbefbdc5dda89998bf8d335446ddbbc738f5d9b5a5f1deb183d1a2fd74e65a8da36bd1f16de15473dfc6775b2e4ea9c37a4eadd2ab2b0e8f7b3fdedbf86bdfbe663afd7707334ae3cd273fa3464cd5857a768daef3a37f0aa3f39d927b7728bb6e9b96eba6ba2a8de9aa99de263c255d6adece6fdae95cd2b262f53d716af7c357a55d533f247ad64eb9c3195d089c8c3aa6779b75c7c15f8ed3ca7cc174082e8fed16c5d9a6dead63dcd5febad44cd3eb4f5c7a6e99e1e6e367598bd897eddeb73fb5455bff00f00ce000000000003e4c44c4c4c6f13d8ab38df85e749bf39d8547f51bb573a63fbaaa7b3ca7b3e5ddbda8c5938f672f1ee63e45b8b96ae5334d54cf54c0221c07c4ff006eb34e979d5c7da6dd3f735ccf3b94c764f8c7d63ca53453bc47a164f0d6a94d56abafdccd5d3c7bf1ca636e7b4cfef47fd560f09712dbd770fa176629ceb51f7b47574a3f7a3c3f2f90242000000000000000000000000000000000000000000000000000000000000000000000000000000000000e67106b56342d36bcabdf1573f0dab7bf3aeaeef2ef96ee5e559c2c5bb93935c5bb56a99aaaaa7b21506b3a9e6714eb94fbaa2aaba557bbc7b11fb31fcfb667f48063c3c5cfe2ad76626a9aef5eaba776e4c72a29eff28e5111e50b7349d331748c0a30f128e8dba79cccf5d73db54cf7b5386741b3a0e9b1629e8d57ebdaabd723f6aaeef28ecffabb0000000000000000000000031646358cab336726cdbbd6e7ae8b94c5513e92ca0215ac7b3cc3c889b9a5dd9c5b9feaeb99aa89f5eb8faa1b97a6eb7c3393ef669bd8db4ed17ed553d0abc378fca7e4b9de6aa69ae99a6a88aa9aa369898de26015ce93ed1726cf46deab8f1914f6ddb5b535fac754fd136d2b5ed3758a6270b2a8aebdb79b557c35c7a4fe71c9c9d5f8174ad43a55e3d33857a7b6d47c13e74f57cb641b57e13d5f45aa6f4db9bb668f8a2fd8999e8eddb3db1e7d5e20b8455ba171ee7e0cd3675189ccb11cba533f794fafed7afcd62695ab616af8deff0006fd3729fdaa7aaaa27ba63b01bc0000000034f54d371b56c1b98997474add7db1d74cf64c774aa5d470750e13d6e99a6b9a6ba27a766f531caba7fcf2985cce6ebba3636b9a7d58b911d19ebb7722379b7577ff00d018386b882c6bf81ef68da8c8b7b45eb5bfe19ef8f097654b44ea5c27aeff00abc8b33e745da7f5a67fced30b6343d631b5bd3e8cbc69da7aae5b99e7455db120e88000000000000000000000000000000000000000000000000000000000000000000000000000003e3ea09c7fc4dee68af47c1afef2a8db22ba67f0c7ee478cf6f872efd838dc71c4d3ab64ce0e1d7fd4acd5cea8fef6aeff0028ecf9f724fc0dc33fd158b19d9946d9b7a9e54d51fd953dde73dbf2ef70f807867ed7769d5b368fb8b757dc5131f8ea8fdaf28fcfcb9d9200000000000000000000000000000000008cebfc15a76add2bd6223132a79f4e88f86a9fe2a7f58e7e6af72f0758e14d469b93d3b17227eeef5b9de8ae3c27b7ca7d617430e562d8cdc7af1f2ad5176d571b554571bc48229c37c758d9fd0c6d4fa38d933ca2e755baff00e59fa7e4982b6e24e03bd8bd3cad1e2abf67ae6c4f3ae8f2fde8faf9b4786f8cf33469a71b2a2ac9c389dba133f1db8fe19fd27e80b606a69ba9626ab894e4e15ea6edb9e53b75d33dd31d92db000000070f8a7876d6bf83d1898b7976a266cdc9ff00867c27e9d7e135a68faa6770b6b354d56eaa6699e86458abf6a3f9f6c4fe92b9d16e33e16a75ac79cac4a629cfb54f2ec8bb1fbb3e3dd3e9e4120d3f3b1f51c2b5978b5c576ae46f13dde13e2d9543c2bc457f8773eab39115fd92bab6bd6a639d13d5d288ec98ed8edf92dab37ade459a2f59ae9b96eb88aa9aa99de2601900000000000000000000000000000000000000000000000000000000000000000000000000070f8b75da742d26abb44c4e55df82cd33b75f6d5b7747f2ef573c2fa1dde23d5e7dfd554d8a27de645c999999de7ab7ef9e7f597de2ed52bd7388ab8b1bdcb56eaf71629a79f4b9f5c6dd7bcfd36599c37a3d1a268f6712369bbf8ef551fb55cf5fa7679403a56add166d516ad514d16e888a69a698da2223aa21ec0000000000000000000000000000000000000046789b83b175a8ab231fa38d9db7e388f86e7f8a3f5ebf3498052d8997aa70aead54445566f513b5cb55fe1ae3c7be3ba63d16c687ace36b7a7d3958d3b76576e679d15774b538a3872c6bf8531f0dbcbb71f737663fdd9f09fa2b5d1354cce16d6eaf794574c5357bbc8b13fb51fce3ae27f4905cc30e2e4d9ccc5b7938f722e5abb4c554d51db0cc000000085f1c70a7dbedd7a969f6ff00ad511bddb74c7f6b1df1fc51f547f82f8aaad22fc6166d7338372794cff7354f6f977c7af7ef6a2bae3de169b555cd5f028fbb99df22dd31f867f7e3c3bfe7dfb05894cc554c554cc4c4c6f131dafaaef80f8aa6dd56f48d42e6f6e67a38f72a9fc33fb93e1ddf2eedac400000000000000000000000000000000000000000000000000000000000000000000001c7e2bd4bfa2b87b2b229aba376aa7dddae7b4f4aae5bc79739f47615d7b4fd47a79189a751572a226f5c889e5bcf2a7d6237f9839decf34bfb76bbf6ab94ef6b0e9e9f38de3a73ca9fd67d16b233c03a77d87872dddaa9daee54cddab78e7b7553e9b46fea93000000000000000000000000000000000000000000008871df0d7f4962cea3876f7ccb34fc74d3d77688fce63fe9dc9780abf80f893fa3b2a34dccb9b625eabeeeaaa795bae7f49fcf9f7ad055bc7dc3d1a6e6c6a18b46d8b9357c511d5457d7b794f5fcfc128e03d7e755d3671326be965e2c446f33ceba3b27ce3aa7d3bc12a00000079aa9a6ba669aa22aa66369898de261e80551c67c2d568d91397874cd58172aeaebf7533fb33e1dd3e9e721e08e2dfb6534699a95cfeb311b59bb54ff006b1dd3fc5e3dbe7d732c8b16b26c5762fdba6e5ab91d1aa9aa394c2a8e2be16bfa0dff00b4e374ebc1aaaf86b8ebb73dd3fa482db10ae0de318ce8a34fd4ee4465472b7767aaef84ff0017e7e7d735000000000000000000000000000000000000000000000000000000000000000000014ceb176ad778baf45baa27ed193166dd51d5d1de29a67e510b7f36fce2e0e4644444cdab7557b4f846ea9781add3778b7062b88aa226bab69ef8a2a98faec0b7acdaa2c59a2d5aa629a2dd314d34c764472887b000000000000000000000000000000000000000000000006a6a9816754d3afe15f8f82ed3b6ff00bb3d93e93b4aa2d172eef0ef135baaf4f47dc5d9b37e22778e8efb55d5d7b75fa42e855bed234ffb2ebb465d31b51976f799fe2a794fd3a3f305a438fc279ffd23c37857a677ae9a3ddd7cf79de9e5cfcf6dfd5d800000001e2f5ab77ecd76af514d76eb89a6aa6a8de261ec0551c5dc277745bb3978715578154f5f5cd99ee9f0ee9f4f3eef06f19fda3dde9dab5cdaf7e1b59154fe3f0abc7c7b7cfae6f72dd176dd56eed14d7457134d54d51bc4c4f64c2aee2fe10b9a457566605355cc0aa779a7ae6cf84f7c774fcfbe42d415cf0871b4d8e8606af7266d7e1b5913d74f855e1e3d9e5d562535535d3155154554d51bc4c4ef1300f4000000000000000000000000000000000000000000000000000000000000003165598c9c5bd62a9da2ed1344cf9c6ca8b826ed3638b706ab93d189aaaa39f7cd13111f3985c4a675389d178c2f5716fa318f97ef68a3f87a5d2a63e5b02e61f239c6f0fa000000000000000000000000000000000000000000000022bed130232f876722988f798b5c571cb9f46794c7d627d12a61cac7a32f12f635ddfdddea2ab756ddd31b4820becbf3f96669d54f75fa236f2a6aff00dab014df0ddeb9a3f17635376222aa2fcd8bb133b446f3d19f96fbfa2e400000000001e6aa69ae99a6a88aa998da626378987a015df15702d54555e6e8b44d544fc55e3475c7f83be3c3e5dce370df1666e835c63de8aafe1c4ed559aa7e2b7dfd1eef2eaf2eb5ba8ef11f08e16b74d57a888c7cddb95da63955fe28edf3ebfc81d5d2f55c3d5f163230af45ca7f6a3aaaa27ba63b1baa62f63eb3c25a9d356f5e3dde7d1b94f3a2e47e531e129df0e71be26a9d0c7cee8e2e5cf289dfeeeb9f09ec9f09f9c8258000000000000000000000000000000000000000000000000000000000000aafda462c59e23a6f531cb22cd354cf8c6f4fe510b5107f6a18735e9f87991fdd5c9b731b76551beffeefd4125e1aca8cde1dc0bf133333669a6a99edaa9f867eb12e9a19eccf50f7fa45fc1aaa99af1ae74a989eca2ae7cbd62af9a66000000000000000000000000000000000000000000000003e0296e2488a78a73fddff00f9354faefcfeaba94d69bbeb1c696ae451bc64667bd9a7f87a5d29fa6eb940000000000000001af9d858da863558d99669bd66aeba6afce3ba7c55b71270364e9fd3c9d37a7938b1ce68ebb947f38f2ffaad10153f0ef1ae6e93d0c7cadf2f123688a6a9f8e88fe19fd27bbb163691ae69facdae9e1645355511bd56aae55d3e71faf539faf706e9dacd555ea63ecb953ce6edb8e554ff00153dbe7ca7c55f6a9c33ace85722fcdbaaaa2dcf4a9c8c79998a7c7973a7d7605c62add1f8ff0051c28a6de7534e6da8e5bd53d1b91ebdbeb1bf8a71a4f14e93abf469b19316ef4ff737be0abd3b27d2641da00000000000000000000000000000000000000000000000000000068eb5a753aae91938354edefa8da99eeaa39d33f3886f00a6342d4aff000d6bf172f51547bbaa6d645bed98df9c7a4c6fe8b8ec5eb791628bd66b8aeddca62aa6a8ea989ea94378fb866736dd5aae151be45ba7efa888e75d31db1e311f4f271f8138a234fbb1a6e75cdb12e55f775d53cad553d9e113f49f5059c000000000000000000000000000000000000000000000e3f15e7469fc399b7b7daaaadcdba39ed3d2ab946de5befe8ec2aef681c414ea59b4e9f8b5f4b1b1aa99aaa8eaaee757ca39c7ac83cfb36c29bfc415e4cd33d1c6b5331547545557288f974be4b4d18e01d22ad3743f7d7a8e8dfcb98b931db14fecc7e73ea938000000000000000000000383ab70868faaf4abaf1fdc5e9e7ef6c7c33eb1d53f242b56e00d4f0a26e61d54e6da8e7b53f0d71feccf5fa4cad3014e60712ebba15df7137ae6d6f94e3e4d33311e1b4f38f4d92cd37da3e1dd8a68d4716e58af944d76be3a7c6663ae3ea9667e9985a95af779b8b6afd3b6d1d3a79c794f5c7a229a8fb38c1bd335e0655dc699de7a15c7bca7c223aa63d664126c0d734bd4ba31879d62e5557551d2dab9ff006679fd1d05499bc09ae62f3b766de55311bccd9b91cbd2769dfc9a56f52e20d0aba2dfbecdc4da3e1b77a27a3b7853572fa02e815960fb46d46cf469cdc6b1934c473aa9dedd53f9c7d123c1e3fd172768bf37b16adb9fbca378dfc269dfebb02543570f52c1ceff00b9e658bf311bcc5bb9154c79c4753680000000000000000000000000000000000000000000000565c77c2ff61bb56a7816f6c5b93f7b4531cad553db1e13f49f459af172dd176dd56ee514d7457134d54d51bc4c4f64c020dc0bc571762de93a8dcfbc8da9c7bb54fe2eea27c7bbbfabbb79e2a6e2fe14b9a2df9cac4a6aaf02b9e53d736a7ba7c3ba7fccf678538ea229b783ad573bc7c34654f3dfba2bfe7f3ed905803cd15d35d14d74551553546f1544ef130f400000000000000000000000000000000000000223c67c5b4e956eac1c0ae2aceaa36aaa8e71663fe6f0f506b71cf15fd8e8af4bd3ee7f58aa36bd7699fece3ba3c7f2f3eae270470b55a9e453a866dbfea56aaf869aa3fb6aa3ff006c76fcbbdabc25c3577883326fe4f4e30edd5bdcb9bf3b957eec4f7f7cad9b36add8b545ab545345ba2229a69a6368888ec07b00000000000000000000000000000079ae8a6e5134574c554d51b4c551bc4bd00e2677096879d13d3c0b76eadb68aacfddede91ca7d611ccff0066b44ef569f9f5477517e9dffde8fe49f00a83378275dc3e95518b191453fb762b8ab7f28e557d1ad4ea9c43a3d74515e4e7634d31f0dbbdd2db6ff0d5cbe8ba1f279c6d20ab30fda16b362229c8a71f2637e735d1d1abfddda3e899f0bf155ae21aaf5bfb3558f7ad445534f4fa5131e13b43772b87746cba662f69b8dce779aa8a228aa7d69da5ef4ad0b4ed1bde4e06345a9b9f8a66a9aa67c379907440000000000000000000000000000000000000000000079b96e8bb6eab7728a6ba2b898aa9aa37898ee9857dc47c0155335e4e89f153d738d54f38ff000ccf5f94fcfb16180a7346e24d53876fcd8f8aab5455b578b7a2636efdbb699ff3312b2341e29d3b5ca629b573dce4edcec5c9daaf4fde8f2fa33eb3c3fa76b76f6ccb1f7911b537a8e55d3ebdbe53bc2b9d7783352d1aa9c8c7df2b1a9e7ef2dc6d551e331d9e71f405b42aed078f73707a367528ab32c472e9eff794fafed7afcd61695ace06af67de60e4517368deaa3aaaa7ce3ae01be0000000000000000000000000000f93ca37907d78b9728b56eab972ba68a298deaaaa9da223be6519d6f8e74dd3626de2cc66dfeeb757c11e757f2dd02d4758d6389b2a2cd5372eef3bd18d6299e8c7a475f9c8253c4fc794534d789a2d5d2abaaac9db947f87bfcfe5de8ef0cf0d6571165cdebd35d189156f76fcf5d73db14efd73e3d9f49ef681ecf67a54dfd6ea8dbae31add5ff1551f947cd3eb56add8b54dab36e9b76e88da9a298da223c201e31316c6162dbc6c6b74dbb36e3a34d34f63300000000000000000000000000000000000000000000000000000000000000000000000000000000000000000000000235af705e9dabcd57ad47d932a79fbcb74fc354ff153dbe71b4abfd4f40d63876fc5fae8ae9a689f87271ea9e8c7ac738ebedd972be75c6d20ac34af685a962c45bceb5466511fb5f82bf9c729f97aa5ba7f1c6879b314d591562d733b453914f463ff00346f11eb2c9a9706e89a8ef54e2fd9ee4fede3cf43e9f87e88be77b36caa277c0ceb57639fc37a99a263bb9c6fbfd0161d8bf6726d45dc7bb45db73d5551545513eb0c8a6eee81c45a35cf7b462e55aaa227ef31ea9ab68f3a6797ab3e171bebb85314d7914e4534f2e8dfa37fac6d3f505ba20585ed2adcf469ced3eaa7973aecd7bf3ff0cedf9bb58dc71a0e45313565d562a99fc376dd5131eb1131f5048c73e9d7349af68a754c2999ec8c8a3f9b6ad64e3defec6fdab9fe0ae2419800000078b9728b544d776ba68a23aeaaa76887372789744c5a3a57353c698eeb75c573f2a779075444b2fda168d66662c5391933d93451d1a67ff34c4fd1c5cbf6959557fdcf4fb36fc6ed735efe91b02c761c9cac7c4b7ef32afdab16f7dba572b8a637f3954795c5fafe6ef47dbaba22a9e54d8a6289f4988dfeaf16787388755bd55dab0b26bae79d573227a3bf8ef56db826faafb40d3312268c1a6bcdbbdf1f0511eb3cfe51ea84ea5c43acf10de8c7aabaeaa6b9da9c6c7a66227d239cf576ee91e99ecdaae9455aa66c6dfeaf1e3aff00da98fd133d3348c0d26d7430716dd9de369aa237aaaf3aa79c8207a27b3dc9c8e8ded5ae7d9edf5fb9a2626b9f39ea8fafa27da6e9583a559f75838d459a67ae639cd5e733ce5b800000000000000000000000000000000000000000000000000000000000000000000000000000000000000000000000000000000000d5ccd37073e36ccc4b17f96d137288998f29ec6d008a667b3fd1722666c45fc59db945bb9bc6fe556ff9b8795ecd72a988fb26a366e4f6c5da268dbe5bac70153e47006bb6676b76ec5ff1b77623fe2d9aff00e84710ff00e1ff00fad6ff00e65c0029ff00f42788bff0ff00fd6b7ff33e55c19c454473d3eaf4bb44fe552e1014ccf0c71053ff00dbf23d39feaf1fe8e6bb33b7f46e5fad12ba405396b837882ed3d2a74eaa23f8ae514cfca65d0c6f677ac5ea62abd7316c6f3ce9aab99aa3e5131f55a6020b89ecd71699df3350bd7236eab54451b4f9ceeede27066838bd198c28bb5d3fb57aa9ab7f38eafa3be03063626362513462e3dab14cf5c5ba2298fa33800000000000000000000000000000000000000000000000000000000000000000000000000000000000000000000000000000000000000000000000000000000000000000000000000000000000000000000000000000000000000000000000000000000000000000000000000000000000000000000000000000000000000000000000000000000000000000000000000000000000000000000000000000000000000000000000000000000000000000000000000000000000000000000000000000000000000000000000000000000000000000000000000000000000000000000000000000000000000000000000000000000000000000000000000000000000000000000000000000000000000000000000000000000000000000000000000000000000000000000000000000000000000000000000000000000000000000000000000000000000000000000000000000000000000000000000000000000000000000000000000000000000000000000000000000000000000000000000000000000000000000000000000000000000000000000000000000000000000000000000000000000000000000000000000000000000000000000000000000000000000000000000000000000000000000000000000000000000000000000000000000000000000000000000000000000000000000000000000003ffd9, 'Delivered', 'ORD1000000005');
INSERT INTO `delivered_product` (`delivered_product_id`, `order_receiver_signature`, `order_receiver_signature_status`, `order_details_id`) VALUES
(6, 0xffd8ffe000104a46494600010100000100010000ffdb004300100b0c0e0c0a100e0d0e1211101318281a181616183123251d283a333d3c3933383740485c4e404457453738506d51575f626768673e4d71797064785c656763ffdb0043011112121815182f1a1a2f634238426363636363636363636363636363636363636363636363636363636363636363636363636363636363636363636363636363ffc0001108025802d003012200021101031101ffc4001f0000010501010101010100000000000000000102030405060708090a0bffc400b5100002010303020403050504040000017d01020300041105122131410613516107227114328191a1082342b1c11552d1f02433627282090a161718191a25262728292a3435363738393a434445464748494a535455565758595a636465666768696a737475767778797a838485868788898a92939495969798999aa2a3a4a5a6a7a8a9aab2b3b4b5b6b7b8b9bac2c3c4c5c6c7c8c9cad2d3d4d5d6d7d8d9dae1e2e3e4e5e6e7e8e9eaf1f2f3f4f5f6f7f8f9faffc4001f0100030101010101010101010000000000000102030405060708090a0bffc400b51100020102040403040705040400010277000102031104052131061241510761711322328108144291a1b1c109233352f0156272d10a162434e125f11718191a262728292a35363738393a434445464748494a535455565758595a636465666768696a737475767778797a82838485868788898a92939495969798999aa2a3a4a5a6a7a8a9aab2b3b4b5b6b7b8b9bac2c3c4c5c6c7c8c9cad2d3d4d5d6d7d8d9dae2e3e4e5e6e7e8e9eaf2f3f4f5f6f7f8f9faffda000c03010002110311003f00f40a28a2800a28a2800a28a2800a28a2800a28a2800a28a2800a28a2800a28a2800a28a2800a28a2800a28a2800a28a2800a28a2800a28a2800a28a2800a28a2800a28a2800a28a2800a28a2800a28a2800a28a2800a28a2800a28a2800a28a2800a28a2800a28a2800a28a2800a28a2800a28a2800a28a2800a28a2800a28a2800a28a2800a28a2800a28a2800a28a2800a28a2800a28a2800a28a2800a28a2800a28a2800a28a2800a28a2800a28a2800a28a2800a28a2800a28a2800a28a2800a28a2800a28a2800a28a2800a28a2800a28a2800a28a2800a28a2800a28a2800a28a2800a28a2800a28a2800a28a2800a28a2800a28a2800a28a2800a28a2800a28a2800a28a2800a28a2800a28a2800a28a2800a28a2800a28a2800a28a2800a28a2800a28a2800a28a2800a28a2800a28a2800a28a2800a28a2800a28a2800a28a2800a28a2800a28a2800a28a2800a28a2800a28a2800a28a2800a28a2800a28a2800a28a2800a28a2800a28a2800a28a2800a28a2800a28a2800a28a2800a28a2800a28a2800a28a2800a28a2800a28a2800a28a2800a28a2800a28a2800a28a2800a28a2800a28a2800a28a2800a28a2800a28a2800a28a2800a28a2800a28a2800a28a2800a28a2800a28a2800a28a2800a28a2800a28a2800a28a2800a28a2800a28a2800a28a2800a28a2800a28a2800a28a2800a28a2800a28a2800a28a2800a28a2800a28a2800a28a2800a28a2800a28a2800a28a2800a28a2800a28a2800a28a2800a28a2800a28a2800a28a2800a28a2800a28a2800a28a2800a28a2800a28a2800a28a2800a28a2800a28a2800a28a2800a28a2800a28a2800a28a2800a28a2800a28a2800a28a2800a28a2800a28a2800a28a2800a28a2800a28a2800a28a2800a290900124e00ea4d73f278d7418ae4c06f09c1c1758d8ae7ea073401d0d151c3345710acb0489246e32ae87208fad49400514514005145140051451400514514005145140051451400514514005145140051451400514514005145140051451400514514005145140051451400514514005145140051451400514514005145140051451400514514005145140051451400514514005145140051451400514514005145140051451400514514005145140051451400514514005145140051451400514514005145140051451400514514005145140051451400514514018fe2c13b78635016d9f33caedd76e7e6fd335e2f5eff005cbea3e02d1ef6e0cd1f9d6a58e59612369fc0838fc38f6a00c8f85d713b1beb62498142b81d958e47eb8fd2bd02a868fa3d9e8b67f66b28caa93966639673ea4d5fa0028a28a0028a28a0028a28a0028a28a0028a28a0028a2b2bc4babff62e8d35e2a8690612353d0b1e99fe7f85006ad15e2ade27d6dae7cffed3b90f9ce03e17fef9e9fa57a8784f596d73454b99542cc8c63931d0b0c1c8fc08a00daa28a2800a28a2800a28a2800a28a2800a28a2800a28a2800a28a2800a28a2800a28a2800a28a2800a28a2800a28a2800a28a2800a28a2800a28a2800a28a2800a28a2800a28a2800a28a2800a28a2800a28a2800a28a2800a28a2800a28a2800a28a2800a28a2800a28a2800a28a2800a28a2800a28a2800a28a2800a28a2800a28a2800a28a2800a28a2800a28a2800a28a2800a28a2800a28a2800a28a2800a28a2800a28a2800a28a2800ae7bc776c2e3c2b7676e5a22b22fb61867f426ba1aada8db1bdd36ead430533c2f1827b6411fd6803c22bd17e16dcb35a5fda9c6d8e44907d58107ff4115e755d8fc317235fb85cf0d6ac71ea432fff005e803d3e8a28a0028a28a0028a28a0028a28a0028a28a0028a28a0028a28a0028a28a0028a28a0028a28a0028a28a0028a28a0028a28a0028a28a0028a28a0028a28a0028a28a0028a28a0028a28a0028a28a0028a28a0028a28a0028a28a0028a28a0028a28a0028a28a0028a28a0028a28a0028a28a0028a28a0028a28a0028a28a0028a28a0028a28a0028a28a0028a28a0028a28a0028a28a0028a28a0028a28a0028a28a0028a28a0028a28a0028a28a00f1bf1969a74df11dd20188e63e747d070dc9fc8e47e1537805ca78b6d147f1ac8a7fef827fa5759f12b4d171a3c77eabfbcb57018ff00b0dc7f3dbf99ae0343befecdd6acef0921629417c7f77a37e84d007b8d1451400514514005145140051451400514514005145140051451400514514005145140051451400514514005145140051451400514514005145140051451400514514005145140051451400514514005145140051451400514514005145140051451400514514005145140051451400514514005145140051451400514514005145140051451400514514005145140051451400514514005145140051451400514514005145140051451400514514014f57b21a969575667199a32aa5ba06c707f03835e184152410411c106bdfebc87c73a61d3bc473b28fdd5d7efd0fb9fbc3fefacfe045007a3784aff00fb47c37653139754f2df9c9caf1cfd719fc6b62b80f85f7d94bdd3d987044c8b8e4f663fa2fe75dfd0014514500145155efaf2df4fb492eaea411c318cb31fe5f5a007cf710db26fb89a389338dcec1467f1a7a3a4881e365746190ca7208af1af116b973e22d483ed61103b608473807dbb935e93e0cd3eeb4cf0f4305e82b21667084fdc07b7f5fc68037a8a28a0028a28a0028a28a0028a28a0028a28a0028a28a0028a28a0028a28a0028a28a0028a28a006bbaa296760aa3a9270052472472aee89d5d7d54e457987c45d4ee66d71ac0bb2dbdbaae101e18919c9f5eb8fc2b9ed2f55bdd22e85c594cd1b7f12f5571e8477a00f73a2b3741d5e2d6f4a8af621b4b7cb22673b18751fd7e845695001451450014514500145145001451450014514500145145001451450014514500145145001451450014514500145145001451450014514500145145001451450014514500145145001451450014514500145145001451450014514500145145001451450014514500145145001451450015cbfc40d28ea1a09b88d733599320f5d9fc43f91ff0080d75148ca194ab00411820f7a00f21f025e7d93c536c0b6d49c344def91c0ff00be82d7afd78c6af6ade1df143a43d2da65961cf3c70cbf5f4fc2bd8ada74bab68ae22398e540ea7d411914012d14532596382279657548d01666638007a9a0065d5cc3676d25cdcc8b1c318dcccdd85792f897c4375e25bf48a14716cadb6081792c4f00903ab1fd3a7a932f8c3c50fae5cfd9ed8b2d8c4df20e8643fde3fd05755e07f0aff66c4ba8dfc7fe98e3f768c39894ff00ecc7f4e9eb4013f843c231e8f1adddeaac97ec3ea211e83dfd4fe03dfaaa28a0028a28a0028a28a0028a28a0028a28a0028a28a0028a28a0028a28a0028a28a0028a28a0028a28a00e1be25e929259c5aac49fbd89847291dd4f427e878ff81579c57ba6af62ba96957566c01f3a32ab9e81bb1fc0e0d78ce8f0413eb16d6d78a7ca964113f382bbbe5cfd4139fc2802ef85fc4536817dbbe692d64204d10ee3d47b8fd6bd7ed6e61bcb68ee2da4124322ee561dc578bebba2dce877ed6d7232a798e4038917d7fc476ae9fe1c6ba62b86d22e1c98e5cb4049fbadd4afe3d7ea3de803d1e8a28a0028a28a0028a28a0028a28a0028a28a0028a28a0028a28a0028a28a0028a28a0028a28a0028a28a0028a28a0028a28a0028a28a0028a28a0028a28a0028a28a0028a28a0028a28a0028a28a0028a28a0028a28a0028a28a0028a28a0028a28a0028a28a0028a28a0028a28a0028a28a00f3cf8a161896cf505538606173d86395fe6df956dfc3dbff00b6786d2163992d5cc4727248ea3f0c1c7e156fc6963f6ef0c5e2800bc2be7293db6f27ff001dc8fc6b82f046bf068573786ed98412c59c2ae4b3a9e00fc0b5007aa5d5d41676cf71732ac50c632cec7815e59e2bf164faec9f65b50d1d906e17f8a53d89fe82a96bbe20bff125daa32b08b7621b68f2793c0ff79bfc8aed7c1fe0e5d3365f6a4aaf79d523ea22ff0016fe54010f833c1df6329a96a918371c34309ff967fed1ff006bdbb7d7a76f4514005145140051451400514514005145140051451400514514005145140051451400514514005145140051451400578cf8bacce9de27bc44caab49e721c63ef7cdc7d0923f0af66af3cf8a165896cafd41c1530b9ec31caff36fca803abbdb0b5f14681179e9b04f12cb1b632d1923208feb5e53a8585f7873565497e49a26124522f21b07861f957a4fc3fbb175e1785392d6eed1313f5dc3f461567c59a0a6bba5b46a00ba8b2d037bf75fa1ff0003da802d683abc3ade971de43c31f9644fee30ea3fcf635a55e3be16d6e5f0eeae7cf561039f2ee232082307ae3d473fa8af608dd248d648d8323005594e4107b8a0075145140051451400514514005145140051451400514514005145140051451400514514005145140051451400514514005145140051451400514514005145140051451400514514005145140051451400514514005145140051451400514514005145140051451400514514005145739e26f16dae868d0c789ef88e220784f763dbe9d7e9d6802c789bc4369a1d99f382cd3c8088e0fef7b9f415e355ab6d6da9f8a7586c169ae253b9e46fba83d4fa01e95a3e30f0ca680964f033491c8852473de40739f6c83c0ff66803b6f0af852d345892e5d96e2f59799872ab9ec9edefd4fb74ae92b9df02ea5fda1e1b8158e64b6fdc37d07ddffc771f91ae8a800a28a2800a28a2800a28a2800a28a2800a28a2800a28a2800a28a2800a28a2800a28a2800a28a2800a28a2800a28a2800ae73c7b67f6bf0bdc3004bdbb2caa07b1c1fd09ae8ea1bcb75bcb39eda42424d1b46c47a118feb401e7ff000baf36de5f591c9f32359473c0da707f3dc3f2af46af1cf094eda778b6cc4aac0f9a6075e9cb6579fa123f2af63a00f3bf88be1f11b7f6c5aa00ac42dc28ec7a06fc7a1fc3d4d58f875aff009b19d1ee9f2e80b5b93dd7bafe1d47b67d2bb89e18ee609209903c52295753dc1e08af1bd674fb9f0cebfb2376062612dbcbeab9e0ff0043f43401ed14567683ab45ad6950dec580586244cfdc71d47f9ec4568d001451450014514500145145001451450014514500145145001451450014514500145145001451450014514500145145001451450014514500145145001451450014514500145723e35f15cba2b47676217ed522ef6761908b9c0c0f53835cbd878ff59b7981bb68ef232795640871ec540c7e20d007ab5154346d56db59d3d2f2d49d84e195baa30ea0d5fa0028a2b92f887ab4ba7e911dbdbb9496ed8a961c1d83ae0fe23f5a00e952fad249cc11dd40f30eb1ac80b7e5562bc011da3757462aca72181c106bda7c2f7d2ea3e1db3ba9ce6574218fa904ae7f1c668035a8a28a0028a28a0028a28a0028a28a0028a2b27c43af5ae8365e74e77caf911420f2e7fa0f5340147c63e255d0ac8456e54df4c3f760f3b07f788fe5eff435e5289717f781577cf713bf739676269fa8df4fa95f4b7774fba594e4fa0f403d857a1f807c346c611aa5ea01712afee508e6353dfea7f97d48a00dbf0c6851e83a62c036b5c49869e41fc4de83d876ff00ebd1e2cd2ffb5bc3f7302aee99079b16064ee5ec3ea323f1ad9a2803cb3e1d6a7f63d6dad24388ef1768ff007c72bfd47e22bd4ebc77c53632685e2794dbfeed4b8b8808e36827231f4208fc2bd5748d423d574bb7bd8f8132648fee9e847e0722802ed1451400514514005145140051451400514514005145140051451400514514005145140051451400514514005145140051451401e3de30b76d3bc5b74d16577389d0fb9e49ff00beb35eb76970b776705cc7f7268d645fa119ae03e28da6dbab1bc193bd1a26f41b4e47fe847f2ae87c0379f6bf0bc0a492d6ecd0b13ec723f422803a4ae7fc63a08d6f493e528fb5c19784ff007bd57f1fe6057414500792f8235c3a3eaff67b862b6b7242481b8d8dd9bfa1f6fa57ad57997c42d03ec778354b64c4170d8940fe193d7f1fe79f5ae8bc05afff006a69df62b87cdd5aa81927974ec7f0e87f0f5a00eae8a28a0028a28a0028a28a0028a28a0028a28a0028a28a0028a28a0028a28a0028a28a0028a28a0028a28a0028a28a0028a28a0028a28a0028a28a0028a28a0028a28a00e07e226817775711ea969134cab1ec951065970490d8ee39fc315e7b5f40578878894af88b520c307ed521fcd89a00ea7e175e15bcbdb2392af189473d369c1fcf70fcabd1abccbe1846c75bba947dd5b62a7ea5971fc8d7a6d0015e73f1465dd7b610ee1848ddb1dc648ff0af46af10f10de3dfebd7b70ec4869582e7b283851f9014019c064e057b968b67fd9fa359da150af142aae01c8dd8f9bf5cd79978074e8eff00c468d2aee4b643363b160405fd4e7f0af5ba0028a28a0028a28a0028a28a0028a28a00ccd7b5bb5d0ac0dcdc9dcc788e207976f4fa7a9af20d6755b9d67507bcba3f3370aa3a22f602b43c69aa4da97886e5646222b6768634ecb83827f1233f97a562db412dd5c476f021796460a8a3b93401d3f80b40fed4d47ed9731eeb4b639c30e1dfb0fc3a9fc3d6bd56a9691a7c7a56976f651e088500240c6e6ee7f1393576800a28a280391f889a41bdd1d6f625ccd6672d8ef19ebf9707e99ac7f86bac795712e93337cb2e64873fde03e61f8819fc0fad7a248892c6d1c8a19181565232083dabc6b5bd3e7f0d7884a42c57cb7135bb9e72b9c8fcb183f4a00f67a2a8e8da945abe9705ec5c0917e65feeb0e08fceaf500145145001451450014514500145145001451450014514500145145001451450014514500145145001451450014514500731f10ed3ed3e1792404e6de44970075e76ff00ecd9fc2b0fe175e626beb2666f9956545ec31c31fd57f2aeeb51b517da75cda12079f1347923a64119af28f03dd9b2f155b07628b29685c7ae4703fefa02803d828a28a00ada85943a8d8cd6772bba29976b7a8f423dc1e6bc7c8bdf0a7888e08f3ad9ff00e03229fe847e5f515ed35ca78f340fed4d37ed96e99bbb504e00e5d3a91f8751f8fad00743a6dfc1a9d843796c731cab919ea0f707dc1e2ad5796fc3fd7ffb3b50fecfb86c5b5d37ca4ff049d07e7d3f2af52a0028a28a0028a28a0028a28a0028a28a0028a28a0028a28a0028a28a0028a28a0028a28a0028a28a0028a28a0028a28a0028a28a0028a28a0028a28a0028a28a002bc9fe225b791e287933ff001f11249f4fe1ff00d96bd62b81f8a16598ec6fd547ca5a176cf3cf2a3f46fce80333e1a5c88bc412c2cd81340428f56041fe5babd46bc6bc173adbf8aec1db905ca7e2ca547f3af65a002bc27559165d5af24550aaf3bb051d8163c57bb578c78bac4e9fe24bd8f1f248e654e3030dcf1f4c91f8500763f0bed9174abcba1f7e49c467e8aa08ff00d08d76d5c6fc319a36d0ee60561e647705997d8a8c1fd0fe55d95001451450032592386269657548d065998e001ea4d738fe3cd056e3caf3e565ce0c8223b47f5fd2b17e266acc3c8d2a262011e6cd83d79c28fd09fcabcfe803dead6ea0bdb74b8b5952589c655d0e41a9abc8fc15e21fec5d4bcab9908b29f871d91bb37f43edf4af5b52194329041190477a005a28a280389f137815f52bf7bdd3a78a2794e648e5c85ddea0807ad5df0a783a3d0e53777522cf778214a8f9631df19ee7d6ba9a2800a28a2800a28a2800ae63c77a2ff6a68c6785737369975c7565fe21fd7f0f7ae9e8a00f32f871acfd97507d3266c4573f34793d2403fa8fe42bd36bc7fc5da4be83af96b70638643e740cbfc3cf41f43fa62bd2fc37ac26b7a3c5763025fb92a8fe171d7fc7f1a00d5a28a2800a28a2800a28a2800a28a2800a28a2800a28a2800a28a2800a28a2800a28a2800a28a2800a28a2800a28a2800af1cf11c6fa478c6e9e223747702742074ce1c7e59c57b1d79afc4fb4f2f54b4bb18c4d11438eb953d4fe0c3f2a00f4686549e18e689b747228653ea08c8a92b03c117bf6df0bda12c19e10616f6da781ff007cedadfa0028a28a00f25f1c683fd91aa79f6e98b4b9259303846eebfd47ff005abbaf05eb9fdb5a3af9ad9bab7c472fab7a37e23f506afebda4c5ad693359c980cc331b9fe071d0ff009ec4d79678775297c37e2106e14a28630dca1ec33cfe4467f0a00f64a29aacaea19486523208390453a800a28a2800a28a2800a28a2800a28a2800a28a2800a28a2800a28a2800a28a2800a28a2800a28a2800a28a2800a28acbd7b5db3d0acfceba6dd23711c2a7e673fd07a9a00d4a2bc9d3c5bafea3ad44d6d2b02f20096d18cae33d0fafd7f957ac5001451450014514500159be20d346ada2dd598c6f74cc79ecc395fd456951401e21a0663f11e9c1c6d2b771839e31f38af6faf1af17db1b1f155e8424664f394ffbc377f326bd76c2e96fac2dee9061678d6403d32338a00b15c2fc4ad1de7b787558464c03cb987fb24f07f024fe75dd5473451cf0c90caa1e3914ab29ee08c11401e41e0fd6ff00b13594924622da6fddcc3d0766fc0fe99af620410083907bd7897883479b44d525b4941299dd13ff007d3b1ff1f7aeafc11e2e112a697a9ca163036c1331fbbfec93e9e87f0a00f43aaf7d790d8594d7772db62894b31fe83dcf4ab15e5fe3cf128d4ae3fb3aca4dd690b65dd7a48e3d0f703f53f8500737ab6a32eaba9cf7b3f0f2b671fdd1d00fc060568e85e15bdd72c2eaeadcaa88b88c37fcb56eea0f6e3bfa91ee467693a6cfab6a30d95b8f9e43c9eca3b93f415ed961670e9f650da5b2ed8a25daa3d7dcfb9eb401e13246f148d1ca8c8e84ab2b0c104750457a77c3ad67edba5b69f34999ed7ee64f263edf91e3d8629de39f0d26a364fa85a45fe9b08cb6d1cca83a8f72074fa63d2bce34ad426d2b5186f6dcfcf136707a30ee0fd45007bad155ec6ee2bfb286eedce629903ae7a8cf63ef562800a28a2800a28a2800a28a2800a28a28030bc5fa20d6f4678e35cdd43fbc84fa9eebf88fd715e7fe0ad73fb175811cedb6d6e484973fc27b37e1dfd89af5daf2ff00887a17d87501a940b882e9be7c7f0c9dff003ebf5cd007a8515cbf80f5bfed4d1c5bccf9b9b4c2367ab27f09fe9f87bd75140051451400514514005145140051451400514514005145140051451400514514005145140051451400514514005729f11ecfed1e1cf3c05dd6d2ab927aed3f2903f123f2aeaea9eaf67f6fd26eed0005a6899573d376383f9e28038cf85d79f25f58b3f42b322fe8c7f45aefebc93e1fdd1b6f14c299016e11e26cfd370fd5457add001451450015e77f12344d92a6af02fcaf88e703d7f85bfa7e03d6bd12abdfd9c57f6535a5c2e62990ab7b7b8f71d680397f879adfdbb4c3a7ccf99ed47c99fe28fb7e5d3f2aec2bc5ed66baf0af897e7077db49b6451c79887fa11c8fc2bd9209a3b9b78e785b7472287461dc119068024a28a2800a28a2800a28a2800a28a2800a28a2800a28a2800a28a2800a28a2800a28a2800a28a2800a293a0e6b83f1578e82092cb45705feebdd0e83d93d7ebf97ad006cf89fc5d6ba22b410ed9efb1c479f953ddbfc3afd2bceed6cf56f15ea8ec0b4f2b1fde4afc2463dfd07b0fc2ad786fc2d79e219fed1333c569b8979db9673dc2e7a9f7fff00557aa69da7dae9968b6d670ac512f61d49f527b9a00cef0ef866cb4087f743cdb961879d8727d87a0adba28a0028a28a0028a28a0028a28a00f39f8a16456eecaf86487431371c0c1c8fcf71fcab77e1dde7da7c32b11c66da568faf241f981ffc7b1f854be3eb3175e179db04b5bb2caa07b1c1fd09ae77e175d05bcbfb439cc91ac83db69c1ffd087e5401e8d451450062f8a3418f5fd34c3954b88f2d0c84743e87d8ff0081ed5e417967716174f6d77134534670cadfe791ef5ef3597ade8161ae4023bc8cef5fb92a1c3afd0ff43401e4a35fd5469bfd9df6e97ecb8dbb32338f4cf5c7b67159f1a3cb22c71ab3bb10155464927b015dfb7c321b8edd5885cf436f93ff00a15749a1785b4dd0c0782332dce399e4e5bdf1e83fcf340153c17e1afec3b369ee4037b381bf1cf96bfdd07f9fe1e99ae9a8a2800af26f1ce80749d4cdcc11e2cee4965da3846eebedea3dbe95eb359daf6969ac6913d93e033ae6363fc2e3a1ff003d89a00e53e1aeb21a0974899be742648727aa9fbca3f1e7f13e95de578559dcdce8faac73a294b8b693946c8e41c153fa835edf67731ded9c375092639903ae7ae08cd004d4514500145145001451450014514500154f56d3a1d574d9eca71f24ab807fba7b11f435728a00f19d22f6e3c2de24ccea4189cc53a0fe25cf38f5ec47e15ec71c892c6b246c1d1c0656072083d0d701f12b46c3c5abc2bc36229f03bff0b7f4fcaaff00c38d64dde9efa6ccf996d798f279319ff03fcc5007674514500145145001451450014514500145145001451450014514500145145001451450014514500145145001451450078cdf6744f18c8c136adb5df98abfec6edc07e58af66af29f88d6c20f131941cfda21490fb1195ffd9457a2f87ae45e681613eede5a050c7d580c1fd41a00d1a28a2800a28a280383f897a3ef861d5a15e53114d8f43f74fe7c7e22a5f86babf9f652e972b65edff7917ba13c8fc09ffc7bdabb0bdb48afaca6b59c662990a37e3dc7bd78e5a4b71e18f12ab480f99693159001f7d7a1c67d474fa83401ed545322912689258983c6ea19587420f434fa0028a28a0028a28a0028a28a0028a28a0028a28a0028a28a0028a28a0028a28a002a0bbbbb7b1b67b8ba956285065998f159faff0088ac7418375c36f9d8663814fccdfe03dff9d7986a5aa6abe2ad4923dad2163886de3fbabfe7b93fca80343c53e329f572d6b65ba0b2e87b34bf5f41edf9d5df0b7819eeb6de6b0ad1c1d52dfa33fbb7a0f6ebf4efbbe17f05dbe93b2eafb6dc5ef503aa45f4f53eff0095759400c8e348a358e2454441855518007a014fa28a0028a28a0028a28a0028a28a0028a28a0082f6dd6eeca7b663859a368c9f6208feb5e4fe05bafb278aad4336d597744def91c0ff00be80af5faf17bd71a5f8c26944784b6be2e13fd90f903f2a00f68a28a2800a28a2800a28a2800a28a2800a28a2803cefc75e16ba97521a869b6cf32ce3f7a918c9571df1e847ea0fad74fe0cb2bbb0f0e416f7aa524058843d5413903fafe35bb4500145145001451450014514500145145001451450056d42ca1d46c27b3b8198e642a7dbd08f7079af20b49aebc2de2506407ccb6936c8a3f8d3bfe6391f857b4570df12345f3ad5356817e78709363ba93c1fc0f1f8fb50076b6f347736f1cf0b078e450e8c3b83c8a92bcffe1cebff00f306b96f56b763f995fe647e3ed5e814005145140051451400514514005145140051451400514514005145140051451400514514005145140051451401e7df14a019d3ae0273fbc466fc881ffa156cfc3bb9f3fc2e91e31f6795e3faf3bbff0066a6fc46b769fc306453c413248df4e57f9b0accf85b724c3a85a96e1592455cfae413fa2d0077b45145001451450015e77f13348d9341aac4bc49fba9b1ea3ee9fcb23f015e8954f55b08b54d32e2ca6e1264db9fee9ea0fe07068039cf875abfdb3496b095b335a1c2e4f2633d3f2391f4c575f5e33a25f4de1af122b4e0af94e61b851dd7383f5c751f415ec8acaea1948652320839045003a8a28a0028a28a0028a28a0028a28a0028a28a0028a28a0028a2a2b8b886d6079ee2458a241967638005004b5c5f8a3c73158efb4d28acd723869baa467dbd4fe9f5e9587e2af1b4da96fb3d34b43687e5693a3ca3fa0f6efdfd28f0bf8227d4765dea61a0b4eab1f4793fc07ebfce8032349d1f53f13ea0ce19df2d99ae652485fc7b9f6fe95ea3a0f87ecb42b6f2ed9374ac3f79330f99ff00c07b5685adb41676e96f6d12c50c630a8a30054d40051451400514514005145140051451400514514005145140057927c41b6683c553b9002ce8922e3d31b7f9a9af5baf3ef8a367cd8deaa9fe289dbf551ffa150076ba45c9bcd22cee5882d2c28ec47a9033fad5cae67e1eddfda7c2f147ce6de468893df9dc3f4615d35001451450014514500145145001451450014514500145145001451450014514500145145001451450014c9a28e785e19543c72295653d083c114fa2803c5f57d1af744d71a0852625240d6f2229cb0ce548c77feb5ec76c656b589a70165280b81d9b1cfeb52d140051451400514514005145140051451400514514005145140051451400514514005145140051451400514514019fafda7dbb42beb6dbbd9e16da3d580cafea0579c7c3aba16fe26588ff00cbc44f18fa8c37fecb5eaf5e32ff00f120f181382a96b77903b94ddfd57f9d007b3514514005145140051451401e75f12b46f2e68f57857e59311cd8fef01f29fcb8fc07ad6bfc3cd6bedfa49b199f33da602e7ab47dbf2e9f9574ba8d943a8d84f6770331cc854fb7a11ee0f35e43637175e15f12664077dbc852551d1d3bfe6391f85007b3d151dbcf1dcc11cf0b878a450c8c3b83d2a4a0028a28a0028a28a0028a28a0028a28a0028a2b0bc4de27b5d020c1c4d76e3f77083fab7a0fe7f9e002eeb3acd968b69f68bd936e73b1072ce7d00af2cd675dd4bc4f7c90846f2cb7ee6d63c919fea7dff954206abe2cd67bcf70fdfa244bfd1467ff00d64d7a6f86fc3369a04194c4b74e3f79311cfd07a0a00caf0af8261d3bcbbcd4c2cd763958faa447fa9fd07eb5d8d145001451450014514500145145001451450014514500145145001451450015cef8f2c8def85ee0aa967b7226503db83ff8e935d15473c31dc412432aee8e4528ca7b8230450079d7c31be116a37762c46268c48b93dd4f41f81fd2bd26bc5f4b91f40f15c5e6b01f65b931c8d8e36e4ab1fc89af68a0028a28a0028a28a0028a28a0028a28a0028a28a0028a28a0028a28a0028a28a0028a28a0028a28a0028a28a0028a28a0028a28a0028a28a0028a28a0028a28a0028a28a0028a28a0028a28a0028a28a0028a28a0028a28a0028a28a002bcabe23da791e23138ce2e625724f4c8f971f901f9d7aad719f136c8cda45bde28626de5da71d02b0ea7f10a3f1a00dff0c5e7dbfc3b6171c92620ac4f52cbf293f9835a95c3fc30bdf334fbcb26eb0c8245c9ecc318c7b15fd6bb8a0028a28a0028a28a002b85f891a279b6e9abc0bf3c4024f8eeb9e1bf03c7e23d2bbaa64b124d13c52a878dd4ab29e841ea280383f86faee55b46b86e465edc9f4eacbfd7f3aefebc635cd36e3c35af6c89d97cb612dbcbdcae783f518c1fa57aae81abc5ade9315e478563f2c89fdc71d47f51ec4500695145140051451400514514005150dcdcc1676ef3dcca9144832cee700579bf89fc7335f07b4d28b416c78697a3c83dbfba3f5fa74a00def1578d61d33ccb3d34acd783e567ea911fea7dbb77f4ae2747d1752f13ea0ee198a96ccd7326485ff13edfc8569f863c1371a9ecbad4375bd99e557a3c9f4f41eff97ad7a65a5a5bd8db25b5ac4b142830a8a3814015b46d1acf45b416f671e33cbb9e59cfa935a1451400514514005145140051451400514514005154358d5ed346b237378f85e8aa39673e8057996a5e37d66f6766867fb2439f963880e07bb753fe78a00f5ca2bc96c3c77addac8a66992ea31c149500e3ea3073f9d7a2e81af5a6bd67e7db1db22e04b0b1f990ff0051e87ffd5401ab4514500145145001451450079378fec6687c4f34de5379770119085e09da01fc722bd23c3ed74da1591beddf68f286fdff007bdb3ef8c568d14005145140051451400514514005145140051451400514514005145140051451400514514005145140051451400514514005145140051451400514514005145140051451400514514005145140051451400514514005145140051451400550d76c3fb4f45bbb3c02d2c6420271f30e57f502afd1401e45e02befb1789e1562025c298589f7e47ea00fc6bd76bc6bc4703e8be2cb830614c7309e220600cfcc31f4e9f857b05b4e9756d15c44498e540ea4fa11914012d1451400514514005145140181e31d0c6b7a3b08d7375065e13ebeabf88fd40ae13c0bad9d275816f3362dae8847cf456fe16fe87ebed5eb55e57f10744fecfd57edd02e2deec9638e8b2771f8f5fcfd2803d528ae7bc17ad7f6c6889e6beeb9b7c472e7a9f46fc47ea0d74340051454179776f636ed71773243120e59ce3ffd67da8027ac3f1078a6c3424292379d758f96043cff00c08ff08ff38ae4fc45e3f96e37db68c1a18b906e187cedfee8fe1faf5fa563e83e16d47c412f9edba2b6624b5c4809dc73ce3fbc7f4f7a0086ff0053d5fc55a824443cacc7f776f10f957df1fcc9fe55db7867c0f6fa7ecbad4c2dc5d7511f548ffc4ff9f7aded1b43b1d12dfcab28b04fdf91b977fa9fe9d2b4a800a28a2800a28a2800a28a2800a28a2800a28a2800a86eae61b3b692e2e1c47144a59d8f602a6ae0be266ac522834a89c8327ef6603d07dd1f9e4fe0280392f126b936bda9b5c3ee5813e58633fc2bfe27bfff005855df0e783af75c8fed0ce2d6d790b2b2ee2e7d864647bd33c1fe1f3aeea7fbe07ec7061a639c6ef451f5fe59f6af5e8e348a358e35544401555460003a01401e55aa780b57b25692dc25e4633fea8e1f1fee9fe4335cfdadd5de997825b7924b7b88ce323820f7047f435eef5ccf8b3c270eb7135c5b058afd470dd0483d1bfc68013c25e2c8f5c436d72ab15f20c903eec83d47bfa8ff0023a7af095379a46a20fcf6f776efdc60a9ff003f9d7acf85fc4906bf69da3bc8c7ef62ff00d997dbf97e5900dda28a2800a28a2800a28a2800a28a2800a28a2800a28a2800a28a2800a28a2800a28a2800a28a2800a28a2800a28a2800a28a2800a28a2800a28a2800a28a2800a28a2800a28a2800a28a2800a28a2800a28a2800a28a2800a28a2800a28a2800a28a2800a28a2800a28a2803cefe28596db8b2bf507e7530b9ec30723f9b7e55d0780af7ed9e18815892f6ecd0b13edc8fd081f853fc75626fbc3173b465edc89d7fe03d7ff1d2d5cc7c30bef2efeeec58fcb2c6245c9eea7040fa83fa5007a45145140051451400514514005676bda526b3a44f64f80cc331b1fe171d0ff9ec4d68d1401e3de14d564f0ff8802dce6389d8c370adfc3ce327e87fad7b0d798fc47d23ecba926a30ae22bae1f038120ff11fa835427f1a6a6fa2dbe9d0b792634d8f3a9f9dc0e983db8c7b9a00ee3c47e31b2d1b7410e2eaf31fead4fca87fda3fd3afd2bceee2eb58f156a214f997329fb9120c2c63d87403a727f135a3e1cf05de6afb2e2ef75ad99c10c47cf20ff647f53fad7a5e97a5d9e936a2dec615893b9eacc7d49ef401cc787bc036d67b6e3562b733f5108ff56bf5fef7f2fad7660050000001c003b52d14005145140051451400514514005145140051451400514514005789eb77326b3e24b9922cc8d3cfb220063233b547e58af5ed6ae8d968d7b72adb5e285d94ff00b5838fd715e5de04b3fb5f8a6db29b9200d2b7b60707fefa2b401e9ba06910e89a54567172c3e691ff00bee7a9ff000f602b4a8a2800a28a28039bf17f85e3d76dbce802a5f443e463c071fdd3fd0d7975adc5de8fa92cd16e86e6ddf0430c10470411fa115eeb5c7f8ebc30351b76d46ce3ff004c897f78abff002d547f51fcb8f4a00e8343d5a1d6b4b8af61f97770e99c9461d47f9ec45685791f827c41fd8da9f953b62cee485909fe03d9bfc7dbe95eb940051451400514514005145140051451400514514005145140051451400514514005145140051451400514514005145140051451400514514005145140051451400514514005145140051451400514514005145140051451400514514005145140051451400514514011cd124f0490cabba3914ab29ee08c115e35a4ccfa0f8aa13330536d706295ba8db92ac7f2cd7b4d7937c42b2fb2f895e55036dcc6b28c0c007ee9fe59fc6803d668acdf0f5eff0068e83657458bb3c403b1eec386fd41ad2a0028a28a0028a29188552cc40006493da8016b13c43e27b1d063db29f3ae48cac0879fa93d87f9e6b9ef13f8f1632f69a2b067070d724640ff0077d7ebd3d33d6b98d0bc39a8f892e5a62ccb096ccb732e4e4f7c7f78ff0093400cbed4757f15ea29190d3393fbb8231854f7ff001269be149ad6dbc476bf6f852488bec2241c231e01f4e0e3afbd7abe8da258e896de4d94582df7e46e5dfea7fa74af37f1fe9474fd79ae11710de66553fed7f10fcf9ff815007acd158de13d57fb634182e1db3327eea5ff007877fc460fe35b340051451400514514005145140051451400514514005145140051451401cff8ece3c217d8ff00a67ffa316b95f85f016d52f6e3b470843ff026cffecb5bff0011e5f2fc33b3fe7ace8bfccff4accf8588445a93f62d18fcb77f8d0077d45145001451450014514500793f8f3431a56adf6981316b764b003a2bff0010fea3ebed5d7f803583a968bf6799b33d9e233ee9fc27f423f0f7ad5f11e90bade8f35a1c093efc4c7f85c74ff0fa135e5fe16d4df40f10a35c031c658c370ac31b4679cfd0807f0a00f64a2907232296800a28a2800a28a2800a28a2800a28a2800a28a2800a28a2800a28a2800a28a2800a28a2800a28a2800a28a2800a28ae4fc49e368745be16705b8ba954665f9f684f6e879a00eb28aaf6374b7d636f771a9559e359003d40233562800a28a2800a28a2800a28a2800a28a2800a28a2800a28a2800a28a2800a28a2800a28a2800a28a2800a28a2800a28a2800ae27e2759f9ba5da5e0ce6094a1007661d7f351f9d76d593e29b4fb6f86efe1efe517181dd7e61fca8030fe19de79da2cf6acc4b5bcb903d158647ea1abb2af2ef86b7be46bb2dab3616e62381eacbc8fd3757a8d001451585e23f145968316d6226bb61f2c0a79fab1ec28034b51d46d74bb46b9bd99628978c9eac7d00ee6bcbbc4de2ebbd719ade1dd6f659e2307e67ff78ff4e9f5eb54ae6e756f156a8010f713313b224e1631edd80e9c9fc4d7a0f863c1b6da36db9ba2b737bd4363e58ffddf7f7fe540183e18f023cfb6ef5a568e3ea96dd19bfdef41edd7e9dfd0e28a386258a2458e351855518007a014fa2800ac1f1968ff00dafa14a91aeeb883f7b1607248ea3f119fc715bd4500795fc3cd5c586b26ce56c43798519ece3eefe7923f115ea95e45e34d25b45d7ccb06521b83e744578da73c81f43fa115e91e1bd5975ad160bbc8f371b2503b38ebf9f5fc6803568a28a0028a28a0028a28a0028aa1aa6b5a7e91187beb94889fba9d59be8073f8d70facfc459a5063d220f201ff0096d3005bf05e83f1cd007a3121412c4003a93540eb9a42921b54b1047506e13fc6bc5ef2fef2fe4df797334ec3a798e5b1f4f4a747a6dfcb099a2b2b97887575898a8fc71401edb6da8595d9c5ade5bce7d23955bf91ab35e00410704608adbd13c57a9e8ceaa9319edc70609492b8f6feefe1401ec94564787fc4565af405adc9499066485fef2fbfb8f7fe55af401c47c509f6e9765071f3cc5ffef9523ff66a97e18a28d06e5c0f98dc904fb055ff001354fe29ff00aad34ffb527fecb57fe190c78766f7ba6ffd056803afa28a2800a28a2800a28a2800af35f891a30b6bc8f5485711dc1d92e3b381c1fc40fd3debd2ab3b5fd31758d1ee2c890ad22e518f661c8fd7f4a00e6bc01e241776eba4ddb8f3e25c40c7f8d076fa8fe5f4aedabce3c33e0dd5acf5e82eaf2348a181b76e0e1b771c0007f5c57a3d001451450014514500145145001451450014514500145145001451450014514500145145001451450014515ca789fc696da4efb5b2db717a383dd233efea7dbf3a00d0f1478821d074f67cab5dc8088633dcfa9f61ff00d6af36f0ce912f88b5cc4e5de20de6dcc87a919e99f527fa9ed4db0d3b56f15ea6f26e79589fdecf27dd41fe7a015ea9a168b6ba1580b6b60589e6490f576f5ffeb500684689146b1c6a15100555030001d053a8a2800a28a2800a28a2800a28a2800a28a2800a28a2800a28a2800a28a2800a28a2800a28a2800a28a2800a28a2800a28a2800a4201182320d2d1401e2f66ff00d83e2d4cc842da5d946603aa06c1fcc66bd9c90a0962001c927b57937c42b536de28964e31711a4a00edc6d3faa93f8d41ac78af53d66de2b32c63882aab2467995b1c927be4f6fe7401d3789fc769087b4d1583c9d1ae7aaaff00bbebf5e9f5ae6341f0dea3e24b969d999202d992e65c9c9ef8fef1adef0c780da4d977ad2954eab6dd09ff007bd3e9ff00eaaf418a3486358e2454451855518007a014014b47d16cb45b5f22ca2db9fbf2372ce7d49ff22b428a2800a28a2800a28a28030bc63a3ff6c6872a469bae21fde438ea48ea3f11fae2b85f006b5fd9bac7d9666c5bde610e7f85ff0084ff004fc47a57abd792f8ef45fecad64cf0ae2daef2e98e8adfc43fafe3ed401eb54560783b5b1ad68c8646cdd4188e6f527b37e23f506b7e800a28a2800ae37c4de3982c3ccb4d2f6cf7438697aa467ff663fa7f2aa3e35f1802b2e97a5bff00b334ea7f355fea6b8ad2f4cbad5af92d2ce3df237249e028ee49ec28023b89ee750bc69a6779ee266e49e4b1ec3ffad5d6e81e00b9bb559f5666b688f2215ff587ebfddfe7f4aebfc3be17b1d0a20c8a26bb23e69d873f45f415bb401434ed174dd2d40b2b38a26031bf1973ff00023cd5fa28a00af75656b7a812eeda19d47412206c7e75c3789bc04890bdde88ad95e5ad89dd91fec1eb9f63f87a57a0d1401e13a6ea171a55fc5796adb658cf43d08ee0fb1af66d1357b6d6f4f4bbb638cf0e84f28ddc1ae2fe21f879213fdb1691ed576c5caaf404f47fc7a1f7c7a9ac1f076b7fd8bad2348d8b59ff007737a01d9bf03fa668037be294ead71a7db8fbc88ee7e84803ff004135a5f0c6456d0ae63cfccb72491e80aae3f91ac1f89a73e20b7e78fb22ff00e86f5a3f0ad8edd4d7b0311ffd0e803bfa28a2800a28a2800a28a2800a28a2800a28a2800a28a2800a28a2800a28a2800a28a2800a28a2800a28a2800a28a2800a28a2800a28a2800a82eeeedec6d9ee2ee648624192cc71ff00eb3ed585e21f18d868dba18c8babb1c7948dc21ff68f6fa75af3abbbed5fc53a8aa36fb8949fddc318f9507b0ec3dcfe268036fc4be3a9efb7dae95beded8f0d2f47907b7f747ebfcaa0f0c782ae755d9757dbadaccf238c3c83dbd07bfe55d2786bc0d6f61b6eb54d97373d563ea91fff00147f4fe75d8d0057b2b2b6b0b64b6b48562893a2a8fd7dcfbd58a28a0028a28a0028a28a0028a28a0028a28a0028a28a0028a28a0028a28a0028a28a0028a28a0028a28a0028a28a0028a28a0028a2a39a68ade1696791638d0659dce001f5a0092b99f12f8c6d3450d6f6fb6e6f71f701f9633fed1fe9d7e95ce789bc7925ceeb5d199a28790d71d1dffddfee8f7ebf4accf0d7842f35b65b89f75bd9679908f99ffdd1fd7a7d7a500636a5a8de6ab74d777b2b4ae78c9e8a3b003b0eb5ddfc35d36ca4b097506843dda4c630edced180781dbaf5ab5e2dd0acacbc172c365088d6ddd2518e4b1ced258f7e18d667c2db9025d42d4b1cb2a48a3e9907f9ad007a1d1451400514514005145140051451400565f88b484d6f489acdb024fbd131fe171d0ff4fa135a9450078df86f5597c39af8338648f7186e633d8679fc41e7f4ef5ec6ac1943290548c823a1af3cf88fa17972aeb16e9f2be12e001d0f66fc7a7e5eb5a7f0f35cfb6e9c74d9db33da8f933fc51f6fcba7d31401d8d71be3bf13ff0067c2da659498bb917f7aebd6253fd48fc873e956bc61e2b5d0e316d6a164be906467eec4bea7d4fa0fc4fbf954d2c93ccf34ce5e4918b331ea49ea6801d6b6d35ddcc76f6f1992591b6aa8ee6bd8fc35a0c3a0e9cb0a856b8700cf28fe26ff0001dbff00af593e05f0d7f665afdbef23c5e4cbf2ab75893d3ea7bfe5eb5d750014514500145145001451450047710457304904e81e2914aba9ee0d78c788f469343d5a4b56cb447e789cff00129e9f8f6fc2bdaeb07c5fa10d7348648d47daa0cbc27d4f75fc7f9e2803c9ef2fe6bd8ed9673b9ade2f255bbec04900fd3247d315d87c2d9d56ef50b727e6923471f45241ff00d08570bd3ad6bf84ee9ecfc4da7c898f9a6119cf4c37ca7f9d007b4d14514005145140051451400514514005145140051451400514514005145140051451400514514005145140051451400514572be24f1ad9e93badecf6dd5e0c8201f9233fed1ee7d87e9401bfa8ea567a5db1b8bd9d618c7033d58fa01d49af37f10f8eaf351dd6fa76eb4b63c16cfef1fea474fa0fceb251358f15ea79fde5d4c7ab1e1231fc947f9eb5e81e1ef0458e95b27bcdb77763072c3e443ec3bfd4fe9401c7f87bc157dab6c9ee736968707730f9dc7fb23fa9f5ef5e95a4e8f63a35b79363084040dce79673ea4ff9157e8a0028a28a0028a28a0028a28a0028a28a0028a28a0028a28a0028a28a0028a28a0028a28a0028a28a0028a28a0028a28a0028a28a0028a2b8df12f8e6dec37dae9652e2e7a197ac71ff00f147f4fe5401bfadebb63a1db79b7927cc7ee44bcbbfd07f5e95e5dacebda9f89af1610afe596fdd5ac59233fd4fbff2a6e9da5eabe2ad45dc33cac4fef6e253f2aff9ec057a7681e1cb1d0a1c5ba7993b0c3cee3e66fa7a0f6fe7401cff00867c0715becbad642cb37056dfaa2ffbdfde3edd3eb5db8000000c01da968a00a7ab5bfdaf48bcb70326585d00c67920e2bcc3e1fde7d97c510a1202dc234449fcc7eaa07e35eb75e1b1b3e91ae2b15cbd9dce4a9ee55ba7e9401ee5451450014514500145145001451450014514500417b6915f59cd6b70bba2954a30f63fd6bc741bbf0af890e3fd75ac98f6914ff420feb5ed35e7bf1460b757b09c29170e1d0b0e85460f3f8b7ea680388bdbb9afaee5bab972f34adb998ff9e95d2780b406d4f5217d3aff00a25ab03c8fbee3903f0e09fc077ae52bdafc316d15af8734f4850206811d87ab30049fccd006ad145140051451400514514005145140051451401e43e3ad3574ef11cc63188ee479ea3d09273fa827f1ae7958ab06524107208ed5eade37f0dcdaddbc33d9ed3750646c271bd4f6cfaff89ae3b4bf03eaf7778a9756e6d600dfbc91c8ce3be0773fa5007aa5a4df69b4867c63cd8d5f1e9919a9a9a88b1a2a2001540000ec29d4005145140051451400514514005145140051451400514514005145140051451400514514005145140054179796d616cd7177324312f5663fe727dab1bc45e2cb1d0d5a3c8b8bcc710a9e9eec7b7f3af37babbd63c59a9aa90f3ca7ee44830918fe83a727f13401b1e25f1cdc6a3bed74cdd6d6a78693a3c9fe03f5fe54df0df81eeb520b73a816b5b53c85c7ef241ec3b0f73f977ae9bc35e09b5d2b65cdf6db9bc1c8e3e48cfb0ee7dcd7594015ac2c2d74db65b7b28121897f857b9f527b9f735668a2800a28a2800a28a2800a28a2800a28a2800a28a2800a28a2800a28a2800a28a2800a28a2800a28a2800a28a2800a28a2800a28a2800aaf7d7b6da7dabdcde4cb0c49d59bf90f53ed5475ff0010d96836dbee1b7ccc3f770a9f99ff00c07bd796dfea1aaf8af5445dad2c8c711411fdd41fe7a93401a5e26f1add6adbedacb75b591c8233f3c83fda3d87b0fc7353f867c0d717fb2eb540d6f6bd445d1e4ffe247ebfceba3f0c782adf4ad9757fb2e2f01ca8ea91fd3d4fbfe5eb5d650043696b0595ba5bdac49144830a8a30054d451400514514005789f8a216b7f12ea28e304dc3bfe0c770fd0d7b65792fc42b7687c533487a4f1a483e98dbff00b2d007a5e87299f42d3e566dccf6d1963ea768cfeb57eb9ff02cbe6f84ecbe6dcc9bd4fb61ce07e58ae82800a28a2800a28a2800a28a2800a28a2800af2cf8933993c4491e0858a05039ea49273fafe95ea75cd78abc2716bec97114c20ba45dbb88cab2e7a1fccf3401e495ecfe16d661d67478a58c2a4b18092c4bfc0c3d07a1ea3ffad5cb43f0ddd6cae0cf78af7453f7210614375e49f5e9ed9ae6fc3dac5c786f592d22b88f7797730f438079e3d47ff5bbd007b351515bcf15d5bc73c0e1e291432b0ee0d4b40051451400514514005145140051451400514514005145140051451400514514005145140051451400514514005145140051451400514514005145656bbe20b1d0adf7dd49ba52331c2bf7dffc07b9a00d19a68e089a59a458e341967738007b9af3df1278f9e6df6ba2968e3e8d724618ff00ba3b7d7afd2b0359d7b53f12ddac6c18a16fdd5ac40919edc773effcabaaf0d780921d975ad05924182b6c0e547fbc7bfd3a7d68039cf0f7852ff5f93ed121686d0925a77e4bfaed1dcfbf4fe55e9fa4e9165a35a8b7b28820fe273cb39f527bd5e550aa15400a06001d052d001451581e20f1669fa1831b1f3eef1c408791fef1edfcfda8036e79e1b685a6b89522890659dce00ae623f1ee9936ab1d9c314cf1c8e2313e30324e01c75c57097da9eb1e29bf588ef9998feeede20762fbe3fa9aecbc33e058ec248ef3537135ca10c912fdc43ee7b9fd3eb401da5145140051451400514514005145140051451400514514005145140051451400514514005145140051451400514535dd63467760a8a32ccc7000f53400eae1fc4de3c8edb75ae8c5659870d707945ff77fbc7dfa7d6b23c5fe327d44bd8e98ec967d1e41c197dbd97f9d61681a15d6bd7c20b71b635c196523e58c7f53e83bfe66801fa5699a8789f54601de4763ba69e424841ea7fa0af55d0b41b2d0ad7cab54cbb7fac95bef39ff000f6a9f49d2ed748b14b4b38f6a2f249fbce7b927b9abb40051451400514514005145140057987c4eff0090fdbffd7aaffe86d5e9f5e6ff00146dcaea1637391892268f1fee9cff00ecd4016fe17df0305ee9ecc32ac2641dc83c37e585fcebbdaf24f87b70f0f8aa08d4f13c6f1b7d31bbf9a8af5ba0028a28a0028a28a0028a28a0028a28a0028a28a002bcfbe23682ab8d66d9719212e00fc837f43f857a0d3258a39a268a54592371865619047b8a00f36f871aa5e8d53fb377b3da346cdb0f223239c8f4ff00ebd7a6553b1d2ac34e676b2b486067fbc514027db3e9572800a28a2800a28a2800a28a2800a28a2800a28a2800a28a2800a28a2800a28a2800a28a2800a28a2800a28a2800a28a2800a28a2800a2a1bbba82cad9ee2ea558a14196763802bccfc51e36b8d4f7da69c5a0b33f2b3747947bfa0f6fcfd2803a0f1478e21b0df69a5959ee7a34bd5233edfde3fa7d7a5715a6693aaf8a3507914b48cc732dc4a4ed5fa9fe407f2ad7f0bf81e7d4765dea61a0b43cac7d1e4ff01faff3af4ab5b582cad92ded6258a1418545180280333c3fe1ab1d061fdc2f9970c30f3b8f98fb0f41edfceb668a2800aaf7b7b6d616cd7177324312f5663fa7b9f6ac1f1178cec747df05be2eaf0646c53f2a1ff68ff41cfd2bcf27b9d63c55a9053e65d4c7eec6830b18f61d00e9c9fc4d006f788bc7b7177badf48dd6f0f4331e246fa7f77f9fd2b3bc3de0fbfd6d85c4e5aded18e4cae3e67ff7477faf4fad759e1df025ae9fb6e353d9777239098fdda7e1fc47ebc7b77aebe8028691a358e8d6fe4d942173f79cf2eff53fe456851450014514500145145001451450014514500145145001451450014514500145145001451450014514500145154b58bf1a5e95737acbbfc942c1738c9e807e74015fc41af5ae8365e7dc7cf23e4450a9e5cff41ea6bcc35bf166a9ad2b452c822b663fea621807ea7a9fe5ed59da9ea577aade35d5eca6490f03d147a01d8545676b3df5d476d6d1992695b6aa8ee68034bc39e1dbbd7eeb6c43cbb743fbd988e17d87a9f6af5cd2f4db5d26c92d2ce3d91af24f763dc93dcd45a16951e8da4c3651e0941977c7df63d4ff009ec0568d001451450014514500145145001451450015c57c4fb756d22d2e3f8a39f60fa32927ff004115d5ea37d0e9ba7cf79393e5c2bb8e3a9f403ea78af1ad6f5abbd6ef4dc5d3f032238c1f9631e83fc6802be9d79269da84179172f0b8703d71dbf1e95ee90ca93c292c6729228653ea0f22bc1111a4754452ccc40007526bdea088416f1c2bf76350a3e80628024a28a2800a28a2800a28a2800a28a2800a28a2800a28a2800a28a2800a28a2800a28a2800a28a2800a28a2800a28a2800a28a2800a28a2800a28a2800a28a2800a28a2800a28a2800a28a2800acad7bc4165a15b79972fba561fbb857ef3ff0080f7ac5f1478da0d337da69db67bc1c33f5488ff0053edf9fa5713a5e91aa78ab51794b33ee6ccd732745ff13e807e82800d4f55d57c55a8a46159f27115b45f757fcf727f415db785fc13069bb2ef52097177d553aa45fe27dff2f5adad0b40b1d0adbcbb54dd2b0fde4cdf79ff00c07b56ad0014515c9f88bc7167a616b7b0db777438241fdda1f723a9f61f98a00e8751d4acf4bb63717b3ac318e067a93e807527e95e6fe22f1cddea5bedf4fdd696a78273fbc71ee4741ec3f3ac855d63c55a9ffcb4bb9c8e49e1631fc947f9eb5dff00873c1167a5edb8bddb777639191f221f607a9f73edc0a00e4fc3be09bdd5b65c5deeb4b3382091f3c83fd91dbea7d7bd7a5697a559e936a2dec605893b9eacc7d49ef5768a0028a28a0028a28a0028a28a0028a28a0028a28a0028a28a0028a28a0028a28a0028a28a0028a28a0028a28a0028a28a002ab6a3651ea3a7cf6736424c85491d47bd59a2803c8af3c0faedbdc18e2b617099c2c91bae0fe04e45759e09f09cda3c8f7da86d172cbb123539d83b927a678edfd78ec68a0028a28a0028a28a0028a28a0028a28a0028a28a00c9f13e9d26a9e1fbbb483fd6ba86419c64a9071f8e2bc62586582668a68da3914e19186083f4af7da618a3670ed1a971d188e4500707e06f094914a9aaea711465e6085c720ff788ededf9fa577f4514005145140051451400514514005145140051451400514514005145140051451400514514005145140051451400514514005145140051451400514514005145140051451400514553d4f53b4d26cdaeaf6511c6bc0f563e807734016669638226966758e341966638007b9af36f14f8e24bddf67a4b3456fd1a7e8d20f6f41fa9f6acaf11f896f7c4572214568edb7622b74e4b1ec4fa9fe5fcfa6f0a781921097baca0797aa5b1e42fbb7a9f6e9f5ec018de16f05cfaaecbbbfdd0597551d1e5fa7a0f7fcbd6bd3ad2d60b2b64b7b5896285061514702a6a42400493803bd002d51d5757b2d1ed8cf7d32c631f2af5673e8077ae6bc45e3db6b3dd6fa4edb99fa194ff00ab4fa7f7bf97d6b8ab4b1d63c55a8338f32e24270f34870883dcf6fa0fc05005ff001178d2fb57df05b6eb5b3391b14fcce3fda3fd07af7ab3e1df025d5fedb8d4f7da5b1e4263f78ff81fba3ebcfb77aeb7c3de0fb0d142cce05cde0ff96ae385ff007476faf5ae8e802ae9fa7da69b6c2deca048621ce17b9f527a93f5ab54514005145140051451400514514005145140051451400514514005145140051451400514514005145140051451400514514005145140051451400514514005145140051451400514514005145140051451400514514005145140051451400514514005145140051451400514514005145140051451400514514005145140051451400514514005145140051451400514514005145140051451400514572de29f18dbe8cad6d69b67be3d4672b17fbdefedfe480697883c4367a0db6f9cef9d87eee053f33ff80f7fe75e5b7779aaf8ab5550434f331c47127dd41ede83d49fc69da769baa78ab5477dcd23b1ccd7127dd41fe7a01fcabd4b41d06cf42b4f2ad97748dfeb2661f339fe83da8033fc2fe11b6d0d56e27db3df11cc98f963f50bfe3d7e95d2d606ade31d1f4b2d1b4ff68997831403711f53d074e99cfb5717aafc40d52f32964a96519feefcee7fe047fa01401e81acebb61a243bef66c31194897977fa0fea78af34d7bc57a8ebf27d9e30d0db31c2dbc4492ffef1fe2fa74aada3e8da9789af9cabb3f3996e266240fa9ee7dabd3740f0c69fa1206853cdb923e69dc7cdf87a0fa7eb401c97877c0124db2e7592628fa8b753f337fbc7b7d073f4af41b5b682cedd20b6892289061510600a9a8a0028a28a0028a28a0028a28a0028a28a0028a28a0028a28a0028a28a0028a28a0028a28a0028a28a0028a28a0028a28a0028a28a0028a28a0028a28a0028a28a0028a28a0028a28a0028a28a0028a28a0028a28a0028a28a0028a28a0028a28a0028a28a0028a28a0028a28a0028a28a0028a28a0028a28a0028a28a0028a28a0028a28a0028a28a0028a28a0028a28a0028a28a0028a28a0028a28a002a39e786da169ae2548a24e59ddb007e35cef883c6ba7e925e080fdaeec70510fca87fda6fe833d39c579b6b3aedfeb73892f66caafdc8d7844fa0fea79a00eb3c4de3df351ad7442ca0f0d72460ff00c0476fa9ff00ebd647863c2375ae38b9ba2f059672643f7a4f5db9fe7fceae782bc226fdd351d463c5a29cc71b0ff5a7d4ff00b3fcebaff195e4fa6f866792cc98dfe58c32f1b0138e3d3d28024b9d4745f0ae9cb0ee8e244e1608be6763f4fea7f3af3bd7fc61a8eb25a25636b6878f2636fbdfef377fa74f6ae7c92c4924927924d496d6f35dce905b44f2cae70a88324d00455d1f85fc2575ae3acf36e82c01e64c72f8ea17fc7a0f7e95d1f873c011c3b2e75ac4920c116ca72a3fde3dfe838e3bd7708aa8811142aa8c00060014010d8d8db69d6a96d670ac5127455fe67d4fbd58a28a0028a28a0028a28a0028a28a0028a28a0028a28a0028a28a0028a28a0028a28a0028a28a0028a28a0028a28a0028a28a0028a28a0028a28a0028a28a0028a28a0028a28a0028a28a0028a28a0028a28a0028a28a0028a28a0028a28a0028a28a0028a28a0028a28a0028a28a0028a28a0028a28a0028a28a0028a28a0028a28a0028a28a0028a28a0028a28a0028a28a0028a28a0028a28a0028a2b1fc41e22b2d06db7cede64ec331c0a7e66ff01eff00ce802fdfdfdae9b6ad737b32c312f196ee7d00ee7dabccbc49e36bbd5775bd96eb4b3390403f3c83dcf61ec3df24d62eb3ad5eeb777e7dec99c7dc8d78541e80567d0015da7833c1e6f8a6a3a9c645afde8a161ccbee7fd9fe7f4eb6fc27e073ba3bed6a3c01f3476ac3afa17ffe27f3f4af40a00000a000000380076a8aeed61bdb592dae6312432aed653dc54d45007956a9e01d5adeed96c231776e4e51f7aab01e8c091cfd2bb1f06786db41b391ee4a35dcf8ddb7908074507f9fff005aba4a2800a28a2800a28a2800a28a2800a28a2800a28a2800a28a2800a28a2800a28a2800a28a2800a28a2800a28a2800a28a2800a28a2800a28a2800a28a2800a28a2800a28a2800a28a2800a28a2800a28a2800a28a2800a28a2800a28a2800a28a2800a28a2800a28a2800a28a2800a28a2800a28a2800a28a2800a28a2800a28a2800a28a2800a28a2800a28a2800a28a2800a28a2800a28a2800a28a2800a28a28039ef16789a3f0fdb2ac6825bb981f2d4f451fde3fe1debc9aeeee7beb992e6ea5696690e59d8f26bbef88da25dddc906a36b13ccb1a79722a0c9519241c7e26b86b2d2efefe6f2ad2d2695f383b50e07d4f41f8d00456b6b3dedca5bdac4d2cd21c2a28e4d7a7f857c1b069016eaf82cf7dd47758be9ea7dff2f5373c25e1d4d0b4f1e6aa35ecbccb20e71fec83e9fd6b7e800a28a2800a28a2800a28a2800a28a2800a28a2800a28a2800a28a2800a28a2800a28a2800a28a2800a28a2800a28a2800a28a2800a28a2800a28a2800a28a2800a28a2800a28a2800a28a2800a28a2800a28a2800a28a2800a28a2800a28a2800a28a2800a28a2800a28a2800a28a2800a28a2800a28a2800a28a2800a28a2800a28a2800a28a2800a28a2800a28a2800a28a2800a28a2800a28a2800a28a2800a28a2800a28a2800a28a2800a28a2800a28a2800a28a2800a28a2800a28a2800a28a2800a28a2800a28a2800a28a2800a28a2800a28a2800a28a2800a28a2800a28a2800a28a2800a28a2800a28a2800a28a2800a28a2800a28a2800a28a2800a28a2800a28a2800a28a2800a28a2800a28a2800a28a2800a28a2800a28a2800a28a2800a28a2800a28a2800a28a2800a28a2800a28a2800a28a2800a28a2800a28a2800a28a2800a28a2800a28a2800a28a2800a28a2800a28a2800a28a2800a28a2800a28a2800a28a2800a28a2800a28a2800a28a2800a28a2800a28a2800a28a2800a28a2800a28a2800a28a2800a28a2800a28a2800a28a2800a28a2800a28a2800a28a2800a28a2800a28a2800a28a2800a28a2800a28a2800a28a2800a28a2800a28a2800a28a2800a28a2800a28a2800a28a2800a28a2800a28a2800a28a2800a28a2800a28a2800a28a2800a28a2800a28a2800a28a2800a28a2800a28a2800a28a2800a28a2800a28a2800a28a2800a28a2800a28a2800a28a2800a28a2800a28a2800a28a2800a28a2800a28a2800a28a2800a28a2800a28a2800a28a2800a28a2800a28a2800a28a2800a28a2800a28a2800a28a2800a28a2800a28a2800a28a2803fffd9, 'Delivered', 'ORD1000000020');
INSERT INTO `delivered_product` (`delivered_product_id`, `order_receiver_signature`, `order_receiver_signature_status`, `order_details_id`) VALUES
(7, 0xffd8ffe000104a46494600010100000100010000ffdb004300100b0c0e0c0a100e0d0e1211101318281a181616183123251d283a333d3c3933383740485c4e404457453738506d51575f626768673e4d71797064785c656763ffdb0043011112121815182f1a1a2f634238426363636363636363636363636363636363636363636363636363636363636363636363636363636363636363636363636363ffc0001108025802d003012200021101031101ffc4001f0000010501010101010100000000000000000102030405060708090a0bffc400b5100002010303020403050504040000017d01020300041105122131410613516107227114328191a1082342b1c11552d1f02433627282090a161718191a25262728292a3435363738393a434445464748494a535455565758595a636465666768696a737475767778797a838485868788898a92939495969798999aa2a3a4a5a6a7a8a9aab2b3b4b5b6b7b8b9bac2c3c4c5c6c7c8c9cad2d3d4d5d6d7d8d9dae1e2e3e4e5e6e7e8e9eaf1f2f3f4f5f6f7f8f9faffc4001f0100030101010101010101010000000000000102030405060708090a0bffc400b51100020102040403040705040400010277000102031104052131061241510761711322328108144291a1b1c109233352f0156272d10a162434e125f11718191a262728292a35363738393a434445464748494a535455565758595a636465666768696a737475767778797a82838485868788898a92939495969798999aa2a3a4a5a6a7a8a9aab2b3b4b5b6b7b8b9bac2c3c4c5c6c7c8c9cad2d3d4d5d6d7d8d9dae2e3e4e5e6e7e8e9eaf2f3f4f5f6f7f8f9faffda000c03010002110311003f00f40a28a2800a28a2800a28a2800a28a2800a28a2800a28a2800a28a2800a28a2800a28a2800a28a2800a28a2800a28a2800a28a2800a28a2800a28a2800a28a2800a28a2800a28a2800a28a2800a28a2800a28a2800a28a2800a28a2800a28a2800a28a2800a28a2800a28a2800a28a2800a28a2800a28a2800a28a2800a28a2800a28a2800a28a2800a28a2800a28a2800a28a2800a28a2800a28a2800a28a2800a28a2800a28a2800a28a2800a28a2800a28a2800a28a2800a28a2800a28a2800a28a2800a28a2800a28a2800a28a2800a28a2800a28a2800a28a2800a28a2800a28a2800a28a2800a28a2800a28a2800a28a2800a28a2800a28a2800a28a2800a28a2800a28a2800a28a2800a28a2800a28a2800a28a2800a28a2800a28a2800a28a2800a28a2800a28a2800a28a2800a28a2800a28a2800a28a2800a28a2800a28a2800a28a2800a28a2800a28a2800a28a2800a28a2800a28a2800a28a2800a28a2800a28a2800a28a2800a28a2800a28a2800a28a2800a28a2800a28a2800a28a2800a28a2800a28a2800a28a2800a28a2800a28a2800a28a2800a28a2800a28a2800a28a2800a28a2800a28a2800a28a2800a28a2800a28a2800a28a2800a28a2800a28a2800a28a2800a28a2800a28a2800a28a2800a28a2800a28a2800a28a2800a28a2800a28a2800a28a2800a28a2800a28a2800a28a2800a28a2800a28a2800a28a2800a28a2800a28a2800a28a2800a28a2800a28a2800a28a2800a28a2800a28a2800a28a2800a28a2800a28a2800a28a2800a28a2800a28a2800a28a2800a28a2800a28a2800a28a2800a28a2800a28a2800a28a2800a28a2800a28a2800a28a2800a28a2800a28a2800a28a2800a28a2800a28a2800a28a2800a28a2800a28a2800a28a2800a28a2800a28a2800a28a2800a28a2800a28a2800a28a2800a28a2800a28a2800a28a2800a28a2800a28a2800a28a2800a28a2800a28a2800a28a2800a28a2800a28a2800a28a2800a28a2800a28a2800a28a2800a28a2800a28a2800a28a2800a28a2800a28a2800a28a2800a28a2800a28a2800a28a2800a28a2800a28a2800a28a2800a28a2800a28a2800a28a2800a28a2800a28a2800a28a2800a28a2800a28a2800a28a2800a28a2800a28a2800a28a2800a28a2800a28a2800a28a2800a28a2800a28a2800a28a2800a28a2800a28a2800a28a2800a28a2800a28a2800a28a2800a28a2800a28a2800a28a2800a28a2800a28a2800a28a2800a28a2800a28a2800a28a2800a28a2800a28a2800a28a2800a28a2800a28a2800a28a2800a28a2800a28a2800a28a2800a28a2800a28a2800a28a2800a28a2800a28a2800a28a2800a28a2800a28a2800a28a2800a28a2800a28a2800a28a2800a28a2800a28a2800a28a2800a28a2800a28a2800a28a2800a28a2800a28a2800a28a2800a28a2800a28a2800a28a2800a28a2800a28a2800a28a2800a28a2800a28a2800a28a2800a28a2800a28a2800a28a2800a28a2800a28a2800a28a2800a28a2800a28a2800a28a2800a28a2800a28a2800a28a2800a28a2800a28a2800a28a2800a28a2800a28a2800a28a2800a28a2800a28a2800a28a2800a28a2800a28a2800a28a2800a28a2800a28a2800a28a2800a28a2800a28a2800a28a2800a28a2800a28a2800a28a2800a28a2800a28a2800a28a2800a28a2800a28a2800a28a2800a28a2800a28a2800a28a2800a28a2800a28a2800a28a2800a28a2800a28a2800a28a2800a28a2800a28a2800a28a2800a28a2800a28a2800a28a2800a28a2800a28a2800a28a2800a28a2800a28a2800a28a2800a28a2800a28a2800a28a2800a28a2800a28a2800a28a2800a28a2800a28a2800a28a2800a28a2800a28a2800a28a2800a28a2800a28a2800a28a2800a28a2800a28a2800a28a2800a28a2800a28a2800a28a2800a28a2800a28a2800a28a2800a28a2800a28a2800a28a2800a28a2800a28a2800a28a2800a28a2800a28a2800a28a2800a28a2800a28a2800a28a2800a28a2800a28a2800a28a2800a28a2800a28a2800a28a2800a28a2800a28a2800a28a2800a28a2800a28a2800a28a2800a28a2800a28a2800a28a2800a28a2800a28a2800a28a2800a28a2800a28a2800a28a2800a28a2800a28a2800a28a2800a28a2800a28a2800a28a2800a28a2800a28a2800a28a2800a28a2800a28a2800a28a2800a28a2800a28a2800a28a2800a28a2800a28a2800a28a2800a28a2800a28a2800a28a2800a28a2800a28a2800a28a2800a28a2800a28a2800a28a2800a28a2800a28a2800a28a2800a28a2800a28a2800a28a2800a28a2800a28a2800a28a2800a28a2800a28a2800a28a2800a28a2800a28a2800a28a2800a28a2800a28a2800a28a2800a28a2800a28a2800a28a2800a28a2800a28a2800a28a2800a28a2800a28a2800a28a2800a28a2800a28a2800a28a2800a28a2800a28a2800a28a2800a28a2800a28a2800a28a2800a28a2800a28a2800a28a2800a28a2800a28a2800a28a2800a28a2800a28a2800a28a2800a28a2800a28a2800a28a2800a28a2800a28a2800a28a2800a28a2800a28a2800a28a2800a28a2800a28a2800a28a2800a28a2800a28a2800a28a2800a28a2800a28a2800a28a2800a28a2800a28a2800a28a2800a28a2800a28a2800a28a2800a28a2800a28a2800a28a2800a28a2800a28a2800a28a2800a28a2800a28a2800a28a2800a28a2800a28a2800a28a2800a28a2800a28a2800a28a2800a28a2800a28a2800a28a2800a28a2800a28a2800a28a2800a28a2800a28a2800a28a2800a28a2800a28a2800a28a2800a28a2800a28a2800a28a2800a28a2800a28a2800a28a2800a28a2800a28a2800a28a2800a28a2800a28a2800a28a2800a28a2800a28a2800a28a2800a28a2800a28a2800a28a2800a28a2800a28a2800a28a2800a28a2800a28a2800a28a2800a28a2800a28a2800a28a2800a28a2800a28a2800a28a2800a28a2800a28a2800a28a2800a28a2800a28a2800a28a2800a28a2800a28a2800a28a2800a28a2800a28a2800a28a2800a28a2800a28a2800a28a2800a28a2800a28a2800a28a2800a28a2800a28a2800a28a2800a28a2800a28a2800a28a2800a28a2800a28a2800a28a2800a28a2800a28a2800a28a2800a28a2800a28a2800a28a2800a28a2800a28a2800a28a2800a28a2800a28a2800a28a2800a28a2800a28a2800a28a2800a28a2800a28a2800a28a2800a28a2800a28a2800a28a2800a28a2800a28a2800a28a2800a28a2800a28a2800a28a2800a28a2800a28a2800a28a2800a28a2800a28a2800a28a2800a28a2800a28a2800a28a2800a28a2800a28a2800a28a2800a28a2800a28a2800a28a2800a28a2800a28a2800a28a2800a28a2800a28a2800a28a2800a28a2800a28a2800a28a2800a28a2800a28a2800a28a2800a28a2800a28a2800a28a2800a28a2800a28a2800a28a2800a28a2800a28a2800a28a2800a28a2800a28a2800a28a2800a28a2800a28a2800a28a2800a28a2800a28a2800a28a2800a28a2800a28a2800a28a2800a28a2800a28a2800a28a2800a28a2800a28a2800a28a2800a28a2800a28a2800a28a2800a28a2800a28a2800a28a2800a28a2800a28a2800a28a2800a28a2800a28a2800a28a2800a28a2800a28a2800a28a2800a28a2800a28a2800a28a2800a28a2800a28a2800a28a2800a28a2800a28a2800a28a2800a28a2800a28a2800a28a2800a28a2800a28a2800a28a2800a28a2800a28a2800a28a2800a28a2800a28a2800a28a2800a28a2800a28a2800a28a2800a28a2800a28a2800a28a2800a28a2800a28a2800a28a2800a28a2800a28a2800a28a2800a28a2800a28a2800a28a2800a28a2800a28a2800a28a2800a28a2800a28a2800a28a2800a28a2800a28a2800a28a2800a28a2800a28a2800a28a2800a28a2800a28a2800a28a2800a28a2800a28a2800a28a2800a28a2800a28a2800a28a2800a28a2800a28a2800a28a2800a28a2800a28a2800a28a2800a28a2800a28a2800a28a2800a28a2800a28a2800a28a2800a28a2800a28a2800a28a2800a28a2800a28a2800a28a2800a28a2800a28a2800a28a2800a28a2800a28a2800a28a2800a28a2800a28a2800a28a2800a28a2800a28a2800a28a2800a28a2800a28a2800a28a2800a28a2800a28a2800a28a2800a28a2800a28a2800a28a2800a28a2800a28a2800a28a2800a28a2800a28a2800a28a2800a28a2800a28a2800a28a2800a28a2800a28a2800a28a2800a28a2800a28a2800a28a2800a28a2800a28a2800a28a2800a28a2800a28a2800a28a2800a28a2800a28a2800a28a2800a28a2800a28a2800a28a2800a28a2800a28a2800a28a2800a28a2800a28a2800a28a2800a28a2800a28a2800a28a2800a28a2800a28a2800a28a2800a28a2800a28a2800a28a2800a28a2800a28a2800a28a2800a28a2800a28a2800a28a2800a28a2800a28a2800a28a2800a28a2800a28a2800a28a2800a28a2800a28a2800a28a2800a28a2800a28a2800a28a2800a28a2800a28a2800a28a2800a28a2800a28a2800a28a2800a28a2800a28a2800a28a2800a28a2800a28a2800a28a2800a28a2800a28a2800a28a2800a28a2800a28a2800a28a2800a28a2800a28a2800a28a2800a28a2800a28a2800a28a2800a28a2800a28a2800a28a2800a28a2800a28a2800a28a2800a28a2800a28a2800a28a2800a28a2800a28a2800a28a2800a28a2800a28a2800a28a2800a28a2800a28a2800a28a2800a28a2800a28a2800a28a2800a28a2800a28a2800a28a2800a28a2800a28a2800a28a2800a28a2800a28a2800a28a2800a28a2800a28a2800a28a2800a28a2800a28a2800a28a2800a28a2800a28a2800a28a2800a28a2800a28a2800a28a2800a2a96a7ab58e93079b7d709103d01e59be83a9af3af1078eef3502d0e9bbecedffbc0e246fc47ddfc3f3a00eef57f12e95a392975720cc07fa98fe67fcbb7e38ae3751f88f772315d3ad2385391be5f9dbeb81803f5ae46cac2f3529fcab3b796e243c9d8338cf727b7d4d757a77c39bf9d43dfdcc56a08cec51e6303e87a0fc89a00e6f52d7353d50ffa6decb2aff733b57fef91c52e91ae5fe8d70b25a4ec141cb44c4947fa8febd6bd16d7e1fe89029132cf72c46332498c1f51b71fae6bce35cd2a5d1b559aca5c9d8728f8c6f53d0ff9ef9a00f63d1f53b7d634e8af2d8fcae3e65cf28ddd4d5eaf36f8637ee9a8dd5816fdd491f9a013d181038fa83fa0af49a0028a28a0028a28a0028a28a0028a28a0028a28a0028a28a0028a28a0028a28a0028a28a0028a28a0028a28a0028a28a0028a28a0028a28a0028a28a0028a28a0028a28a0028a28a0028a28a0028a28a0028a28a0028a28a0028a28a0028a28a0028a28a0028a28a0028a28a0028a28a0028a28a0028a28a0028a28a0028a28a0028a28a0028a28a0028a28a0028a28a0028a28a0028a28a0028a28a0028acdd675db0d121f32f66c31fb912f2eff0041fd4f15e71ae78d752d58982d89b4b76380919f9dfeadfd07eb401de6b3e2dd27482d1c9379f38eb0c3f311f53d07e273ed5c4eabf10354bc0c964896519eebf3bf4fef1e3f200d3345f01ea5a8012dd9fb0c27fe7a2e5cff00c07b7e38aee74af08e8fa5e1a3b613cc3fe5acff0039fc0741f80a00f39d3bc39adf8825f3f64855f937372c403ef93cb7e19aed74af87fa5da00d7ccf7b2fa1f9107e039fccfe15d75140115bdb416b108ada18e18c7212350a3f2152d1450015c97c42d1d2f74637d1a7fa45a73903964cf23f0ebf81f5aeb6a3b8863b9b79209977472a1471ea08c1a00f13d0351fecad6ed2f33f2c6ff3f19f94f0dfa135ee15e0f7f692585fcf692f2f0c8509f5c1eb5ec9e1abbfb77876c27dc589855589ea597e53fa83401a94514500145145001451450014514500145145001451450014514500145145001451450014514500145145001451450014514500145145001451450014514500145145001451450014514500145145001451450014514500145145001451450014514500145145001451450014514500145145001451450014514500145145001451450014514500145145001451450014514500145159fabeb561a341e65f4e1091f2c63977fa0febd280342b8ef1478e20d3c3da698567bbe8d27548ff00c4fe9fcab98f10f8d6fb57dd6f6a0dada371b54fcee3dcff0041fad5af0e7812e6f4adc6aa1edadfa88ba48fff00c48fd7f9d0062e9ba5eabe28d464752d2b13996e253f2afd4ff203f957a5e81e14d3f4350e8be7dd6399e41c8ff7476fe7ef5ad67696f636c96f690ac30a0c0551fe727dea7a0028a28a0028a28a0028a28a0028a28a00f35f899a688750b7d4635c0b85d92103f897a13f51ff00a0d68fc32d4bcdb2b9d39dbe685bcc8c13fc27a803d01ffd0ab73c67a6ff0069786ee5146658479d1f5eabd7f12323f1af38f065f9d3fc4b68f921266f25c03d437033ec0e0fe1401ec9451450014514500145145001451450014514500145145001451450014514500145145001451450014514500145145001451450014514500145145001451450014514500145145001451450014514500145145001451450014514500145145001451450014514500145145001451450014514500145145001451450014514500145145001451450014514500145149400b55ef6f6dac2ddae2f2648625eace71f80f53ed5cd6bde3bb1d3f7c3618bcb81c6e07f76a7dcf7fc3f3ae119b59f166a3d24ba97b01c2463f928fe7401d1ebbf10e472d0e8d1f96bd3ed122e58ff00babd07e3f90ae7b4bd0f57f12dcb4ca1dd58fcf733b1dbf99e49f615d9e83e00b4b3db3ea8c2ee61cf963fd5aff56fc78f6aec511634548d42228015546001e8280307c3fe11d3f440b2edfb4dd8ff0096d20fbbfee8edfcfdeba0a28a0028a28a0028a28a0028a28a0028a28a0028a28a002bc63c55a51d175e9e041b6163e6c38fee9e83f0391f857b3d71bf1274dfb468f15f228df6af863fec371fcf1f99a00e9746be5d4f48b5bc04132c60b63a06e8c3f0391576b83f865aa6f82e74b91b98ff007d17fba7861f9e0fe26bbca0028a28a0028a28a0028a28a0028a28a0028a28a0028a28a0028a28a0028a28a0028a28a0028a28a0028a28a0028a28a0028a28a0028a28a0028a28a0028a28a0028a28a0028a28a0028a28a0028a28a0028a28a0028a28a0028a28a0028a28a0028a28a0028a28a0028a28a0028a28a0028a28a0028a28a0028a28a0028a28a0028a2a39e786da232dc4b1c51af57918281f89a00928ae7eefc69a0db239fb689997f82242c5be87a7eb5c96a9f116fe72c9a7411daa7676f9dfebcf03e983f5a00f41d4b53b3d2ad8dc5eceb1276cf563e807735e61e25f185deb4cd05beeb6b1cfdc07e6907fb47fa74fad61cd3deea976a65926bab873b5724bb1f61fe15dbf86fc0182975ade38e56d94ff00e8447f21f9f6a00c4f0b7846e35c65b89f741620fdfc7cd27a85ff001fe75ea561616ba6db2dbd9c2b0c4bd94753ea4f73ef53a22c68a91a85451855518007a0a7500145145001451450014514500145145001451450014514500145145001505e5ac77b6735acd9f2e6428d8eb823153d1401e2da6dc4de1bf13234c086b698a4a00eabd1b1ebc723f0af67565750c8c195864107208af3af897a4f97730eab12fcb2feea5c7f780f94fe2063fe035bdf0ff571a86862da46ccf6788ce7ba7f09fcb8fc2803a9a28a2800a28a2800a28a2800a28a2800a28a2800a28a2800a28a2800a28a2800a28a2800a28a2800a28a2800a28a2800a28a2800a28a2800a28a2800a28a2800a28a2800a28a2800a28a2800a28a2800a28a2800a28a2800a28a2800a28a2800a28a2800a28a2800a28a2800a28a2800a28a2800a28a2800a28a2800a28a28020bdba8ecaca7ba973e5c285db1d70066bc635bd72f75bba335dc87603fbb881f9507b0feb5ec9a959aea1a75cd9b9da268d9376338c8e0fe15e377ba06ab6374d6f358ce581c0288595be8475a00cdadfd1bc21ab6ae124587ecf6edc89a6e011ea0753c7e1ef5bfe14f036e097bad46c307296c7bfbbff87e7e95e82381814018be1ff0c586851e625f3ae48f9a771f37d07f747f939adba28a0028a28a0028a28a0028a28a0028a28a0028a28a0028a28a0028a28a0028a28a0028a28a00a1ae69abab6917364d80644f909fe161ca9fcf15e53e18d51fc3fe20479c3247b8c370a472a33ce7e8467f0c57b2d798fc45d17ec7a8aea50ae21ba3893038593ffae39fa83401e9a391914b5c9fc3fd6bfb4749fb1ccd9b8b401467f8a3fe13f874fcbd6baca0028a28a0028a28a0028a28a0028a28a0028a28a0028a28a0028a28a0028a28a0028a28a0028a28a0028a28a0028a28a0028a28a0028a28a0028a28a0028a28a0028a28a0028a28a0028a28a0028a28a0028a28a0028a28a0028a28a0028a28a0028a28a0028a28a0028a28a0028a28a0028a28a0028a28a0028a28a0028a28a0028a28a0028a28a0028a28a0028a28a0028a28a0028a28a0028a28a0028a28a0028a28a0028a28a0028a28a002b3f5cd31357d22e2c9f19917e463fc2e3953f9fe99ad0a2803c5741d4a5f0febb1cf22ba88d8c73c78e76e70c31ea3afd40af678a549e2496270f1ba8656539041e86bcefe217874c331d62d13f7521ff48503eeb7f7be87bfbfd6ab782fc5a34ac586a0c4d9b1f91faf947fc0fe9401ea14532391258d6489d5d1c65594e411ea0d3e800a28a2800a28a2800a28a2800a28a2800a28a2800a28a2800a28a2800a28a2800a28a2800a28a2800a28a2800a28a2800a28a2800a28a2800a28a2800a28a2800a28a2800a28a2800a28a2800a28a2800a28a2800a28a2800a28a2800a28a2800a28a2800a28a2800a28a2800a28a2800a28a2800a28a2800a28a2800a28a2800a28a2800a28a2800a28a2800a28a2800a28a2800a28a2800a28a2800a28a2800a28a2800a28a2800a28a2801b24692c6d1c8aae8e0ab2b0c820f506bccbc51e08b8b0924bad2d1a7b4fbc631cbc5ffc50fd7d7a66bd3e8a00f1af0ef89af7419b11932dab1cbc0c783ee3d0d7ab691ac596b3682e2ca5dc0637a1e190fa115ce78b7c171ea3bef74c558ef3abc7d165ff0006fe7fad79ed95edee8d7fe6dbbbdbdc464ab2918faab03fc8d007ba5155349bb6bfd2ad6ed90234d12b951d0122add001451450014514500145145001451450014514500145145001451450014514500145145001451450014514500145145001451450014514500145145001451450014514500145145001451450014514500145145001451450014514500145145001451450014514500145145001451450014514500145145001451450014514500145145001451450014514500145145001451450014514500145145001451450014514500145145001451450015977fe1ed2751b917179631c93777c904fd7079fc6b528a006a22c68a88a151400aa06001e94ea28a0028a28a0028a28a0028a28a0028a28a0028a28a0028a28a0028a28a0028a28a0028a28a0028a28a0028a28a0028a28a0028a28a0028a28a0028a28a0028a28a0028a28a0028a28a0028a28a0028a28a0028a28a0028a28a0028a28a0028a28a0028a28a0028a28a0028a28a0028a28a0028a28a0028a28a0028a28a0028a28a0028a28a0028a28a0028a28a0028a28a0028a28a0028a28a0028a28a0028a28a0028a28a0028a28a0028a28a0028a28a0028a28a0028a28a0028a28a0028a28a0028a28a0028a28a0028a28a0028a28a0028a28a0028a28a0028a28a0028a28a0028a28a0028a28a0028a28a0028a28a0028a28a0028a28a0028a28a0028a28a0028a28a0028a28a0028a28a0028a28a0028a28a0028a28a0028a28a0028a28a0028a28a0028a28a0028a28a0028a28a0028a28a0028a28a0028a28a0028a28a0028a28a0028a28a0028a28a0028a28a0028a28a0028a28a0028a28a0028a28a0028a28a0028a28a0028a28a0028a28a0028a28a0028a28a0028a28a0028a28a0028a28a0028a28a0028a28a0028a28a0028a28a0028a28a0028a28a0028a28a0028a28a0028a28a0028a28a0028a28a0028a28a0028a28a0028a28a0028a28a0028a28a0028a28a0028a28a0028a28a0028a28a0028a28a0028a28a0028a28a0028a28a0028a28a0028a28a0028a28a0028a28a0028a28a0028a28a0028a28a0028a28a0028a28a0028a28a0028a28a0028a28a0028a28a0028a28a0028a28a0028a28a0028a28a0028a28a0028a28a0028a28a0028a28a0028a28a0028a28a0028a28a0028a28a0028a28a0028a28a0028a28a0028a28a0028a28a0028a28a0028a28a0028a28a0028a28a0028a28a0028a28a0028a28a0028a28a0028a28a0028a28a0028a28a0028a28a0028a28a0028a28a0028a28a0028a28a0028a28a0028a28a0028a28a0028a28a0028a28a0028a28a0028a28a0028a28a0028a28a0028a28a0028a28a0028a28a0028a28a0028a28a0028a28a0028a28a0028a28a0028a28a0028a28a0028a28a0028a28a0028a28a0028a28a0028a28a0028a28a0028a28a0028a28a0028a28a0028a28a0028a28a0028a28a0028a28a0028a28a0028a28a0028a28a0028a28a0028a28a0028a28a0028a28a0028a28a0028a28a0028a28a0028a28a0028a28a0028a28a0028a28a0028a28a0028a28a0028a28a0028a28a0028a28a0028a28a0028a28a0028a28a0028a28a0028a28a0028a28a0028a28a0028a28a0028a28a0028a28a0028a28a0028a28a0028a28a0028a28a0028a28a0028a28a0028a28a0028a28a0028a28a0028a28a0028a28a0028a28a0028a28a0028a28a0028a28a0028a28a0028a28a0028a28a0028a28a0028a28a0028a28a0028a28a0028a28a0028a28a0028a28a0028a28a0028a28a0028a28a0028a28a0028a28a0028a28a0028a28a0028a28a0028a28a0028a28a0028a28a0028a28a0028a28a0028a28a0028a28a0028a28a0028a28a0028a28a0028a28a0028a28a0028a28a0028a28a0028a28a0028a28a0028a28a0028a28a0028a28a0028a28a0028a28a0028a28a0028a28a0028a28a0028a28a0028a28a0028a28a0028a28a0028a28a0028a28a0028a28a0028a28a0028a28a0028a28a0028a28a0028a28a0028a28a0028a28a0028a28a0028a28a0028a28a0028a28a0028a28a0028a28a0028a28a0028a28a0028a28a0028a28a0028a28a0028a28a0028a28a0028a28a0028a28a0028a28a0028a28a0028a28a0028a28a0028a28a0028a28a0028a28a0028a28a0028a28a0028a28a0028a28a0028a28a0028a28a0028a28a0028a28a0028a28a0028a28a0028a28a0028a28a0028a28a0028a28a0028a28a0028a28a0028a28a0028a28a0028a28a0028a28a0028a28a0028a28a0028a28a0028a28a0028a28a0028a28a0028a28a0028a28a0028a28a0028a28a0028a28a0028a28a0028a28a0028a28a0028a28a0028a28a0028a28a0028a28a0028a28a0028a28a0028a28a0028a28a0028a28a0028a28a0028a28a0028a28a0028a28a0028a28a0028a28a0028a28a0028a28a0028a28a0028a28a0028a28a0028a28a0028a28a0028a28a0028a28a0028a28a0028a28a0028a28a0028a28a0028a28a0028a28a0028a28a0028a28a0028a28a0028a28a0028a28a0028a28a0028a28a0028a28a0028a28a0028a28a0028a28a0028a28a0028a28a0028a28a0028a28a0028a28a0028a28a0028a28a0028a28a0028a28a0028a28a0028a28a0028a28a0028a28a0028a28a0028a28a0028a28a0028a28a0028a28a0028a28a0028a28a0028a28a0028a28a0028a28a0028a28a0028a28a0028a28a0028a28a0028a28a0028a28a0028a28a0028a28a0028a28a0028a28a0028a28a0028a28a0028a28a0028a28a0028a28a0028a28a0028a28a0028a28a0028a28a0028a28a0028a28a0028a28a0028a28a0028a28a0028a28a0028a28a0028a28a0028a28a0028a28a0028a28a0028a28a0028a28a0028a28a0028a28a0028a28a0028a28a0028a28a0028a28a0028a28a0028a28a00fffd9, 'Delivered', 'ORD1000000019');
INSERT INTO `delivered_product` (`delivered_product_id`, `order_receiver_signature`, `order_receiver_signature_status`, `order_details_id`) VALUES
(8, 0xffd8ffe000104a46494600010100000100010000ffdb004300100b0c0e0c0a100e0d0e1211101318281a181616183123251d283a333d3c3933383740485c4e404457453738506d51575f626768673e4d71797064785c656763ffdb0043011112121815182f1a1a2f634238426363636363636363636363636363636363636363636363636363636363636363636363636363636363636363636363636363ffc00011080314043803012200021101031101ffc4001c0001000301010101010000000000000000000506070403020108ffc4005210000201030104060606060607060701010001020304051106122131074151617181132291a1b1c11423324252d12443627292b215335382c2f017365474a2d2e1638394b3e2f1164555647393a326a4ffc40014010100000000000000000000000000000000ffc40014110100000000000000000000000000000000ffda000c03010002110311003f00d00000000000000000000000000000000000000000000000000000000000000000000000000000000000000000000000000000000000000000000000000000000000000000000000000000000000000000000000000000000000000000000000000000000000000000000000000000000000000000000000000000000000000000000000000000000000000000000000000000000000000000000000000000000000000000000000000000000000000000000000000000000000000000000000000000000000000000000000000000000000000000000000000000000000000000000000000000000000000000000000000000000000000000000000000000000000000000000000000000000000000000000000000000000000000000000000000000000000000000000000000000000000000000000000000000000000000000000000000000000000000000000000000000000000000000000000000000000000000000000000000000000000000000000000000000000000000000000000000000000000000000000000000000000000000000000000000000000000000000000000000000000000000000000000000000000000000000000000000000000000000000000000000000000000000000000000000000000000000000000000000000000000000000000000000000000000000000000000000000000000000000000000000000000000000000000000000000000000000000000000000000000000000000000000000000000000000000000000000000000000000000000000000000000000000000000000000000000000000000000000000000000000000000000000000000000000000000000000000000000000000000000000000000000000000000000000000000000000000000000000000000000000000000000000000000000000000000000000000000000000000000000000000000000000000000000000000000000000000000000000000000000000000000000000000000000000000000000000000000000000000000000000000000000000000000000000000000000000000000000000000000000000000000000000000000000000000000000000000000000000000000000000000000000000000000000000000000000000000000000000000000000000000000000000000000000000000000000000000000000000000000000000000000000000000000000000000000000000000000000000000000000000000000000000000000000000000000000000000000000000000000000000000000000000000000000000000000000000000000000000000000000000000000000000000000000000000000000000000000000000000000000000000000000000000000000000000000000000000000000000000000000000000000000000000000000000000000000000000000000000000000000000000000000000000000000000000000000000000000000000000000000000000000000000000000000000000000000000000000000000000000000000000000000000000000000000000000000000000000000000000000000000000000000000000000000000000000000000000000000000000000000000000000000000000000000000000000000000000000000000000000000000000000000000000000000000000000000000000000000000000000000000000000000000000000000000000000000000000023eef378bb27357390b6a7287da83a89c97f77981200ac5cedee0a825e8eb56b87d94a935a7f168465cf4976d197e8d8dad523db52a283f72605e819857e91f2b3d551b6b4a69f26e32935efd3dc45d7db1cfd78384b2338c5ff006708c1fb52d40d8c186d4cd656ac1c2a64ef2717ce32af269f96a71caa4e6f594e527dadea06fc0c054e4b949af33d69deddd2feaeeab43f76a3406f20c396732e968b2b7c9762b89fe67eff004ee63ffaadf7fe227f981b8031186d06669c94a395bd6d7e2af26bd8d93363d20e66de5fa4fa1bb837c77e0a12d3b138e8bda981aa82ab8bdbec4deeec2eb7ecaabfed38c35ee92f9a459a857a5714955a1561569cb94e12524fcd01e800000000000000000000000000000000000000000000000000000000000000000000000000000000000000000000000000000000000000000153da2db8b6c4dcced2d68fd2ae21c26f7b4841f677bed5ef02d80cd287493908d54ee2cad674fae30de83f6b6fe07d55e92af5cf5a3616f08764e5293f6f00349050ad3a4ba4e515798d9c23a7ad3a55149ebe0d2f89dbfe91f0ff00ecf7dffeb87fcc05c014ff00f48f87ff0066befe087fcc3fd23e1ffd9afbf821ff0030170053ff00d23e1ffd9afbf821ff0031f51e9170d2e74af23e34e3f29016e056a96dde027f6ae6a53fdea32f9267aadb6d9e7ffcc7ff00e353fe502c0088b7da8c1dcff5793b75c35fac96e7f3687650ca63ee66a16f7f6b5a4feed3ad193f7303ac00000000000000000000000000000000000000000000000000000000000000000000000000000000000000001177db4787c7eaae72142324f75c232df927dea3ab457af7a48b0a5c2cecebdc34f4d66d538e9dab9bf7202ea79d7af4ade93ab5eac29538f39ce4a2979b32cbedbecd5cf0a33a36b1ff00b286adf9cb5f768572e6eee6f6a7a4bab8ab5e7cb7aa4dc9fbc0d5723b7585b2d634eb4eeea26d69423aad7f79e8b4f0d4aae47a45c9574e3634295a45afb4feb26bcdf0f710b8fd97cce474742c2ac60f47bf556e474ed5af3f2d4b463fa367aa964afd75eb0b78ff008a5f9014dbecc64b22dfd32f6bd68b7aee4a6f775ee8f2478dad9dd5e49c6d2dab5792e6a941c9af61af58ec960ec52f47614eacb4d1cabfd637dfa3e09f8244d462a31518a4925a24ba80c7edb62f3d72a32562e9465d756718e9e2b5d7dc4b5bf46d7f297e937d6d4e3db4d4a6fd8d234b0051edba35b28ebf4ac857abd9e8a2a1f1d493b7d84c05186ecedaa577f8aa55927ff0e88b28022a86cde16de9ee43176ad7edd3537ed96acf68e17151fb38cb25e1421f91de00e2789c6be78fb4ff00f4c7f23e5e1714f9e32c9f8dbc3f23bc011d2c061e49a78ab2e3d9422be47056d8ad9faca5fa0ee49fde8549ad3c16ba7b8b00028f79d1b59cd2fa15fd7a4fad558a9a7ecd34f7959c96c4e6ec1392b75754d7deb77bcff87ed7b8d7801804a32849c649c649e8d35a347b59dedd585655ad2e2a50a8bef425a6bdcfb51b5e4b0f8fcad371beb4a755e9a29b5a497849714653b57b3d2d9fc8469c652a96d5939519cb9f7a7deb87b50179d8cdabfe9a83b4bddd8df538ebaa5a2ab1edee7dabd9dd6b30fc05c55b4ced8d6a1aefaad15a2e6d37a35e69b5e66e00000000000000000000000000000000000000000000000000000000000000000000000000000001cf5efad2da4a37175428c9f2552a28b7ed3da138ce2a5092945f14d3d5303e80000000000000000000000000007e4b5dd7bba6f69c35e5a981d5dff4d3f4bafa4de7bdaf3d7acdf4aa6d06c3da65eea57742bbb4af3e353486f466fb74d568c0ca81a5e37a39b2b7aaaa5fdd54bb4b8aa718fa38bf1e2dbf2d0b75b59dada45c6d6da8d04f9aa7051f8018d586cee5f23a3b6c7d69424b5539c7722d7737a264aae8ff0038d718dbaf1abff4357006590e8eb332e756ce3e3525f289f7fe8e331fed363fc73ff94d40019654e8eb3305ac6ad9cfba3525f38a3c25b059e8f2a14a5e1557ccd6801903d87da15cac13f0ad0ff98f1afb219fa0b59e36a3fdc9467f06cd940187bc0e617ff2abeffc3cff00238aa52a94a5bb5212849754968cdf40180d3a93a52dea73941aeb8bd0ed86732d04947297a92e4957969f1368af616772f5b8b4a159f6d4a6a5f1396a6cf61aac77658ab34bf668c62fda90195d0dabcedbbd6193acff00fc9a4ff9933aa96dd6d05396b2bb8545d93a30d3dc917e96c56cf49eaf1cbcaad45fe238eb747b84a926e0eea927d50a89a5ed4c0fad8dda8af9f7714aee8d3a7568a524e96aa2d3ee6dfc4b491583d9fb1c0d3a91b28cdcaab5bf3a92d64f4e4bdec950000000000000000000000000000000000000000000000000000000000000000000153cdede63b1f2951b25f4daeb83709694d7f7bafcbda05b089caed262b10a4aeaee2eaafd4d3f5a7af668b979e866595dafcce537a33b974293fd5d0f517b79bf3645d8e3ef32357d1d95b55af3ebdc8ea978beaf302e193e91ee2a394319690a31e2954adeb4bb9e8b827ed2ab90cde4f26dfd36f6b558be2e1bda43f8570f7167c67473795b76792b985bc5f174e9faf3f06f92f796cc7ec760ec12d2ce37134b473b8f5f5f27eafb10192d9d85e5f49c6ced6b576b9fa383969e3a722c563d1fe66e78dc2a3691d7f593de6d7728ebef68d52318c22a314a314b4492d1247d014cb0e8e71b41a95e5cd6ba927c97d5c5af05abf7964b0c36371a97d0aca8d2925a29a8eb2fe27c7de77800000000000000000000000000000001e75eb52b7a33ad5ea469d382d65393d12407dca4a3172934a296adbe48c9b6db68966b20a8db49bb2b7d541fe3975cbe4bfea7bed6ed954cab9d963dca9597294b94aafe4bbbdbd843ecfe0aeb3d7ea8508b8d28b4eb566b8538fe7d8bfeac098d80c0cf21938e46b474b5b496f45fe3a8b8a5e5c1fb3b4d4ce7b1b3a18fb3a5696b050a34a3bb14be3e274000000000000000000000000000000000000000000000000000000000000000000000000002136bb2f3c360aadc51feba6d52a6fb24f5e3e49364d959e906caa5e6cd4e549393b6a8ab349738a4d3f627af9019456ab52bd5955ad52552a4deb2949eadbf12cbb0b9caf6198a3653a9295adccbd1ee37c2327c9af3e1e655c9ad8fb2a97db4d651a69e94aa2ad37d8a2f5f8e8bcc0d9800000000000000000000000000000000000000000000000000000000000000000000000000000000000000000000000000000000000000000000000000000000f3af5a95bd19d6af5234e9416b2949e8923f2e6e28da5bd4b8b8a8a9d2a7172949f52323da8da8b9cf5c38477a95941fd5d2d79fed4bb5fc3dec3bb6b36cab65653b3b094a958f272e52ade3d8bbbdbd8a0b0f85becd5c7a1b1a3bda69bf525c2104fb5fcb9925b2db29719eaaab5572a36317eb54d38cfba3f9f51ab58d8db63ad616d674634a9439463f17dafbc0abe1fa3ec7da28d4c84e5795b9b8fd9a6bcb9bf37c7b0b650a146da92a56f4a14a9c794211514bc91e80000000000000000000000000000000000000003f1b4936de897594bda3dbdb7b453b6c46edc57e4eb73a70f0fc4fdde20593339bb1c25b7a6bdaba37f629c78ce7e0be7c8caf68f69ef73f5546a7d4dac5eb0a117c3c5beb6465cdcdd646edd6b8a952bdc557cdf16df525f922e5b35b0552b38dd6693a74f838db27a4a5fbcfabc39f8010db2fb29739daaaad4dea16317eb55d38cbba3f9f25ee355c7d85ae32d236d674634a947a975bed6fad9ef4e9c28d38d3a508c29c16918c56892ec48fb00000000000000000000000000000000000000000000000000000000000000000000000000000070e6a94ebe12fe8d28b954a96d52318ae6db8b491dc00fe7f2e3d18a7ff00c41712d382b592d7fbf12b397b7a76b98bdb7a49aa74abce114fb149a4681d185ac2189bbbae3bf56b6e3ecd22b55fccc0ba8000000000000000000000000000000000000000000000000000000000000000000000000000000000000000000000000000000000000000000000000000007cd49c6953954a9251845394a4de8925d6050ba4ccbca2a862694b4525e96b69d6beeaf8bf615dd8fd9ffe9ec93557556941295569e8df64578f1f24c8dcce42595cb5cdecf55e966dc53ea8f24bc9246afb1d8bfe8ad9eb7a738eed6acbd355d79eb2e4bc968bc8099a34a9d0a50a54611a74e0b48c62b449771f60000000000000000000000000000000000000f0bbbbb7b1b79dc5d56851a505ab94de8bff007ee03dc87ce6d2e3b070d2e6aefd76b58d0a7c66fc7b17894eda1dbfad71bf6f8752a149ea9d797db97eeafbbe3cfc0a753a5737f75b94e156e2e2ab6f449ca527cdbef02633fb5990cdb95394be8f68f950a6f83fde7f7be1dc7360f67eff00395b76d6969493d275a7c211f3eb7dc8b5ecff0047ba6ed7cdcbbd5b5397f3497c17b4be51a34ade8c6950a70a74e0b48c20b449772021f01b2d8fc1414e947d35d69eb579ae3fdd5f757f9d59380000000000000000000000000000000000000000000000000000000000000000000000000000000000000018666aa46b66efeac7eccee6a497839334be8ee93a7b2d4e4d70ab56725edd3e4653564e556727cdc9b361d89a52a3b276119ad1b8ca5e4e6daf730274000000000000000000000000000000000000000000000000000000000000000000000000000000000000000000000000000000000000000000000000000083db4af3b7d94bf9d37a49c2307e12928bf7364e111b59673bed9abfa14fedfa3df492d5bdd6a5a79e9a01946ce582c9e7ecad249384ea2734fae2bd692f6266dc6158abe9e37296d7b0d5ba35149a4f4de5d6bcd6abccdc6856a771429d6a3253a7522a7092eb4d6a981e8000000000000000000000000000000000f0bcbcb7b1b69dc5dd6851a505ab949e9ffbbee339da3dbcb8bcdeb6c4ef5b50e4eb72a93f0fc2bdfe1c80b5ed16d758e114a8c5ab9bcfec60f847f79f57873331cc66afb3571e9af6b6f25f629c78421e0be7ccf0b0b0bbc9dd2b7b3a33ad565c745d5dedf52ef6695b39b0f698c71b8c86e5ddd2e2969f5707dc9f37defd8054b67762efb2fb95ee35b4b37c77e4bd69afd95f37ef34ac4616c30d6fe8ac682836bd7a8f8ce7e2fe5c890000000000000000000000000000000000000000000000000000000000000000000000000000000000000000000003f1b4936de89758180cfedbf1372c3527430b614a5f6a16f4e2fca291861bfa492492d12e407e80000000000000000000000000000000000000000078dd5cd1b3b5a97371350a54a2e5293ea407b033abde926bfd21ab1b2a4a8a7c1d66dc9af27c3de58765f6badf3d276f529fd1eee2b7b735d6325dcfe405900000000000000000000000000000000000000000000000000000000000000000000000000000000637b5f87786ce55a708696f57eb28beadd7d5e4f87b3b4b37477b450f44b0d773dd926ddbc9f27af171f1d78af3ee2cbb5181a79fc63a3ac61714fd6a351ae4fb1f73ebf27d463f776b738fbb9dbdcd39d1af4a5c62f9a7dabf303790675b37b7d2a4a16b9ade9c12d237296b25fbcbafc571f1340b7b8a3754635adeac2ad29718ce12d5303d40000000000000000000003e6738d384a7524a108ad65293d125dac0fa20368f6aec705174dbf4f79d5422f977c9f57c4aeed3ede7dbb3c2cbba775a7f27e7eced28f6f42eb2378a950854b8b8ab2e4b8ca4fadbf9b03a7319abecd5cfa6bdace5a6bb94e3c2104fa92ff2c96d9ad8dbccceedc5c6f5ad96a9efb5eb545fb2be6f878967d9ad84b7b250bacb285c5c69aaa3ce9c3c7f13f778f32e607162f156788b556f634634e3f79f394df6b7d676800000000000000000000000000000000000000000000000000000000000000000000000000000000000000000000000e3cbd4f4387bdaabee5bd497b22cec23f683fd5ec9ff00ba55fe46062105bd38c5736f437f30ac4d1fa465eca8b7a2a95e9c35f19246ea000000000000000000000000000000000000000000a974955654f66e9c62f4552e631977add93f8a45b4a9f4914275b6694e0b58d1b884e7dcb471f8c90195927b35567476931b283d1bb9847c9b49fb9b23095d97a13b8da5c7429ad64ae2337e117bcfdc981b5800000000000000000000000000000000000000000000000000000000000000000000000000000001199ac0d867282a7794bd78fd8ab0e138783f93e04980321cfec7e430dbd5a2be9568bf5b4d718afda5d5e3c88fc36772184ade92cab3516fd7a52e309f8af9ae26dc54f683616cb25bd5ec376cee5f1d12fab9bef5d5e2bd8c0f5c06dae3f2dbb46e1ab3ba7c37272f564fba5f27ef2ce61b95c3df61ebfa2beb79536feccb9c67e0fac93c1ed8e4f0ea349cfe956ab87a2aaf92fd99735ef5dc06be0afe1f6c713955187a6fa2d77faaaef7757c394b93e2fc7b8b0000000000000ab6d2eda5ae237adad376e6f570693f529bfda7dbdcbdc04d65f2f6586b57717b55417dd8ae329bec4baccb76936aef33b37496b42cd3f568c5fdaef93ebf87c48abebfbbca5dbaf775a75ab4b826fabb92ea5dc8b86ccec1ceb6e5de6a32a74f838db7294bf7bb3c39f8015fd9fd99becf55d68c7d15b45e93af35eaaee5dafbbe06a784c0d8e0edbd15a53f5e5f6eacb8ce7e2fb3b890a54a9d0a51a54611a74e0b48c62b44976247d80000000000000000000000000000000000000000000000000000000000000000000000000000000000000000000000000000022b6a2afa1d9ac94bb6de71f6ad3e64a903b6f2ddd92bf7fb315ed9c50196ecf2d768b19fef54bf9d1b818b6c9d3f4bb4f8e8f65652f671f91b480000000000000000000000000000000000000000023768e8d3afb3b918558a947e8f3971ed4b54fc9a4c9238737173c1dfc63c5cadaa25fc2c0c34b77469469d4da2ab39c53952b794a1dcdb8ad7d8daf32a25cfa308b79bba9e9c15b34df8ca3f901a68000000000000000000000000000000000000000000000000000000000000000000000000000000000000000f1b9b6a17942542e68c2b5297384e3aa652735d1d539b955c3d6f46f9fa0acdb8f94b9af3d7c4be0030bc8e2aff001757d1df5ad4a2dbd1392f565e0d707e475e2769f2d88dd8db5d4a5463a7d4d5f5a1a7624f979686cd56953af4a54ab538d4a725a4a135aa6bbd157caec0e2af5ca76bbf6555ff0067eb435fdd7f2680e5c5748b655d46193a13b69f27529faf0f1d39af0e25bad2f6dafa8fa6b4b8a75e9fe2a724f4329caec46631ee52a7455e515f7a8717e71e7ecd7c483b7b9b9b1afe92dab55b7ab1e1ac24e2d7701bc9e3757542cade771755634a8c16b29c9e8919c633a45bfb786e5fdbc2f125c269fa396bdfa2d1fb11019ccfdf676e3d25dd4d29c7ec518f0843cbb7bc09eda6dbaaf7dbf6b8a72a16dc9d5e53a8bbbf0af7f8722b18cc65de5aed5b5951955a8f8bec8aed6fa9131b35b21799b946bd5deb7b1d78d56b8cfba2bafc7978f2351c5e2ecf1368adaca8aa705c5be6e4fb5beb60436cd6c7da61546bd6d2e2f74feb1af561fbabe7cfc0b2800000000000000000000000000000000000000000000000000000000000000000000000000000000000000000000000000000000000af6de34b642fb57cfd1a5ffec89612a7d245470d9a51fed2e211f737f20297b08b5dafb1ff00bcff00cb91b01906c12d76bacdf62a8ffe091af800000000000000000008eab9ec4d1ade86ae4ad23513d1c5d58f07dfd9e604883e6138d484670929464b5524f54d1f4000000000000000000fc6934d349a7cd33f40181dcd09db5cd5b7aab4a94a6e125d8d3d19a0745b6f38dbe46e5c7d49ce14e2fbd26dff00322adb674216fb5790853fb2e6a6fc651527ef6cd03a3ea14e96ca509c3ed569ce73f1de71f84501650000000000000000000000000000000000000000000000000000000000000000000000000000000000000000000000f8ab569d1a52ab5671a74e0b594a4f44976b607d99eede66f0f577ece8da50bbbd5eacae397a2eede5c5b5d9c975f61cbb57b6f52f54ecb132952b67c275b94aa2ec5d8bdefb8ac627137998bb8db59527393fb527c2305dadf5203929539d6a91a74a129d49bd2318ad5b7d891d17f8dbdc6d4f477b6b56849f2df8e8a5e0f93f2358d9bd96b3c0d2df5a56bb92f5abc972ee8aea5f126ab51a5714a54abd3855a72e1284e2a49f8a6063b8bdaacc62946342ee5528c74faaadebc745d4b5e2978345bb19d23dad5dd864ad67425c13a94bd78f7b6b9a5ed3b729b0389bdde9daefd9557fd9fad0d75fc2fe09a2a393d84cc58ef4e842179496af5a2fd6d3be2f8ebdcb5034cc7e5f1f938ef58ddd2acf4de718cbd64bbe3cd79a3b4c0ead2ad6b5dd3ab0a946ac1f18c938ca2fc3a89cc76d9e6f1ed2fa57d269ad5ee5c2dfd7fbdf6bde06c00a5e33a45b0afa432142a5acbf1c7d7872e7dabc3465aecafed3214bd259dcd2af0e1ab8493d3c7b3cc0e9000000000000000000000000000000000000000000000000000000000000000000000000000000000000000000000000000029fd277fabd6ff00ef71fe49970295d2855d311674baa55f7bd916be6057fa37a3e97699cf5d3d1509cfc78a8fccd54cbfa315ff00fa0b87ff00dacbf9e06a0000000000000008ccc67b1f84a5bd7b5d29b5ac69478ce5e0bcb9be0456d76d6d2c2d276b6928d5bf92e5cd525dafbfb179f8e5973735aeee275ee6acaad59bd65393d5b02c7b45b6d7b9784adeda2ed2d5eaa4a32d675177becee5ef2ae0faa74e756a469d384a7393d2318ad5b7dc80bbf46995aeaf6b632a4dca84a9ba94d3e3bb24d6ba7734fdc68e53360b66ae316aa642fa0e9d7ab0dca749f38c5e8db7def45c3a8b980000000000000000000019c6d66c7652e7375aeec292b8a5712ded37d45c1e9c53d5a2e1b2f899e170946d2b4d4aaa6e7371e49b7c912e00000000000000000000000000000000000000000000000000000000000000000000000000000000000000000000436d0ed1d960286b5dfa4b892d69d08bf5a5defb177fc40eec9646d715672babdaaa9d38f0ef93ec4bad994ed36d55d67aaba6b5a36517ea514f9f7cbb5fb97bce0cce66f73577f48bda9bda6bb905c2305d89163d94d89a97fb97b958ca95abd1c29729545dfd8bdefde0456cd6cb5de7aaa9f1a36717ebd66b9f74575bf87b8d5b178bb4c459c6d6ca92a74d716f9b93ed6fad9d34a953a34a34a94234e9c16918c56892ec48fb00000000039ef2c6d6fe97a3bcb6a55e0b92a9052d3c3b0abe47a3cc5dceb2b2ab56ce7c386be921ec7c7de5c00191e4f61f35609ce9d18ddd35f7a83d5f3fc3cfd9a9014ea5c595c6f539d5b7af4de9ac5b8ca2fe28dece2c8e271f9486edf5a52adc345292f592ee92e2bc80ce315d20652cf485e4617b4d7e2f567fc4be69971c5edb61b21a4675dda557f76bfaabf8b97bc86ca74714a7acf1576e9bfecebf18f949715ec653b27b3d95c56aeeecea469afd647d687b572f3036b84a3384670929464b54d3d5347d185d8656ff001b3deb2bbad438eae3197aadf7ae4fccb363fa45c8d04a37d6f4aee297da8fd5cdbefd355ee034e057719b6b85c8b5075ddad47f76e16eafe2e5ef2c3cd6a80fd0000000000000000000000000000000000000000000000000000000000000000000000000000000000000000281d29cd6ee369ebc75a92fe52fe41ed3ecdd0da1b7a519d5742b516f72a28ef707cd35d7c80a9745f18bc9dec9fda54525e0e5c7e08d2481d98d99a1b3d4aaeed675ebd6d37ea38eead1724971278000000000142db4db1a96f5aa63315537671f56b578be317d718bea7dafa892db6da7fe87b7fa1da4bf4ead1d77bfb28f6f8f67b7b35cad294e6924e5293e5cdb6024dca4e526db6f56df59dd8ec264f28d7d06caad58bd56fe9a43f89f0f7975d96d858538c2f3350dfa8f4942d9f28feff6beee5dbaf257b8c5462a3149452d125c9019f627a389b6aa65ae9457f65438bf393e5e49f8977c7e32cb1947d158db53a11ebdd5c65e2f9bf33ac00000000000000000000000000000000000000000000000000000000000000000000000000000000000000000000000000000000000000000000a9ed96d6470f4dd959494afe6b8be6a8a7d6fbfb179bead43ef6b76ba96160ed2d376adfc9715ce34976befec5e6fab5cbeb56b9c8de3a956552e2e6b4b9f3949f2497e42de85ce4af63468c675ee6bcb82d75726f8b6dfbdb66abb2bb276f83a71b8afbb5afe4b8d4eaa7af351fcc08dd93d88859b85f65a11a971ce9d07c634fbdf6bf72efeabb0000000000000000000000000004364b65b0d92de957b2842a3d7eb297a92d5f5f0e0df8ea55b23d1b496b2c65f26b5e14ee169a2fde5f91a10030ec9e1723899697d6952926f453e717e125c0e8c36d364f0ad46dabb9d05ce854f5a1e4babcb4366a94e1569ca9d48467092d25192d535de8a867b602d2f37ab62e4ad2b3e3e8df1a727fe1f2e1dc048e036c31d9a71a4dfd1ae9fea6a3fb4ff0065f5f873ee2c261591c6de62ae5d0bda12a351715af292ed4f932cbb3bb777560e36f93dfbab6e4a7fac879fde5e3c7bfa80d401cd637d6b91b68dcd9d7856a52e528fc1aea7dcce900000000000000000000000000000000000000000000000e6bcbfb4b0a6aa5e5cd2a117ae8ea4d475d3b3b4887b6db3c9e9fd23ff00f1a9ff00281600435b6d5e0aea5a53c9d04ffed35a7fcc912f094670538494a325aa69ea9a03e8000000000000000003833991589c3dcdf38ef3a51f563db26f45e5ab407bdd5f5a5924eeeea85ba972756a28ebed3f2d721657adab4bba170e2b56a95452d3d8cc3ef6f2e2feea7737756556acdeae527ee5d8bb8f8b7b8ad6b5e15edea4a95583d6338bd1a037c043ecbe6a39cc3d3b87a2af0f52b45754975f83e7eeea26000000000000001f156a428d29d5a92518422e5293e492e6cfb2bdb7576ed365aeb764e33adbb4935def8afe14c0caf2b7f532793b8bdabaef569b924debbaba9792d179175e8f36761282ccddc149ead5b45f25a7073f1d782f06fb0a0c20ea4e308f393491bc5a5b53b3b4a36d45694e8c1423af625a01ec000000000000000000000000000000000000000000000000000000000000000000000000000000000000000000000000000000000000000000000158dacdada3848bb5b6ddab7f25aeebfb34976cbbfb17f961f5b61b4f0c1dafa1b77195f555ea2e7e8d7e27f246594a9dd64af9429a9d7b9af3edd65293eb6fe67e56ad7392bd955ab29d7b9af3e7cdca4f924bdda1aa6c86cbd3c1db7a7b8519dfd45eb4b9aa6bf0af9b03d76576668602d77a7bb52f6a2facabd9fb31eef8fb12b000000000000000000000000000000000000000072e431f6993b676f7b4235a93e3a4ba9f6a7cd3f0334da5d89bac529dcd8b95d59a5acb87af4d77a5cd77af623550061d88cc5ee1ae95c5955717c37e0f8c66bb1aeb357d9cda4b4cfdbb74beaae20b5a9464f8aef5dabbc82dafd8b85d4677f89a6a170b8d4a115c2a77c5753eeebf1e79f595ddc636f69dcdb4e54abd296a9fc53fc80de0113b399da19ec746e29e91ad0f56b52d78c25f93ea7f93258000000000000000000000007c54a90a54e552a4946104e52937a24973607d828b7dd24dbd2b870b2b1957a49ff593a9b9bde0b47eff00613fb39b4d67b414e6a8c654ae29ad67465c5a5da9f5a026c000010395db0c362e72a752e1d7ad17a3a7416fb5e2f92f0d7529b9ae902faf69ba38fa7f42a6f839ef6f546bb9fddf2e3de05d339b558cc2374eb5475ae7fb0a5c64bc7a97c7b8a464fa41caddef42d234ece9beb8faf3f6be1ec48aac6352bd5518a954a9396892e2e4dfc5975c1747b5ae231af97ab2b783e2a853d1cfcdf25d5dbe4052ebd7af7559d5af56a56ab2e729c9ca4fcd925436633771172a78cb8497e38ee7c74359c660f1b895fa0d9d3a52fc7a6f4dff0079f1f22440c32f71191c7c77af2cabd186ba6fca0f775ecd79123b2fb4f7381b95193955b29bfaca3af2fda8f63f8fb1ad76e6de95d5bd4b7af053a5562e338beb4cc4f378bab87ca56b2adabdc7ac25a7db8be4c0db2dae295ddbd3b8b79aa94aa454a125d699ea677d1be75c2acb0f7127bb3d676edf53e728fcfdbda68800000000000000ac74875e952d96ab4ea3f5eb548469aef4f79fb932cd26a3172934925ab6fa8c836cb3ff00d3995faa7fa25beb0a3c3ed76cbcf4f624057c16dd88d97795b88dfdec3f41a52f56325fd74975782ebf676e91fb6182783cbca34e3a5ad7d6745f1e0bae3e5f0d00fbd8bcd3c3e6a0aa4b4b5b9d29d5d5f05d92f27ee6cd80fe7f36ed9dbc790c058dcb94a739d14a72973725c24fda98124000000000000547a4bd7ff86e9e9fed31d7f8645b88ada6c64b2f82b9b3a7bbe96494a9b97e24d35e1ae9a6bde062d4e6e9d48cd738b4cdee8d5a75e8d3ad4a4a74ea454a325c9a6b54cc5a9ece666a5dfd19636e554d74f5a9b515dfbdcb4efd4d871768ec3176b69296fba14a34dcbb5a5a01d600000000000000000000000000000ccf6e769eeea646ae36ceb4e8d0a0f76a383d1ce5d7c7b172d0ab5964ef71f70abda5cd4a534f5e12e0fc5727e606ea089d99cc2ce61e9ddeea8d54dc2ac572535cf4f6a7e64b000000000000000000000000000000000000000000000000000000000000000000000000000000000111b4d998e0f0f56eb83acfd4a317d737f25c5f918cd6ad52e2b4eb569b9d4a9272949f36df5964dbdcd432999546de6a76d689c2324f84a4fed35ee5e5de4063ecaae46fe859d05ad4ad3515c3976b7dc971f202e7d1c60bd2d59662e21ead36e16e9ae72eb97972f1d7b0d14e7b0b3a38fb2a3696f1dda5460a31ed7defbdf36740000000000000000000000000000000000000000000000287b7bb2eaa42a65ec29e9522b5b8a715f697e35dfdbededd6f87e0189603335f079385dd1f5a3f66a536f84e3d6bc7b0d9ac6f28642ce95d5acd4e8d58ef45aff3ccccb6e3665e26efe9b690fd0abcbeca5fd54bb3c1f57b3c7e7627697fa1eefe89752fd0abcb8b7fab97e2f0edf6f501ab83f134d269ea9f59fa000000000000000000ab7489792b5d99953869adcd58d27c78a5c64ff974f32d2675d29549bb9c7d271d29c61392976b6d6abdcbda0510b06c24a71dadb2507a6f6fa977adc93f915f2e7d1b5829e46e3275928d1b5a6e2a72e0949f37af7475d7c5017fcbe5ad30d64eeaf66e30e518c56b29bec4bb4cc33db6792cbc65469bfa25acb83a74df192fda975f870471ed366eae772b52bca52f4106e3420f86ec7c3b5f37ff00422e8d1a9715a1468c2552a4deec6315ab6c0f826f67f65eff003b514a9c5d1b54fd6af35c3c97de7fe5e85c767360ed6d29d3b8cb455c5cf3f43ce9c3b9fe27eef1e65ca118c2118422a318ad124b449011383d9ac760e1adb52dfaed692af538c9f8762f0f3d4980000000151e90f0cafb13f4fa50d6e2d38cb45c654fafd9cfb96a5b8f8ab4e15a94e9558a9d39c5c6517c9a7cd0183db5c54b4baa571465bb5294d4e2fb1a7aa375b3b885e59d0b9a69a856a71a914f9e8d6abe261b90b5958e42e2d26f5950a92a6df6e8f4d4d6f626aceb6c9d84a72d5a8ca1e4a4d2f72404e800000000041ed667e181c639c5a7755758d18f7f5c9f72fc80aff483b49e8e12c3d9cdefc97e9135d4bf079f5f770eb654b66707573d948dbade8d087ad5aa2fbb1fcdf25ff423e9c2e3217aa1053af735e7d6f573937d6cd8b66b074b058b85bc77655a5eb56a8bef4bf25c97fd4092b6b7a3696f4edede9aa74a9c776315c9223b69b0d0ce61eadaf055a3ebd193fbb35cbc9f2f32580180d484e954953a91719c5b8ca2d68d35d46bdb09fea858ff00de7fe648a2748166ad36a2ace2a2a37108d54a2b4ee7ef8b7e65b7a36bbf4fb3d3b7949395bd69251ec8bd1af7b9016e0000000000000000000000000000000000000000000000018ced859cecb69efa134f4a951d58bd39a971f9b5e4429adedbe0a96571152e610fd32d60e74e4b9ca2b8b8bede1ae9dfe2cc900d27a2f8d5fe8bbd949fd4bac9456bf7b77d6f76e97733ae8c7251a75aeb1b52a68eae956945f26d2d25e7a69ec668a000000000000000000000000000000000000000000000000000000000000000000000000000000adedde4ea63367a7e825bb56e66a8a927c629a6dbf62d3ccb219df4a573195c63ed537bf08cea49773692fe56050cb9746542954cd5cd59a4ea52a3ea6bd5ab49bf979b29a5d3a304bfa62edef2d55be8976fac80d30039aeafececda5777742837c52ab51475f6b03a410b71b5982b696ed4c9d16ffecf5a8bdb14ce4afb7780a51d617352b3ec85292fe6480b2829d3e91f1293dcb6bd93ead61149ff00c47154e9329a93f478a94976cabe9fe1605f819d56e92ebbfea7194e1fbf55cbe091ccfa48ca6bc2d2cd78c65ff301a70334a7d24e454beb6cad64bb23bd1f9b3ad749ab5e38869775cffe903400536974918a705e96d2f212eb518c64979ef2f81dd436eb01561aceea745fe19d196bee4d0164043dbed4e0ee3ec64edd7ff925b9fcda1d74f2f8caaf4a591b49bec8d78bf981da0fc4d4927169a7c535d67e8000000000000000000001e1796b46fad2adadcd35528d58eeca2cc6f68b075f039295b55d654a5eb51a9d538fe6bad7fd0dac8ada2c250cee3276d5748d45eb52a9d7097e5da055b60369f7d430f7d53d65c2da727cd7e07f2f67617e307b9b7b9c6df4e8568ca8dc509e8f8e8e2d7269fbd3359d8fcf2cee294aabfd2e8690acb4d357d52f3f8a604f8000000000000000197f49776eb6768db29b70b7a2b58f64a4db7eedd35031adb3b88dced55fce3ae919aa7e718a8bf7a6047e26c2793ca5b59536d3ad351724b5dd5d6f4ee5abf22e1b5b90b5c0e2e3b3988d63aad6e27afada3ea6fb5f5f768b93e14ab4bbaf655d57b5a8e95551718ce3ce3aad1e9d8f46cf26dc9b726db7c5b7d60127292514db7c125d66afb1bb2d4f0d6d1bbba8295fd48eaf5e3e893fbabbfb5ff9707d1f6cd7a4943337918b845bfa3c1f1d5a7a6fbf07cbbf8f61a20000000000000000019374896aadf6a275169fa452854d1757ddff00096ae8d2ab9eced5837fd5dc4925d89c62fe2d95ee935a7b4341765ac7f9e64cf45f4e4b177b55fd8956515e2a2b5f8a02ee00000003c2f6ee8d859d5bab99a851a51de937fe7998be7b2f5b3794a9795bd54fd5a70d78422b92ff003d6cb0f483b43f4dbcfe8bb59bfa3dbcbeb5afbf53b3c17c75ec4736c2ecf7f4be43e95730d6ced9a6d35c2a4faa3e1d6fcbb40b26c0ecdfd06dd652f29afa4d68fd545ae34e0fafc5fc3c59730000000cf3a52a115571d5d47d6946a424fb96eb5f1679f45d72a37b7f6ba71a94e3513ecdd6d7f8912bd27422f036d3696f2ba493ec4e32d7e08aff0046938c768eaa6f8ceda4978ef45fc80d48000000000000000000000000000000000000000000000000c8b6db07fd0f9894e8c376d2e759d2d3945fde8f93f7346ba70e62c2cb258dab4320a3e834de736f4f47a7de4fab4edf90189da5d56b2baa5736f370ab4a4a51977a36bc2e568667194af2835eb2d270d7570975c5ff009ec313baa74a95cd5a742b7a6a519b50a9bae3beb5e0f47c890c067eef0376eb5b352a73d154a52fb335f27de06d60e2c464a8e5f1b46f6df846a2e317ce2fad3f33b400000000000000000000000000000000000000000000000000000000000000000000000795c5c51b5a32ad73561469479ce72514bcd81ea669d27dbd48e5ed2e5c7eaa743d1a7dea4dbfe644be5ba44b2b7dea78ca32ba9ff693f520be6fdde252333b4592cde91bcacbd1296f469423bb18bf8bf3d408a2430b99bac25cd5b8b3f47e96a5274b59c75dd4da7aaefe07963f177d93a9b9636b56bbd746e31f563e2f92f32db8ce8e2eaaeecf25750a11e0dd3a4b7a5a75a6f927ed02b37db4196c86f7d2b215e7192d25052dd83feead17b88f8427524a308ca527c925ab35fc7ec6e0ec775ab3571349adfb87bfaf97d9f7137468d2b7a4a950a70a54e3ca308a497920315a7b3d99a92dd8e2af13fdaa328af6b477476236865a7e80a29f5bad0fccd80019652e8ef3338eb2ab674df64aa49bf7459d743a35bc93fafc85082fd88397c743480067eba325d797ff00fe6ffd47d7fa3387ff005697fe1fff00517e0067efa325d5977ff86ffd4785cf4697514be8d91a351f5fa4a6e1f06cd1c019656e8ef354e1bd0a96955fe185469fbd2470cf62b68609b78f6d2fc3560fdda9b0803119ecf6669bd258abc7fbb4652f82392bd95d5b3d2e2dab527d9529b8fc4de401fcff00c8eab7c95fdaad2daf6e68aeca75651f83372ad4695786e56a50a91ec9c535ef38e582c4493dec55971ffede3f901935b6d4672d65bd4f277127ff00692f48bd92d492b5e9033941355656f73af5d5a5a35fc2d177abb15b3f5379fd0145beb8d59ad3cb5d08bb9e8df1d383fa35e5cd29ebce7bb38af2d13f781cf67d2551724af71d382d38ce8d452e3fbaf4f893965b6782bcdd4af1509cbeed78b869e2fecfbca95e747191a4e4ed2eedebc52e1bfac24fcb8af790579b319bb27f5d8daed69aeb4e3e912f38eba01b2d0af46e692ab6f569d5a6f94a9c9493f347a98251af5ed6aaa942ad4a3523ca50938b5e689ab1db4ced9eeafa67a7845ebbb5e2a7af8bfb5ef0361067f61d257d98e431ff00bd3a13f845fe65971bb5b85c96ec695e469546bfabafea3f0d5f06fc1b026c0000000527a45c0ab9b3596b787d7505a56497da876f8af87814dd94cbbc36728dc49e9427f575bf71f5f93d1f91b2d5a70ad4a74aac54e9ce2e328be4d3e68c3f358f962b2f73652d5fa29b516f9b8f38bf34d01b9820762f25fd27b376d393d6ad1fa9a9e31e5eed193c00000000000000c2f335e1739abeaf4deb0a97152717dce4da374311cf622e30d93ab6d5a1250de6e94dae138f535f3023490c1e22e33792a76941349bd6a54d3554e3d6d9e981c05e676ed52b7838d24feb2b497ab05f37ddff00b9ade170b6784b356f690e2f8cea3fb537daff00203b2d6de9da5ad2b7a31dda54a0a105d892d11ea000000000000000000190edecdcb6baf137aa8aa69777a917f32ebd1d5bba1b2f0a8dff005f5a753fc3fe1291b77feb7df7fddffe5c4d03613fd50b1ffbcffcc9016000002bbb679f584c538d192579709c692fc2bae5e5d5dfa7793192c85be2ec6ade5d4f769535af0e727d4977b318cd656be672552f2e1e8e5c210d75508f5457f9e7a81e38fb2af92bfa3696eb7aad696ead7abb5bee4b8b36bc4e3a86271d46cadd7a94d68dbe727d6df8b2b5b01b3cf1d68f23750d2e6e23f5717ce14f9fb5f07e1a779710000000002a1d26475d9ca2fb2ea2ff00e19152e8fe5bbb576ebf1426bfe16fe45dfa41a5e93652e25fd9ce12ff00892f9945d837a6d75977aa9ff972035f0000000000000000000000000000000000000000079d6ad4ade94aad7a90a54e3c6539c9452f16cabe576ff1564e50b453bdaab87a9eac35d7f13f92680b61c391cc63b171d6faf29517a6aa2deb26bba2b8bf61986536df3390d634eb2b4a4feed0f55f3fc5cfd9a15d94a5393949b949bd5b6f56c0d0b27d24538eb0c5d9b9bfed2e382fe15c5fb514fca6d06532dac6f2ee73a6ff00551f561ec5cfcc8fa346ad7ab1a5469cea549708c2116dbf2459f15b0596bddd9dd2859527a3d6a719e9fbabe0da02aa0d3a1d1be29422aa5d5eca7a717194126fc375e87b4fa3ec37d06a51a7e995792f52e273d6517e0b44d79798146d9bda6bbc0576a9fd6dacdeb52849f06fb5763ff3d86b38ac9dae5ec617767372a72e0d35a38beb4d7698de530b7f8abb95b5d5bcd4b5d2328a6e33ef8beb346e8fb17758ec35495dc254e571537e34e5c1a5a69ab5d5afe405a80000000000000000000000000000000000000000000000000000000000000000021769b6868602c5d49693b99ad28d2d79bed7dc80fcda5da5b5d9fb75bff5b75516b4e8a7c5f7bec465397ccdf666e7d35ed673d1bdc82e1087725fe59e177757393be9dc5c4e55ae2b4b8be6dbea497bb4342d93d89a569085ee5a9c6adc35ac28496b1a7e2badfb90153c2ec865730a35614be8f6d2e3e9ab704d772e6fe1de5e713b0789b0dd9dca95ed65d7578435fddfcf52d200f8a74e1469c69d2846108ad2318ad125dc8fb0000000000000000000000000000000000000000000e6bbc7d95f24af2d2857d382f494d4b4f0d7915fbdd80c2dcf1a31ad6b2d1ff575355af7a96beed0b480332bfe8e721453958dd51ba496bbb25e8e4df62e6bdad158c862aff193dcbeb4ab438e89ca3eac9f73e4fc8dd0f8a94e15a9ca9d58467092d25192d535d8d018c6236972b877156b7327497ea6a7ad0f67579685f30bb7d8fbedda57ebe855df0de93d69bf3eaf3f69fb99d81c6df6f54b16ecab3e3a456b4dff0077abcb877142cc6cde4f0adbbab76e8f556a7eb41f9f579e806d1194671528494a325aa69ea9a3e8c530db4592c2c97d12bb74b5d5d1a9eb41f97578ad0d0309b778dc8eed2bcfd0abbfc6feadf84babcf4f302d6677d27e3b76b5a64a11e134e8d47d5aae31f3d37bd88d0d34d6ab8a21b6bec55fecd5ed3d16fc21e960f4d78c78f0f149af3029fd19647d0e4ae2c272d23710df827f8a3d4bc537fc269461b84be78cccda5e6ad2a5513969cf779497b1b3720000000000000079d5a34abc1c2b5385483e719c535ef3d001f308469c14211518c568925a248fa00000000000000000000000c7f6effd6fbeff00bbff00cb897fd8369ec858e8d3d3d26bddf59228fd225bba3b5352a3fd7d28545ecddff096be8d26e7b37522f942e6515fc317f302dc73dededb63eda573795a3468c39ca4fdcbb5f722073fb6b8fc4efd1b76aeeed70dc83f560ff6a5f25d9d466998ccdf66ae7d35ed672d1bdca6b84209f525fe5f003bf6af696ae7ef1282953b3a4feaa9be6ff6a5dff0f6eb25b0db2ffd255a391bea7fa1d397d5c24b85592ff0af7f2ed22b64f052cee5a34e69ab5a5a4ebc97675475ed7f9bea362a54a14694295284614e0946318ad124ba901f6000000000002036e56bb237ebba0ffe3899c6c756f41b558f9f6d4dcfe24e3f3350daaa4eb6cce460baa84a7fc3c7e464bb3cf4da2c67fbd52fe7406e000000000000000000000000000000000089cbed262f0f16aeae62eaafd4d3f5a7eceaf3d0a2e63a41bfbbdea78ea71b3a4f86ff00daa8fcf92f2e3de068792cb5862a92a97f754e8a7c937aca5e09717e45272fd23ce5bd4f136db8b97a6afc5f94570f6b7e0516b56ab7156556bd49d4a927aca73936df8b676e370793caf1b2b2ab563c7d7d3761c3f69f003cb2193bec9d5f4b7d7552bcb5d56f3e11f05c9791c85fb1bd1b4de93ca5ea8aeba76eb57fc4f97b196dc66ce62714e32b4b3a6aaafd6cfd79ebda9be5e5a0196e2f6573194dd951b4953a52d3eb6b7a91d1f5ad78b5e09970c57473694776793b99dc4b8374e97a90ef4df37ee2ee00e5b0c6d963697a3b2b6a5423a24f723a3969daf9bf33a80000000000000000000000000000000000000000000000000000000000000000000000001c994c8dbe2ac2ade5d4b4a74d6ba2e727d4977b039b683396d81b07715def54970a5493e3525f976bff00a231ec9e46eb2d7d3babb9b9d59f049728aea497523d33597b9cd64277772f8be10827c211ea48baec2eca2a51a796c8d3d6a3d256f4a4becf64df7f67673e7c83a762b64963e10c8e469fe9725ad3a725fd52ed7fb5f02e6000000000000000000000000000000000000000000000000000000000003f2494a2e3249a6b469f59fa00a9e7360f1d90deab63a59577c7482d69cbc63d5e5ec667b98c0e430b5772f683506f48d58f184bc1fc9f136e3ceb51a55e94a956a70a94e4b4942714d3f14c0c8301b5790c1ca3084fd3daf5d0a8f82fdd7f77e1dc6a385cdd9676d1d6b49ead70a94a5f6a0fbd7cf914cda7d8395152bbc2c653825acadb5d64bf77b7c39f8f229d8ec85d62ef21756755d3ab0f635d8d75a03e2fed9d9dfdc5ac9a6e8559536d75e8daf91b5e16acebe12c2ad49394ea5b53949beb6e29b314beb995edf5c5d4e2a32af52551a5c936f5f99b36cdc7736731a9bd7f46a6fdb14c093000000000000000000000000000000000000000199749f4a6b356959c5ee4edf753ed6a4dbfe645568642f2dadaadbd0baad4a8d5fb7084da52f1360da3c0dbe7ec150ab2f47560f7a9554b5717f34fb0ceae36133f4ab3853b58578ae538558a4ff89a7ee02b676e27137998bc8db59527393fb527c2305db27d48b6e1ba3baf5251ab97aca943fb1a4f593f17c9796be45f6c2c2d71b6cadeca8428d25c7762b9bed6fadf7b03970185b7c163a36b43d693f5aa546b8ce5dbdcbb17fee4980000000000000047ed07fabd93ff0074abfc8cc7f67ffd61c67fbdd2fe746c1b41feaf64ff00dd2aff002331fd9fff0058719fef74bf9d01b8000000000000000000000071e4729638ba5e92faea9d08be2949fad2f04b8bf203b0f8a95214a9caa559c6108ad65293d125deca1e5ba474b5a789b5d7fed6bfca2be6fc8a5e4b2f90cad4dfbebaa95b4e2a2de915e115c101a4e5b6f31561bd0b572bdacb8694de90fe2fcb529796db4cc64b58c6b7d128bfb94358bf3973f9771c989d99cae5f7656d6b28d17faeabeac3c53ebf2d4bb627a3cb1b74aa64aacaeea7e08eb082f9bf778019cda59dd5fd6f47696f56bd4e6d422e4d77b2d98ce8eafebe93c857a76b1fc11f5e7eee0bdacd1edad6859d1546d68d3a349728538a8af71ec040e3363b0b8ed1c6d55c545f7ee3d77ece5ee274fd00000000000000000000000000000000000000000000000000000000000000000000000000000000000cafa40cdbc8659d8d197e8d68dc5e8f84aa75bf2e5eded2ff00b4d95586c1dc5d26955d37292ed9be5ece7e4637676d56fef695b515bd56b4d423af6b7cd8167d83d9c8e52eddfddc14ad2de5a462f9549f3d1aec5f9779a91cb8cb1a58cc750b2a0beae8c3753ed7d6fcdeafccea00000000000000000000000000000000000000000000000000000000000000000000005436bb6369e4d4ef71d18d3bde728728d5fca5dfd7d7da5bc01fcfef83d19aaec56d25ae42c2df1d3d28dddbd28c141be152315a6abbf8714655cd9ef5a8dce3af654eac676f73427dba4a2d7269fcc0de4155d8ddac8e669ab3bd7185fc23cf92ac975aefed5e6baf4b50000000000000000000000000000000000000000000000000000000000000111b57754ed3667213a9ae93a32a4b4ed92dd5f1326d9fff0058719fef74bf9d1b265b1d472d8dad6571aaa755735ce2d714d79957c1ec0d3c76529de5cde7d215196f538461bbeb2e4df1eaec02e8000000000000010f99da5c5e1938dd5c29565fa9a5eb4fcd7579e804c11797da1c661a2fe997315534d55187ad37e5d5e2f4467d99dbcc95fef53b3fd068bfc0f5a8ff00bdd5e5a15aa16f737d71e8e852ab715a6dbdd827293ed605b333d20df5d6f52c6d356949f0df7eb547f25fe789529cebde5c6f4e552bd7a8f9b6e5293f8b2e587e8eae6b6ed4cb5756f0feca93529f9be4babb4bc62f098ec4434b1b5853935a3a8f8ce5e327c7ab972033ac46c1656ff76a5d6ed8d17c75a8b59bfeefe6d176c4ec761f17a495bfd26b2fd657f5b4f05c97b35ef2c00000000000000000000000000000000000000000000000000000000000000000000000000000000000000000000073646f29e3b1f5ef2b7d8a30736b5d35d392f17c80cf3a4acabb8c952c6d397d5db2dea8bb66d7c97c59ebd19e27d2dd57cad58fab47eaa97ef35eb3f24f4fef14caf5ab5f5ed4ad5359d6af51c9e8b9c9bea46d381c6c71186b6b3496f5386b36bae6f8c9fb409100000000000000000000000000000000000000000000000000000000000000000000000039b2157d063aeaaeba7a3a5396be09b3a48eda19286cf64a4da5fa2d45ab7d7baf403118ad64976b35ddaed9aa79db3f4946318df525f573e5bebf0beeececf6995e2a87d272d674354bd2d784357df248dd80c169d4b8c7de29c1ce8dc509f668e324cd9366f354f3b89a7751d23557ab5a0beec97c9f3455ba45d9ed57f4cdac38ad237315ec53f93f2ef2b7b239d783cb467524fe8b5b48565ddd52f2f86a06c60fc8c94a2a5169c5ad535c99fa00000000000000000000000000000000000000000000000000000000000000000002bf9adb0c56237a9babf49b95c3d1517ae8ff0069f25c7cfb80b010799dabc561f7a15abfa6aebf5347d6927dfd4bcccfb35b6995caef53854fa25bbfd5d17a36bbe5cdfb97710d8fc6dee4ebfa1b1b6a95e7d7bab82f17c979813b99db9ca6477a9db4be8541f0dda6f59bf1973f66840d958dde4ae151b3a152bd57d515ae9dedf578b2f585e8ea11ddab98afbef9fa0a2f45e72e7ecd3c4bb59d95b5850542d2853a3497dd8474f37dafbc0a261ba3a93ddab98afbab9fa0a2f8f9cbf2f6978c7e3acf1943d0d8dbd3a10ebdd5c5f8be6fccea0000000000000000000000000000000000000000000000000001f8a4a5c9a7e07e800000000000000000000000000000000000000000000028fd26e4bd1585be3a9cbd6af2f495127f763c935d8df1fee97831fdb9bdfa6ed45d693de850d28c7872d1715fc4e407b6c0e33e9fb434eb4e3ad2b45e965af2defbabc75e3e46b4547a37b056f8095db4b7eeaa37aa7f763eaa4fcf7bda5b80000000000000000000000000000000000000000000000000000000000000000000000000157e90eed5b6cc54a5a6b2b9a91a6b8f2e3bcdff00c3a79968330e92b23f49ccd2b2834e3690f5bf7a5a37ee51f78113b1969f4cda9b1834f769cfd2b6bab756f2f7a4bccd94cffa2fc7e9f4cc94973d2841ebe1297f87de68007c55a70ad4a74aa454e134e328c96a9a7cd18ced3e16783cbd4b6e2e84bd7a327d717d5e2b91b495cdb8c3acae0e73a71d6e2d53ab4fb5afbd1f34bda9011dd1d671de594b177126eb5b475a4dfdea7d9e4fdcd7617430bc3e42a62b296f7b4f56e8cf5697de8f26bcd6a8dc6955856a50ab4a4a74e71528c97269f2607d80000000000000000000000000000000000000000000000000000000004466b6931b848b5755b7ab7550a7eb4df97579e804b9019cdafc661b7a9caa7d22e570f4349eba3e3f69f25c578f7142ce6dae4f2bbd4a8cbe876cf87a3a52f5a4bbe5cdf968885c7e3af32770a858dbcebd4eb515c177b7c92ef604b66f6c32997dea7e93e8d6d2e1e8a8bd355fb4f9be0fc3b88ac7632f7295fd0d8db4eb4faf75708f8be4bccbd613a3ba54f76b662afa5973f4149b515e32e6fcb4f165d6dada85a518d1b6a30a34a3ca108a49014ac2f477469eed5cc56f4d2fec6936a3e72e6fcb4f32eb6b6b6f6742346d68d3a34a3ca108a48f6000000000000000000000000000000000000000038eff0029618d86f5eddd1a1c354a72f59aee5cdf901d80a6e43a45c6d06e3656f5aee49fda7f5706bc5f1f7159bfdbecd5d6b1a32a5691e3fd54356d77b96beed00d56ad5a7469caa559c69d38ad65293d12f16415feda60ec7797d2fe9135f76de3bfaf9fd9f79935d5e5d5ed453bbb8ab5e6b829559b935ed3bac366b33914a56f615771ad54e6b722d76a72d35f202cf7fd24d69371c7d8420b5fb75e4e4daf05a69ed6576ef6b73b79c2a646ac127aa5474a7ef8e8df9960b1e8dae25a4afefe9d3e3f628c5c9b5e2f4d1f932c169b0982b78e93a156e65aeaa556abf84745ee032eb8c8df5d3d6e6f2e2b3d34facab297c59ccdb7cdea6e10c1622096ee2ec969d7e823afc0adf48391b6c7e1ff00a2ede14e156eda728c125bb04f5d7876b5a7b40cda8d6a942ac6ad1a92a7522f58ce0f469f73366d96c8d6caecf5a5ddc7f5d24e336969bcd36b5f3d0c58da7652caa63f66ac6deaeaa6a9efc935a34e4dcb4f2d74025c00000000000000000000000000000000000000000000c1afae65797d717525a4ab559546976b7afccdbb2d5e56d88bdaf07a4a9509cd3ef516cc3ed684ae6ea8d082d655671825dede806d781b6fa260ac286e6e4a1421bd1fdad357efd490000000000000000000000000000000000000000000000000000000000000000000000000000f0bcbaa765675aeab3d29d1839cbc1230dbcb9ab7d7b5ae6af1ab5a6e6f4ed6fa8bff004959954eda9e268cd6fd5d2a56d3aa2becaf37c7c97695cd84c53c96d0d2a928b746d3eba6fbd7d95ede3e0981a66031cb1385b5b3d349d386b3e3afaef8cbded92200000018aed4633fa273d756d18eed2dedfa5c386e3e292f0e5e4685d1f64be9db3d1a1396b56d25e89eaf57bbce2fc34e1fdd23fa4cc5fa5b1a193a71f5a83f4751a5f75f26fc1ff315ee8ff29f40da08d09cb4a378bd13d5f0defbafdbc3fbc06b200000000000000000000000000000000000000000000000001e177776f636f2af775a1469479ca6f45ffb81ee70e532f6388a1e96fae23493fb31e729782e6ca6677a436f7a86169e9d5f48a91fe58bf8bf6147ab56eb2377bf56756e6e2a34b56dca527d480b4e776fef6f77a8e322ece83e1e93f5925e3f77cb8f7956b7b7b9c85d2a7429d4b8af51eba453949f6bff00a96dc1747f7577bb5b2b376b49f1f451e351f8f547defb8bfe3715638aa1e86c6de1462f9b5c652f17cd814ac17478deed6cd55d173fa3d27c7fbd2f6f05ed2f567656d616f1a167421469479460b4f37dafbce80000000000000000000000000000000000003e6738d3839ce4a318ad5ca4f44901f40ade536df0d8fd634eb3bbaabeed0e2bf8b97b3529f93e9032b77ac6ce34eca9bfc2b7a7ed7f2480d32f2f6d6c697a5bcb8a5421d4ea49475ee5dacaae4fa44c75beb0b0a352ee7f89fd5c3dfc7dc66d5ab5c5e57dfad52a57ad3e1bd39394993b8dd89cde43494add5ad37f7ae1eebfe1e7ee03e723b699bc86abe95f46a6f4f52dd6e7fc5f6bde41c215aeaba8538ceb56a8f828a72949fccd2f1bd1de36df495f56ab7925f757d5c3d8b8fbcb459d85a5853f47676d4a845e9aaa7051d7c7b40caf1fb0f9bbe4a52a11b5835aa95c4b75ff000ad5af345a31fd1c58d16a57d7756e5a69eec17a38f83e6fd8d1750047e3f098cc668ecac68d294794f7759ff13e3ef240000015eda9daab6c15174a9eed6be92f5296bc23df2eeeeebf781ebb4fb496f80b5e3a54bba8beaa8ebff13ec5f1f86477d7b7190bca9757551d4ad51eb293f8781f37977717d7552e6eaacaad6a8f594a5d7f92ee2e5b17b1ceebd1e4b294ff0047fb5468497f59d9292fc3d8bafc39879ec56c8cef2ad2c964696edac5a952a535fd6bea6d7e1f8f81a61f87e800000000000000000000000000000000000000000000109b655e56fb2b909c5e8dd350f293517f1330d95a0ee369b1d08f355e33fe1f5be45ffa48af2a5b32a117c2b578425e1a397c628a8747b4255b6aa8cd72a34e737e1a6eff00880d68000000000000000000000000000000000000000000000000000000000000000000000000e0cde5686171b56f2e38a8f08435d1ce5d515fe7b4eca95214a9caa549284209ca5293d124b9b663fb5bb413cf64dca0dab4a3ac68c7b575c9f7bfc808abebcaf91beab7571273ad5a5bcdfc12ee5c91acec760ffa130d18d58a5755feb2b773ea8f92f7b655ba3ed9bfa4568e62ee3f554e5fa3c1afb525f7bc17577f871d20000000000e2cd5aabdc35e5b6ea93a946518a6b5f5b4e1efd0c3a9549d1ab0ab4e4e338494a325cd35c99bf19b5df4737bfd21256b7343e89296aa536f7a31ec6b4e2fcf8f701a1595cc2f6ca85d53d542b538d48a7cd26b53dce7b0b48585850b4a4db851a6a09be6f45cce80000000000000000000000000000000000000000007c54a90a54e552a4e308456b2949e892ed6c80cfed863b0dbd462fe9576b87a1a6f845fed3eaf0e7dc66d9ada2c8e6e7fa5d6d2927ac68c38417975bef7a8176cef4816b6ae54313057555707565aaa6bc3ae5ee5deccff002393bdca57f4d7d713ad3eade7c23e0b92f23b707b3392ce494ada96e50d78d7a9c21e5dbcbabcf4348c0ec86370dbb5773e9374b8fa6a8b93fd95c97c7bc0a360b6232394ddad729d9db3e3bd523ebc97747e6f4f3345c36cfe37090d2ce82f48d692ad3f5a72f3eaf05a2250000000000000000000000000000000000007e3692d5f0456f2fb6f89c6ef428d4fa6d75f768bd629f7cb97b3502ca46e533b8cc4afd36ee9d39e9aaa6bd69bfeeae3e7c8cd72db6f97c8b946955fa1d1d784283d25a77cb9ebe1a2ee206dedae6f6bfa3b7a356bd5971dd845c9befe005db29d245496b0c5da282fed6bf17fc2b82f6b2a191cbe43293debebbab5b8eaa2de915e115c1165c5747790b8d2791ad0b487e08e939bf6705ed7e05cb15b2787c5692a56aaad55fadafebcbcba9792406638bd9acb65b7656b673f44ff005b53d4869da9be7e5a96ec6746f461bb3c9de4aa3eba74168b5fde7c5af245f001c38ec3e3b171d2c6d29517a68e496b26bbe4f8bf69dc00000000000078dddd50b2b79dc5d55852a505aca527a24667b53b6b5f27bf698e72a166fd594b94eaaebd7b1777b7b009dda9db9a765bd6788942b5c69a4ebf3853f0ed7eef1e466d56a54ad56552ace552a4deb2949eae4fb5b3dec2c2eb25731b7b2a12ad55f547a976b7d4bbd9a6eccec5db621c6e6f1c2e6f53d62f4f529feea7cdf7bf70111b23b10f5a77f99a5a2fb54eda4bdf35f2f6f61a080000000000000000000000000000000000000000000000000050ba53ab25431b493f5252a926bbd28a5f1671745f6f29652f6e57d9a745537e3296abf959f1d27d493cd5a52fbb1b7de5e2e4ff002477f45916a9e4e7d4dd25ecdefcc0bf000000000000000000000000000000000000000000000000000000000000000000000041ed667a382c54aa45a7755758508f7f5cbc17e4bac0acf487b45bcde1ad27c168ee64bdd0f9bf25da57764f013cf6494249c6d69692ad35d9d515deff00322ede85ce4afa14692956b8af3d16af5726fadbf7b66cd81c451c26329d9d1f59af5aa4f4e33975bff3d4077d2a50a34a14a941429c22a318a5a2497247d80000000000000000000000000000000000000000000000000001f8da8a6db492e2db29bb43b7b6d67bd6f8a51baaeb83aaff00ab8f87e2f877b02cf93ca59e26d9d7beaf1a50ead79c9f625cd99c6d0edd5e6477a863f7aced9f0724feb27e2d72f05ed656efafaef2574ebde569d7ad2e1acbabb92ea5dc8b3ecfec15ddf6ed7c9b95a5bbe2a9e9f592f2fbbe7c7b80ac5863eef2772adeca84eb557c748ae4bb5be4977b343c06c05ada6e57cb4a37559715497f571f1fc5f0ee65ab1f8eb3c5db2b7b1a10a34d716a3cdbed6f9b7e27501f308c6108c211518c568925a248fa0000000000000000000000000000000022329b4b89c4ef2b9bb83ab1d57a2a7ebcf5ecd172f3d0a765ba46b9abbd4f176d1a11e4aad5f5a7e29725ef0343b8b8a36b45d6b9ad4e8d28f39d4928a5e6ca8e5fa43b1b652a78ca52bba9d5525ac60be6fdde26777d90bcc8d6f4b7b7352bcfa9ce5ae9e0ba97812989d90cc65749c2dfd0517c7d2d7d609f82e6fc52d00e7cbed1e5332dabbb997a26f851a7eac17975f9eacf1c5e1323979eed8daceac75d1cf4d20bc64f8791a362360b1760e352edcafaaae3f58b487f0f5f9b68b4d38429538d3a718c2115a46315a24bb12029188e8e6de96ed4cadc3af2eba54758c3ce5cdfb8b8d958dae3e82a3676f4e8535f7611d35ef7dafbd9d000000000000000007c54a90a54e552a4e308456b2949e892ed6c0fb21b683696c7034bebe5e92e24b585083f59f7bec5dff12b7b49b7f186fdae17494b94ae64b82fdd4f9f8bf7f328718dce42ef48aab71735a5df294dfcc0ecce67afb3b73e96eea6908fd8a51e118782edef25366b636ef33bb7370ddb596abd66bd6a8bf657cdfbcb1ecc6c252b4ddbacc4635abf071a1ce10f1fc4fdde25d40e3c5e2acb116aadec68469c7ef3e729bed6faced0000000000000000000000000000000000000000000000000000000cc3a4e4ffa7eda5d4ed62bfe39127d16cd3b7c8c3ad4e9bf6a97e47974a74929636b28facd548b97f0b4bdecf2e8b6e231bcc85b35eb54a70a8bc22da7fcc80d18000000000000000000000000000000000000000000000000000000000000000003f00f3b8af4ad6dea57af350a54e2e5393ea48c6368f33533995a9753d634d7ab4a0feec172f3eb7e24eedd6d42c95578eb0a9ad9d37f5938be1564be315ef7c7b08ed8fd9e9673249d58bfa1506a559eba6f764578fc3c80b4f477b3ff0046b6fe96ba87d7565a50525f661f8bcfe1e25dcfc8c5462a3149452d125c91fa000000000000000000000000000000000000000000000003c6eaea859dbcee2eaac295282d6539bd1203d888ce6d263b074ff49abbd59ad63429f19bfc977b2a1b43d2055adbd6f864e953e29dc4d7ad2fdd5d5e2f8f814ca54aeb2177b94e356e2e2ab6f45aca527cdb025b3fb5990ce374e72f416bd5429be0ff0079f5fc3b8f0c26cee4739534b5a5bb453d255a7c20bcfadf722dbb3dd1f461bb719a6a72e6ada0f82fde6b9f82f6b2f54a953a14a34a8d38d3a715a46305a24bb90107b3fb258fc228d451fa45dae75ea2e5fbababe3de4f80000000000000000000000000001cd7b90b3c7d3f497b734a845eba6fc92d7c175f9155c9748b8eb7d636142addcbf13fab87bf8fb80b99c590cb63f191debebba54786aa3297acd77479bf232dc96dae6f21ac55cab5a6feedbaddff008b9fbc83a546e2f6bee51a756bd69f1d21172930343c9f48f6b4b7a18db59d79714aa55f563e29736bd854729b5798ca6f46b5dca9d27faaa3ea474ece1c5f9b648e336032d79bb2bb74eca9be7bef7a7a77457cda2db8cd83c3d8eecebc27795568f5aafd5d7f757c1ea0663638ebcc8d5f47656d56bcbaf723aa5e2f92f32d98ae8e6f2b6ecf27710b68f374e9faf3f06f92f79a351a34ade946950a70a74e3c23084524bc123d0087c4ecc62711bb2b6b58cab47f5d57d79ebdabb3cb4260000000000000000000008bcc6d06370b06ef2e17a4d355461eb4df97578bd119e67b6e32193dea36bad9db3e1a41faf25df2f92f78177cf6d76370bbd49cfe9374bf534df27fb4f92f8f719b673693239c9fe935772827ac6853e105e3dafc7dc7163f1b7994b8f41636f3ad53af75705dedf25e668181e8faded9c6be5a6ae6aae2a8c3fab5e2f9cbabb178814dc0ecd6433b513a10f476e9e93af35eaaf0ed7dcbcf4351c0eced8e0a86edb437ebc9693af35eb4bf25ddf12569d3852a71a74e118422b48c62b44976247d0000000000000000000000000000000000000000000000000000000000000153e926ddd6d9b8d58c53f415e3393d39269c7e2d151e8f6e5d0da9a54d69a57a73a6f5f0def8c51a2ed3db2bbd9bc8527abfa994d25d6e3eb2f7a464186ba56398b3ba936a34ab4252d3f0ebc7dda81ba0000000000000000000000000000000000000000000000000000000000000079d7ad4ade8ceb57a91a74e0b594e4f44901f6da49b6f44bacce36cf6c7e96a78dc5546adf8c6b578bfeb3f663fb3dafafc39f26d6ed8d5cb39d9d83952b1e52972956f1ec5ddedec511b3fb3f779ebbf47416e518bfacad25eac17cdf701e781c25d676fd5b5b2dd8ae352ab5ead38f6befec46c58ac6db626c29d9da43769c1716f9c9f5c9f7b3e7138ab4c3d946d6ce9eec171949fda9bed6fad9dc00000000000000000000000000000000000000000000001f156ad3a14a556b548d3a705aca527a24bbd99f6d2edf4aa29dae15b8c1ad2572d68dfeeaeaf17c7c398165da2dabb1c145d36fe9177d5420f97ef3eaf8997e67397f9bb8f4b7b5754bec538f0843c17cf99cd6d6d7592bc546de9d4b8b8aaf5d1716df5b6fe6cd1767360edec942e72dbb7371cd51e74e1e3f89fbbc798154d9dd90bfcdb8d69a76d66ff005d35c65fbabafc797c0d330f83b0c250f476545464fedd59719cfc5fcb9123c9688fd0000000000000000000000087beda8c2d86aab64294a4b5f5293f48f55d5eaeba7995ac8749349271c7584e4f4e13af2dd49feead75f6a02fa725f64ac71d0debdbaa34168da539a4de9d8b9bf2328c86d9672fdb4ef1dbc1bd542dd6e69e7f6bde4246356e6b28c54ead5a8f8249ca526fe2c0d3323d22632ddb8d950ab7724d7acfeae0fcdf1f7154c96dce6af938d3ad1b4a6d69bb4168ff0089eaf5f0d0f8c76c4e6efd293b656b06bed5c3ddff00878cbdc5af1bd1cd8506a790b9ab7524f5dc8fd5c3c1f5bf6a033894abdddc6b2752bd7a92e6f594a4fe2d93d8cd88cd5fe929d05694df1deb87baf9fe1e7ed48d4ac319638da7b9656b4a82d346e11e32f17cdf99d6053f1bd1e632db495ed5ab7935d5fd5c3d8b8fbcb4da59db5952f45696f4a853e7bb4e2a29bede07b800000000000000000001f32946117293518a5ab6de89203e8154cd6de6371fbd4ecff4eaeb87a8f482fef75f96a51331b5396cc6f42bdc3a741fea68fab1f3eb7e6d81a4e5b6bf0f8a72854b8f4f597074a87aed75717c97837a947cc6dee4efd4a9d9a56345fe07acdff7babc922031d8abfca54f47636b52bb4f46e2bd58f8b7c179972c4747137bb532d74a2b9fa1a1c5f9c9fc93f10291468dcdfdd6e51855b8af51b7a45394a4fad976c174793938d6ccd4dd5cfe8f49eadfef4bf2f6977c762ec71547d158db428c5f3715c65e2df17e67601cf65656d616f1a1674214692fbb05a79bed7de7400000000000000000000000000000000000000000000000000000000000000000007e34a49a6934f834cc1efeda5657f716b27aca8d49536fb747a1bc995f48b8d7699e57715f5577052e492de8e89af83f30342d9ebefe92c0d95d39394a74929b7d725c25ef4c9233ce8d333184eae22b4b4df6ead0f1d3d65ec5af933430000000000000000000000000000000000000000000000000000000157da1db5b1c4a9d0b571bbbb5aadd8bf520ff0069fc97675013994ca5a626ce5757b5553a6b825d727d8975b329da6da8bacf56dde346ce0fd4a29f3ef976bf87c6372995bccbddbb8bdacea4df25ca305d897522cdb2bb1356ff0072f32b1952b5e71a5ca55577f62f7bf7811db2fb2b739dacaad4dea36317eb55d38cbba3dfdfd5ee357b1b2b7c7dac2dad294695182d1457c5f6bef3d6952a74694295284614e0b76318ad125d891f600000000000000000000000000000000000000000000008fcc662cf0b68ee2f6a6ea7c2108f194df62471ed1ed3d9e068e936ab5d497a9422f8f8bec464f95ca5de5ef65757b537e6f824becc17625d480edda0da5becf55fae97a2b68bd61420fd55defb5f7fc0f6d9cd94bdcec955fea2cd3e35a4b9f74575fc09ad92d88773bb7d98a6e3479d3b77c1cfbe5d8bbbafe3a2c211a708c29c546114946315a24bb101c187c2d8e16dfd0d951dd6fedd49719cfc5fcb912200000000000079d6ad4a852955ad5214e9c79ce72492f3641dfeda60ecb797d2fe9138fdda11dfd7c1fd9f78160067b7fd254db71c7d8452d784ebcb5d57eeae5ed2b97db5d9cbed54efea528ebaa8d1fabd3cd71f6b035bbcc8d958454af2ea8d04d6abd24d45bf05d6576ffa41c3db26ad556bb9e9c3763bb1d7b1b971f73330a74abddd7dca50a95eacdf28a7294993b61b139cbdd24ed95b41afb55e5bbeee32f701dd7fd22e4ebef46ce851b58be4f4f4935e6f87b8ae5fe5f2391d7e9b7b5ab45bd772537ba9f747922ef63d1ad08a4efefea4de9c61422a3a3f17aebec458ecb6570963c6963e94a5c3d6aabd23f1f5b5d3c80c92c7157f917fa159d6aeb5d1ca106e29f7be48b1e3fa3ccadc38caf2ad1b486bc537bf35e4b87bcd40fd02a561d1ee22d927752ad773d346a52dc8ebda9478fbd964b3b0b4b183859dad1a117a6be8e0a3af8e9cce90000000000000000000000003c6eaea859d0957baad0a34a3ce737a2407b1e75ebd1b6a32ad715614a9c79ce72514bcd947cd748b4e1bd4b0f47d23e5e9eb2d23e51e6fcf4f028d91ca5f652b7a5beb9a95e5d5bcf847c1725e4068598e90ecadb7a9e3293bba9cbd24b58d35f37eef128b97da0c9e664fe9973274f5d55287ab05e5d7e2f5674e1f64b2d97519d2a1e8684b8aad5bd58b5dcb9bf25a17cc3ec2e2b1da54b94efab2ebaab482f08fe7a819ee1f66f299969dadbb545f3ad53d582f3ebf2d4be61f6031d65bb52fe4ef6b2e3bafd5a69f875f9f0ee2da928a4a2924b824ba8fd03e28d2a742946951a70a74e2b48c211492f048fb000000000000000000000000000000000000000000000000000000000000000000000000000111b4d868e730f52d782ad1f5e8c9f54d7c9f15e64b803054ee2c2f75f5a8dc50a9e0e124ff003360d97cfd2cf63555f561734f48d6a6ba9f6aee7ff4ea2176ef65ddfd29652c69eb754d7d6c12e3522bad77af7af028386cb5c61b234ef2d9f18f0941f29c7ad30372071623296d98b085dda4f584b84a2f9c25d69f79da00000000000000000000000000000000000000000002bf9adb1c56277a9fa5fa4dc2e1e8a8bd747def92f8f7016020737b5d8bc3ef539d5f4f731e1e8697169f7be4be3dc67f9adb3cae577a9c6a7d12ddf0f4745e8daef9737ee5dc44e3b177d94ade8ac6daa56975b8ae11f17c97981299cdb1c9e637a929fd1ad9f0f4549e9aafda7cdfc3b88cc5e26fb2f5fd0d8dbceac97da92e118f8be4b9178c2f4774696ed5cbd6f4d2fec6936a3e72e6fcb42ed6d6d42d284685b51851a51e508474480acece6c45a62a50b9bd71babb8f15c3eae9bee5d6fbdfb116b00000000000000000000000000000000000000000000055f6af6be9e0aa2b5b7a51af76d6f3527eac1756bdafb80b34e71a7094ea4946114dca527a24bb5944da5dbe8d352b5c23de9eba4ae5ad52fdd4f9f8bf7f32a599da4c9e69b5775f768f551a7eac3d9d7e7a91207bc217390bc518aa971735a5df294d9a46caec4d2c6fa3bcc9a8d6bb5eb469f38527f37dfc9757695dd9dda7c560a8af458aa93b89474a95dd44e52f0e1c1772eed752c14fa48c5b5f59697917fb2a2ffc480b9829ff00e91f0ffecd7dfc10ff0098e0bae92e3eb2b4c6b7f86756ae9ed8a5f302fe0c9eeb6ff395f4f453a16da7f654b5d7f8b521eeb3995bc5257190b99c65ce1e91a8bf25c00d9eeb216564d2bbbcb7a0dad52ab5145bf6b212ef6eb036d16e17152e249e9bb469bd7daf45ef326a54aad7a8a9d1a73a9397051845b6fc896b4d93cedda6e9e36b452e7e974a7fcda6a059ef7a4a5ebc6c71cff6275e7f18afcc81bedb7cede6f25731b784968e3420a3a7837ac97b493b3e8df2151a777796f422d6bea275249f669c17bc9db1e8f31143765753af7524bd65296e41bf05c57b40ccae2e6bddd5f49735ea56a8fef549b93f6b3bec766f319049db63eb38b5aa9cd6e45aee72d1335eb1c3e371dbbf43b2a146515a29a82dff00e2e6fda77019b58f46f7753495f5ed2a2b83dda51737e0f5d12f7964b1d85c1d9e8e746a5d4d3d53ad3d57b168bda59401e56f6d42d69fa3b6a14e8d3fc34e0a2bd88f500000000000000000000000000000001f8da8a6db492e2db2133db538ec24650ab53d35ce9c28537acbcff0f9fb199b67b6ab239b938559fa1b6d7850a6f45e6fadff009d10175cf6ded9d8ef51c628de575c37f5fab8bf1fbde5c3bccf32796becb57f4d7d713ab25f653e118f82e48e8c2ecee47373fd128e9493d255aa7082f3ebf0468f82d8cc6e2376ad48fd2eea3c7d2d45c22ff663c97bd8144c1ec6e4f2fbb5650fa2db3e3e96aae2d7ecc79bf72ef340c36c862b11bb5151fa45c2e3e9ab7169f0e4b92e2bc7bc9f0000000000000000000000000000000000000000000000000000000000000000000000000000000000000000000ce36eb651dbcea65b1f0d68c9ef57a515f61fe25dddbd9e1cb473f1a4d34d6a9f5018a6033b7781bdf4f6cf7a9cb45568b7ead45f27d8fabda8d5f09b438fce5152b5aa9554b59d19f09c7cbad77a2a9b4db0529d49dde1231f5b8cad5bd38fec3f93f2ec289385c595ceece356debd369e8d38ca2fabbd01bd8327c56de65ac37617328ded15c34abc27a7ef2f9ea5c715b7587bfdd857a92b3aaf45a56fb3af74970d3c7402ce0f9a7521569c6a539c67092d6328bd535dccfa00000000000000000000000f994a308b94e4a314b56dbd12222f36af0765c2ae468ce5a6ba52d6a7f2eba7981320a3de7493690e165615aaf6bab250d3d9aebee2bb7db799bbb5bb4ea52b58b4d35461c5f9cb57ecd00d56e2e28dad2756e2b53a34d739d4928a5e6cabe57a40c5d9eb0b38cef6a2fc3ea4171fc4fe49a332b9bab8bcabe92eabd5af534d37aa4dc9e9e2c94c5eca66329bb2a3692a549e9f5b5bd48e8fad6bc5af04c0fdcc6d665b2ea50ab5fd0d07fa9a3eac5f8f5bf3670e37137f96abe8ec6da759ae724b48c7c5be08d0711d1ed85aeed4c8d595dd45c7717ab4d7cdfb57816ea34695bd28d2a14a14a9c7ecc211514bc12029785e8eeda838d5cb56fa44ff00b1a6dc60bc5f37ee2e76f6f42d68c68db51851a51e50845452f247a800000000000000000000000000000000000000000000000000649d205a56a1b4f5eb548bf477118ce9c9f2694526bc9af81ad9c793c5d9e5ad5dbdf508d5a7aeaba9c5f6a7d406160d36a746f8c72d69ddddc5763717f23f63d1be292f5eeaf5bee9417f840cc41a8c7a39c32926ebdec9763a91ff009497b3d96c1d94dce863a8ef3eba9ad4d3c379bd00ca71981c9e59a765675270fed1add87f13e1e459ad7a35bb9ad6ef214697752839fc743480053ed7a3ac4d2dd7715ae6bc97da5bca317e496bef262d76570768dba58ca0f5fed53a9fcda93000f8a54a9d1a71a7469c69d38f05182d12f23ec0000000000000000000000000000000000000000151da3db9b5c6b9db63d46eae97072d7eae0fbdf5bee5edea02c791c959e2ed9d7beb8851a7d5bdce4fb12e6fc8cef3fb7d797dbd4318a56941f0f49afd64bcfeef971ef2af90c85de4ee5dc5ed79d6aaf86b27c97625c92ee459367b616f323bb5f21bd676cf8a8b5f593f04fecf8bf6015ab3b3bac8dd2a1694675eb4b8e915af9b7d4bbd9a06cff47f4686e5c6624ab54e6a841fa91f17d7f0f12d98cc5d9626dfd058d08d2875b5c5c9f6b7cd9d807c53a70a54e34e942308456918c56892ec48fb0000000000000000000000000000000000000000000000000000000000000000000000000000000000000000000000000001c990c658e4e97a3beb5a55e3a689ca3c63e0f9af23ac0146ca74716d577a78cba9509716a9d5f5a3e09f34bda53f2bb3396c4ef4ae6d252a51fd752f5e1a76b6b979e86d200c2f1f95bfc654dfb1baab41ebab517eabf15c9f996cc6f48f754946191b48575c13a949ee4bbdb5c9bf616dca6ca61f29bd2ad691a5565fada3ea4b5edec6fc532a790e8dae61272c7ded3a91e2f72b27169752d56bafb80b15aedde06e209cee2a5bc9bd376ad27afb63aaf79290cf61e714e395b2e2b549d78a7ecd4caaeb64f3b6a93a98dad24f97a2d2a7f2b67155c464e8477ab63aee9a7d73a125f20368a794c7d4feaefada7fbb5a2fe67b46e684becd7a6fc268c1e546ac5e92a735e3167cb8c9734fd806fbe921f8e3ed3caa5edad2feb6e68c3f7aa2460c346fa80dc259dc4475decad92d3ffb887e6465cedce028424e3772ad25f729d296afc1b497bccaadf1f7b74f4b6b4b8acf4d7eae9b97c11216bb2b9dbbd7d1e32bc74fed52a7fcda016bbde92a92728d8e3e72e1eaceb4d4747fbab5f89037bb759dbad542bd3b68b5a38d1a6be2f57ef3b6cba38c95571777756f6f16b8a8eb392f2e0bde4fd8f47989a1bb2baa95eea4bed272dc83f25c7de066b757b757b252bbb9ad5e4b827566e5a7b4eab2c0e5721baed71f5e719729b86ec5ff0079f0f79b058e17198edd767634294a2b453504e5fc4f89de065d65d1de5abeecaeaadbdac5bf59396fc9792e1ef27ec7a39c6d1dd95e5cd7b9927ab4b4a716bb1ae2fde5c8011f8fc1e2f19baecec68d29c75d27bbacd7f79f1f7920000000000000000000000000000000000000000000000000000000000000000000000000000000000000000000000000000000000000000000039afafadb1d6b2b9bcad1a34a3ce52ebee5dafb88ada2da9b1c141c24fd3ddb5ead08be2bbe4fa9196e63357b9abaf4f7b577b4d77211e1182ec4bfcb026f6976daeb2bbf6d63bd6d66d68f8faf5177bea5dcbcf520b1388bdcc5d2a16345cdf0de93e1182ed6fa89dd9ad89bacaa85cdf6f5b59be2b87af51772ea5defde69961616b8db58db59d18d1a51fbb1eb7dadf5bef6041ece6c758e1942bd64aeaf571f4925eac1fecaeaf1e7e1c8b28000000000000000000000000000000000000000000000000000000000000000000000000000000000000000000000000000000000000000000000000000000000000000000000000000000000000000000000000000000000000000000000000000000000000000000000000000000000000000000000000000000000000000039b217f6b8db495cde568d2a51eb7d6fb12eb607bca51845ca72518c56adb7a248a16d3edea8b9da61249be52b96b87f757cfd9da40ed3ed6dd67272a14b7a858a7c29ebc67df2fcb978f339367f672f73d71bb423e8ede2f4a95e4bd58f72ed7ddf0023e850bbc9de2a746152e2e2acb5ed949f5b6fe6cd2366761edf1db97592ddb8ba5c553e70a6fe6fddf12770782b2c1dafa2b4a7ebcbfacab2e329bef7d9dc498000000000000000000000000000000000000000000000000000000000000000000000000000000000000000000000000000000000000000000000000000000000000000000000000000000000000000000000000000000000000000000000000000000000000000000000000000000000000000000000000000000000000000000084da4da5b4c05bfd63556ea6b5a7413e2fbdf6203ab379ab3c259fd22ee7c5f08538fda9bec4be66479ecedde76f7d3dccb7611e14a945fab4d7e7daffe88f0ca64eef2f7b3babda9bf525c12ea8aea497522e1b21b12ea3a77f98a7a535a4a9db497daef9aeceeebebec611fb27b1b5b2d285ddfa951b1e715ca55bc3b177fb3b569f6d6d46d2de16f6d4a34a9535a46115a247a2492492d12ea3f40000000000000000000000000000000000000000000000000000000000000000000000000000000000000000000000000000000000000000000000000000000000000000000000000000000000000000000000000000000000000000000000000000000000000000000000000000000000000000000000000000000000000000003e6728c20e73928c62b56dbd12467bb55b752a8e765859b8c394ee5706fba1d9e3eced02676ab6ca86214ad6c5c6bdf727d71a5e3dafbbdbdf9955a97592bd73a8ea5c5cd79766b2937d497c8fbc6e3aef2d791b6b3a4ea559717d915dadf52356d99d95b4c0d2551e95af64bd7acd72ee8f62f7bf70119b27b150c7385f65231a976b8c29738d27dafb65ee5ef2e4000000000000000000000000000000000000000000000000000000000000000000000000000000000000000000000000000000000000000000000000000000000000000000000000000000000000000000000000000000000000000000000000000000000000000000000000000000000000000000000000000000000000000000039afefadb1d6b2b9bcad1a54a3ce52ebee5dafb8e2cfed059606d7d25ccb7eb497d5d18bf5a6fe4bbcc9f399cbdce5dfa6bb9fab1e14e947ecc1772edef024b6a36bae739295bd1dea1629f0a7afad53b1cbf2e5e3cce2d9ed9dbccf5ceed05e8e845e952bc97ab1f0ed7ddf024f657636be5dc6eaf77a858f35d52abe1d8bbfd9dda85a5ad0b2b685bdad28d2a34d691845704072e1b0d6785b456f674f4d7edcdfda9bed6c900000000000000000000000000000000000000000000000000000000000000000000000000000000000000000000000000000000000000000000000000000000000000000000000000000000000000000000000000000000000000000000000000000000000000000000000000000000000000000000000000000000000000000000158dabdaea1848cadadd2ad7ed7d97f669ebc9cbf22ce675b4fb1995becf57bbb354ead1aed4b595449c3824d3d7e40532e6e6eb277aeb579d4b8b8ab2d35e6dbea497c917cd95d858d250bdcd414a7ce16cf8a5df2edf0e5dbd84cecc6c95ae0e11ad5776bdf35c6ae9c21daa3f9f37ddc8b181f9c9688fd000000000000000000000000000000000000000000000000000000000000000000000000000000000000000000000000000000000000000000000000000000000000000000000000000000000000000000000000000000000000000000000000000000000000000000000000000000000000000000000000000000000000000000000000000000000000000000000000000000000000000000000000000000000000000000000000000000000000000000000000000000000000000000000000000000000000000000000000000000000000000000000000000000000000000000000000000000000000000000000000000000000000000000000000000000000000000000000000000000000000000000000000000000000000000000000000000000000000000000000000000000000000000000000000000000000000000000000000000000000000000000000000000000000000000000000000000000000000000000000000000000000000000000000000000000000000000000000000000000000000000000000000000000000000000000000000000000000000000000000000000000000000000000000000000000000000000000000000000000000000000000000000000000000000000000000000000000000000000000000000000000000000000000000000000000000000000000000000000000000000000000000000000000000000000000000000000000000000000000000000000000000000000000000000000000000000000000000000000000000000000000000000000000000000000000000000000000000000000000000000000000000000000000000000000000000000000000000000000000000000000000000000000000000000000000000000000000000000000000000000000000000000000000000000000000000000000000000000000000000000000000000000000000000000000000000000000000000000000000000000000000000000000000000000000000000000000000000000000000000000000000000000000000000000000000000000000000000000000000000000000000000000000000000000000000000000000000000000000000000000000000000000000000000000000000000000000000000000000000000000000000000000000000000000000000000000000000000000000000000000000fffd9, 'Delivered', 'ORD1000000021');
INSERT INTO `delivered_product` (`delivered_product_id`, `order_receiver_signature`, `order_receiver_signature_status`, `order_details_id`) VALUES
(9, 0xffd8ffe000104a46494600010100000100010000ffdb004300100b0c0e0c0a100e0d0e1211101318281a181616183123251d283a333d3c3933383740485c4e404457453738506d51575f626768673e4d71797064785c656763ffdb0043011112121815182f1a1a2f634238426363636363636363636363636363636363636363636363636363636363636363636363636363636363636363636363636363ffc0001108025802d003012200021101031101ffc4001b00010003010101010000000000000000000005060704030201ffc4004c1001000103020108060704060708030000000102030405110607122131415161811314227191a115233242b1c1d1526272b224335392a2c255637393d2e1f016174364828384f12544a3ffc40014010100000000000000000000000000000000ffc40014110100000000000000000000000000000000ffda000c03010002110311003f00d0000000000000000000000000000000000000000000000000000000000000000000000000000000000000000000000000000000000000000000000000000000000000000000000000000000000000000000000000000000000000000000000000000000000000000000000000000000000000000000000000000000000000000000000000000000000000000000000000000000000000000000000000000000000000000000000000000000000000000000000000000000000000000000000000000000000000000000000000000000000000000000000000000000000000000000000000000000000000000000000000000000000000000000000000000000000000000000000000000000000000000000000000000000000000000000000000000000000000000000000000000000000000000000000000000000000000000000000000000000000000000000000000000000000000000000000000000000000000000000000000000000000000000000000000000000000000000000000000000000000000000000000000000000000000000000000000000000000000000000000000000000000000000000000000000000000000000000000000000000000000000000000000000000000000000000000000000000000000000000000000000000000000000000000000000000000000000000000000000000000000000000000000000000000000000000000000000000000000000000000000000000000000000000000000000000000000000000000000000000000073e7676369f8d564665ea2cdaa7aeaaa7e51df3e0ccf8a38d72355e7e2e073b1f0a7a2a9eaaeec78f74787c7b8160e25e3bb3855558ba4f32fdf8e8aaf4f4d144f87ed4fcbdea35dcad6b5ebd54555e666d71ed4d144555453e314c7447c13bc33c0f91a87332b538ab1f167a69b7d55dc8fca3e7f8b48c2c2c6c0c6a71f0ec5166d53d54d11b79cf7cf88319b391abe81954cd33958577a2ae657134c551e34cf5c35ed0f52a757d1f1b3a29e6cdda7daa7baa89da7cb78954b9538a7d0e9b33f6a2ab911eef677fc925c9bf3ff00ecccf3b7dbd3d7cddfbb68fcf705ac0000000000000000000000000000000000000000000000000000000000000000000000000000000000000000000000000000000000000000000000001f176edbb16aabb7aba6ddba237aaaaa76888f1907dabbc47c5d85a245566898c8ccfeca99e8a7f8a7b3ddd7f8ab5c4dc7972ff3b1745aaab76baaac9db6aaafe1eef7f5fb913c39c239baed51917a66c61ccf4ddaa3daaff863b7dfd5efea0725ebfac7166a914cc57917677e6dba7a28b71f8447574cafdc37c1589a4f3723339b95991b4c4cc7b16e7c23b67c67e49dd2b4ac2d231631f06cc5ba7ef55d75573df33daed000066bca86573f53c3c5e8dad5a9b9e754edfe58f8addc198d389c2b8145511155744dc9dbb79d33547ca619bf145eaf55e2eca8b31355555e8b16e2277de636a7a3df31bf9b60c7b3463e3dbb16a36b76a88a298ee888da01e8000000000000000000000000000000000000000000000000000000000000000000000000000000000000000000000000000000000000000000000087e21e22c3d031b9f7e7d25fae3eaecd33d357bfba3c41d7aaea989a46155959b739944744447daae7ba23b659571071267f11e5536a9a6aa31f9db5ac6b7d3bcf66ff00b53ff50f0bf91aaf15eaf1d155fbf5fd8b74f4536e9f0ee8f1968fc31c278ba15ba6f5ce6dfce98f6aeedd147853ddefeb9f9021785f8129b7ccccd6a98aabdf7a31bae23f8bbfddd5dfbf52f71114c445311111d1111d8fd0000070eb5a84697a3e566cedbdab7334ef1d13575531f1987733ce533568aae58d26d5513147d6dedbbfeec7c379f38041f0360ce7f1463cd51cea2c6f7ebe9eeea9fef4d2d7d4fe4e34a9c4d22bcebb4ed732eaf677eca23abe33bcfbb65c00000000000000000000000000000000000000000000000000000000000000000000000000000000000000000000000000000000000000000000051f8b38de9c5e7e0e915d35dfeab97e3a69a3c29ef9f1ea8fc024b8ab8b71f44a2ac7c7e6dece98e8a3b2df8d5fa33fd374cd538af55aebe7d572aaa77bd9173ecd11ff005d511f83a786f8633388b22726fd55dbc4e76f72fd5d355c9ed8a77eb9f1ff00e9aa6060e369d89462e1daa6d5aa3aa23b7c67be41cba168787a1627a0c5a37aeae9b976afb55cf8f87824c00000001cba9675ad374fbf997e7eaecd1354c77f747be6768643a6e2e4f1471245376666ac8b9372f551f729eb9dbbba3a23c964e52b59e7ddb5a459aba28daededa7b7eed3f0e9f384b7279a37a8e9339f7a8dafe5f4d3bc74d36fb3e3d7f005aed5aa2cdaa2d5aa628b745314d34c754447543ec000000000000000000000000000000000000000000000000000000000000000000000000000000000000000000000000000000000000000007c5dbb6ecdaaaeddae9b76e88deaaaa9da223be65e1a8ea18ba662579599762ddaa7b67ae67ba23b6595712713e6710e4fa0b515dbc4e7445bb14f4cd73d9356dd73e1d9f39091e2be36b9a87a4c2d2eaaade24fb35ddeaaaec787753f39f91c25c155ea3ccced4e9aade24fb545aeaaaec7e54fce7e694e12e08a6c4519dac5b8aaef5dbc79e98a3c6aef9f0ecfc2f40f8b56edd9b54dab545345ba236a69a636888ee887d800000000e3d5f50b5a5699919b7ba69b54ef11fb53d511e73b3b199f28dadc656751a5d8ab7b58d3cebb31db73bbca3e733dc086d1306ff0013f1244644cd5172b9bd91547653bf4fbbb223df0d8e9a69a298a6988a6988da2223688856380745fa33478cabd4ed9197b573bf5d347dd8fcfcfc1690000000000000000000000000000000000000000000000000000000000000000000000000000000000000000072ea59d634cc0bd99933316acd3bced1d33d9111e333b432ad738c754d5abaa9a2ed58b8dd96acd531bc7ef4f5cfe1e00d6ef5eb58f6a6e5fbb45ab71d7557545311e7288c9e2ed071ae732e6a56aa9ff57155c8f8d3130c6a6667ae7701b07fdb6e1dff00487ffc6e7fc2f3bdc75a05aa39d465577a7f668b356ff388867181c37ac6a31138d817a6898e74575c732998f09ab689f258f13935cbb946f97a85ab357ecdba26e7c779804964f293834531eab8391767b7d24d3447cb74664f2959b555fd17031ed4775caaaaff000d9298fc9b69f4d3fd273726e55df6e29a23e131291b1c0ba05aa229af12bbd31f7abbb56f3f0988f902a55728dac4c6d1630a3c62dd5ff13cbfef075bff00cb7fbbff009b41b3c37a2d8a39b46978b31fbf6a2b9f8ceef58d0f488ead2f0a3ff8f47e80ce27940d727aabc78f75a794f1debf3d5956e3dd669fd1a77d0da5ff00a370ff00dc53fa1f42e95fe8cc3ff714fe80cd2d71f6bb6ea89aaed9bb11d95da8da7e1b3bac7293a8d37227230b16e51dd6f9d44fc6667f05ee743d227af4ac19ff00e3d1fa3932384741c8af9d734db513feae6aa23e14cc020f17949c1ae3fa560e45a9ff005754571f3d9318dc69a0e4736233a2dd53d9768aa9dbcf6dbe68fc9e4eb49bbce9b17b2acd53d51154554c794c6ff343e5726b954c47aa6a366e785da268dbe1b82fd8b9f8799331899762fedd7e8ae455b7c1e3aceaf89a2e15593995ed1d54511f6ab9ee8864dacf0cea5a251e93328b5e8a6ae6d35d176279d3e11d7f245dcbf7af5345376ed75d3446d445554cc531e1dc095d5754d4b8ab55a23995575553cdb18f6fa6288fd7be7c3ba3a2ff00c29c216745a632b2b9b7b3e63ed75d36bc29f1f1ff00a9a2f0c71253c3f76e57ea167226e744dce74d37223ba27a636f2e9efea689a4f1868faa4c514647abde9e88b77fd999f74f54fc7704f00000000000089e25d628d1347bb953b4dd9f62cd33f7ab9eaf28e99f2669c29a4dcd7f5e89c8e75cb3455e9b22baba79dd3d533df33f9beb8cb5c9d7358e6e3ccd58b6266dd9888fb53db579cfca21a1f096871a1e8f45aae98f59bbeddf9e8ebfd9f74757c7bc136fd0000000000000000000000000000000000000000000000000000000000000000000000000000000000000000057b8e70ef66f0ce45362266ab53176698ed88ebf974f93206ff311313131bc4f6329d7782352c3cdafd431eac9c5aa77b7344ef5531dd31f9839382f070752d7a9c5d42d5576dd76ea9a298aa6239d1d3d3b74edb6ed5b0f4ad3f02627130b1ecd511b73a8b71156defeb954f81b8532b4dca9d4751a62d5c8a669b56b78998dfae67cbf15e0000000000000000070eafaa6368f815e5e5d7b514f4534c75d75764478bd351d431b4cc2b997977228b54479ccf7477cb24d5f54d438af59a29a2dd554d53ccc7c7a7a6298fd7b667f2807c67e6ea3c57ad53b5135dcb93cdb36699e8a29ff00ae999697c35c358da1e0cd154537b26ed3b5eb931d13fbb1fbbf8bf385b86ec68189bcf36e665d8fadbbb757eed3e1f8fc369e0406a5c1ba26a113338918d727efe3fb1b797d9f929bab727da8e26f7302e51996e3eefd8ae3ca7a27e3e4d440639a7711eb7c3f77d5fd25c8a2dced38d914ccc53e1b4f4d3e5b2eda4f1fe9999b5bcda6ac2bb3db57b544f9c7579c6de2b0ea3a560ea967d167635bbd4c754d51d34fba63a614ad5f9399deab9a4e4f475fa1bff9551f9c7982fb66f5ac8b54ddb1728bb6eae9a6ba2a8989f74c3d18b7ff009ce17cbfff00630ae4cfbe8af6f8d3575f8ad9a1f28945734d9d66d45b9eaf4f6a3a3ff553f9c7c017d1f166edbbf6a9bb66ba6e5bae37a6aa677898f097d80a87281af7d1fa7fd1d8f57f49caa7db98fb96faa7e3d5f159752cfb3a6605eccc99daddaa779dbae67b223c667a18fd14e6f1571177dfcaaf799ecb74fe911f8027793cd07d7336754c8a7ea31aadad44fdeb9dfe5d7efdbb9a6b9b4fc2b3a760d9c3c6a79b6acd3cda7be7c67c667a5d200000000000000000000000000000000000000000000000000000000000000000000000000000000000000000000000000000000000003c3332ec60e2dccacab916ecda8e75554f63eef5eb78f66bbd7ab8a2dd14cd555554f444476b25e2be24bdc439b4d9c78ae30e8ab6b56e23a6b9eae74c77f74767c41e7c43aee5f13ea745bb3457e862ae6e3d88e99999ed9f195ff847862de858be96f4535e75d8f6eaebe647ecc7e73dae6e0ce14a748b319b9b4c559f723a23ae2cc77478f7cf97bed80000000000f3bf62ce4d9aace45aa2edaabed515d31544f94a8bc47c0144d1564e89bd35474ce3553bc4ff000ccfe13f18ea5f8063dc39c4799c3999366ed35d58d356d7b1eae89a67b66227aaafc7b7c35ac2ccc7cfc4b7958b722e59b91bd3542b9c63c2746b36aaccc3a69a33e88f745e88ec9f1ee9f29f0a168fc41a8f0fc6563d9de22e4554d56eb8feaebeae744764c7ff006098e50b5df5ecf8d371eadec62d5f5931f7ae7fcbabdfbac9c05a0fd19a6faee451b65655313b4c74d1476479f5cf9772a1c11a14eb3ab7a7c8a79d8b8d315dcdfa79f57653e3df3e1ef6b40000000000000000000000000000000000000000000000000000000000000000000000000000000000000000000000000000000000000029bca07117a8e27d198b5ed937e9fadaa3ee51ddef9fc3df0080e38e289d4efd5a7e15cfe856aaf6eaa67fadaa3fcb1d9dfd7dc99e05e158c6b746aba851f5f546f62d551f623f6a7c67b3bbdfd50fc07c351a964fd239b6f7c4b357b14d5d576b8fca3e7d5ded400000000000000001f35d74dba2aaebaa29a698de6a99da223bd8b7116a146b1aee4e563dae6d15ced44453d354446dbcf8cedbaebca2ebbeab871a563d7f5d911bde98fbb47779fe11e2e5e4df43fb5ac6451df463eff0aaafcbe20e2e4f78829c1cafa2b2368b3935ef6eafd9b93b46d3efda23ded3591f1be851a2ead1731e9e6e2e4ef5db88fb931f6a9f9c4c7bfc1a07086b13ace856af5d9df22d4fa2bb3df5476f9c6d3efdc1380000000000000000000000000000000000000000000000000000000000000000000000000000000000000000000000000000000000038759d52ce8fa65ecdbfd31447b34efb4d757644325d3f13338ab8879b5d73372fd5372f5cdb78a29ed9f2e8888f742478f35efa5754f54c7af7c5c599a6369e8aebed9fca3cfbd75e0bd07e85d2a2abd4ed9991b5577f763b29f2fc664139878b670b12d63635116ecdaa629a698ee7b000000000000000e3d5751b3a569d7b37227d8b54efb76d53d911ef97632ce3fd7be92d47d431ebdf1716a98998eaaee754cf9757c7bc117838d97c57c47b5caa66e5faf9f76b88e8a28edf288da23ca1b16363dac5c6b78f6288a2d5aa629a698ec8857781b41fa274a8c8bf46d979511555bc74d14f653f9cffc96704071b69d1a8f0d64ed1f598f1e9e89dff67aff00c3baa1c9a67fa0d66fe1d554453936f7a636ebaa9e98f94d4d32aa62ba669aa226998da627b618d69b555a17175a8aee44463657a2aebece6f3b9b54fc3706ce000000000000000000000000000000000000000000000000000000000000000000000000000000000000000000000000000000000acf1c6bdf43e95366c57b65e4c4d346d3d3453db57e51e3ee5832f26ce162ddc9c8ae28b56a99aaaaa7b2218ee5e466715f1144d14fd6e457ccb744cef16e8fd223799f3904b727fa0fd21a8fd21914ef8d8b57b313f7ee767c3afe0d49c7a569d634ad3ace163c7b16a9db7edaa7b667c665d8000000000000003c72f26ce162ddc9c8ae28b56a99aaaaa7b20103c6daff00d0da5cdab15ed9993134dbda7a688edabf4f1f7297c09a07d2da9fad6451be262cc553131d15d7d94fe73ff34767e566714f10f3a8a266edfae28b56f7de28a7b23dd11d333ef96b7a3e996347d36ce163c46d6e3daab6da6babb6a9f783b800192f28387eabc4f76e444453914537636f77367e74ccf9b5a517950c3e7e16166c6dbdbb936aaef98aa378fe59f882dba3667d21a3e265ccc4d576d53555b7ed6dd3f3dddaa8f26d9beb1a0578b5551cec5bb3111dd4d5d31f3e72dc000000000000000000000000000000000000000000000000000000000000000000000000000000000000000000000000000003cb2b22de2e2dec8bb3316ecd135d531dd11bc8283ca4eb7355da347b15cc534ed732369eb9eba69fcfce3b9ddc9d685eab853aae451b5ec88dad44c74d3477f9fe111dea569d8f7789389a8a2efdacabd35dd989db6a7ed55b796fb79368b74516add36edd314d1444534d311b44447603e80000000000000019c728baff00a7bf1a46357f576a62abf34cfdaabb29f2ebf7fb970e27d669d0f47bb93bc4deabd8b34cf6d73f9475f9333e16d1ee710eb91e9f9d5d8a27d2e4d7333ed74f56fdf33f9cf602ddc9de81eab893aae4d1f5d7e9dacc4c74d3477f9fe1ef5d5f34d34d14c534c4534c46d1111b4443e8000043716e1faf70ce7daeda6dcdca7a3b69f6be7b6de6997e4c44c4c4c44c4f5c4832fe4d737d06bd7316aaa629c9b53b53df553d31f2e7351633a3c5cd2b8cb1acf3e22ab399166aabb36e7736af96ed98000000000000000000000000007e4cc446f3d100fd11f91aee938bcef4da962d334f5d3e9626af8474a2b278ef41b14ef464dcbf3fb36ed55bfcf68059451b2794ac4a6afe8ba75ebb1df72b8a3f0dd1591ca3ea75cd51631716d533d5ce8aaa98f3de23e40d386397f8c35fcaa6689d42ba6267aad514d13f188dde75e1f11ea74d1e96c6a7934cfd99b94d7553f19e806bb93a960e257cccacdc7b15775cbb4d33f3947e4716e838d5f36e6a56a67fd5c4dc8f8d312ceecf037105caa22ac3a6dc4fdeaef51b47c2665216f937d526a8f4b97874d3db34cd554ff2c02cf91c7da159feaeedebff00eced4c7f36ce4af948d26299e662e6d557644d34447f338a9e4ca9dfdad5a663c31f6ff33b6df26fa54511e932f32aabb669aa988f873641c75f2996e27eaf4aaaa8fdebfb7f965e37794cbd31f53a5dba27f7ef4d5f9426ec727fa1da9deba722f7857776fc221d54f05f0f533bc69d1e776b9ff3029f57291aaccfb38b8511e34d73fe6735ee3fd72ecef4578f67c28b5bfe3bb44b5c37a2d98da9d2f127f8ed455f8bde8d1f4cb73bdbd3b0e99fddb14c7e40caebe34e21b94cd33a84c44fecdaa227e310f1b7aa711e657f5399a95daa67aad575fe10d968a28b74c534534d34c76531b43e818d5dc6e29c8dbd359d62e6dd5cfa6ecfe2f2fa278837dfd4352dfbfd157fa36a018ddac6e29b1fd4d9d62dff00053763f07cd5aaf12e157f5b97a95baa3b2ed55fe15366019051c6fc4346d139d15447655668fd1dd6b945d628888aec61dcef99a2a899f854d36f58b37e9e6deb545ca7baba6263e6e0bfc3ba3645134dcd2f17a7b68b514cfc636905571794bb53553197a6d7453db55ab9154fc2623f158f4ce2bd1b539a68b3974dbbb56df557bd8ab7ee8dfa267dd328ecde4fb46c8899c7f4f8b56dd1ccaf9d4efdf3156f3f3855756e01d53062ab98934e6da8e9f63d9aff00bb3f94c835518e699c4dad683726c45cae68b7ecce3e444cc53e1b4f4d3e5b2e5a67287a6e4c4539f6ae61dcedabedd1f18e9f97982e239f1337173adfa4c4c9b57e98eb9b75c55b7bf6ea7400000000000000000000000000000000adf1fe67aa70bdfa62662ac8ae9b3131e33bcfca263cd64503952c9da8d3f169afae6bb9553f0889f9d40f1e4bf0a2acacdceaa27d8a29b54f74ef3bcff2c7c5a2ab1c9e637abf0bdbb9bf4e45daee7bba79bfe559c0000000000000055f8f75b9d2f47f57b356d9397bd14edd74d3f7a7e7b79f80291c63acd5ae6b93463ccd78f627d1588a7a79d3bf4d51ef9f944345e14d129d0f47b762a88f58b9eddeabf7a7b3dd1d5f19ed52f93ad0fd733ead4efd3bd9c59dadc4fdeb9ff28e9f7cc34e000000000062bac6f4f1666cd3d719b5cc7bf9f2da98dd51465f1d4c6fbdbbba975c76c4dcfd1b2000000000000f9aaaa68a66aaa629a63ae667a81f42272f89b44c38def6a58f3d9b5babd24fc29dd0b97ca2e956b9d18f672722a8ea9e6c534cf9cceff205c066b97ca4e75c9db130b1ecc6db7d64cdc9f7f67e085c8e2ae20cfaa9b7ebf7f799f669b11144ff008622641afdfc8b38d6a6ee45eb766dc75d572a8a63e3288cbe30d0712aaa9af50b772a88df6b5135efe711b7cd9b59e19e21d46e5772703266bdf7aaac89e64cff007e6374ce2726fa8dcaa272f331ec5131d3ccdebaa3c36e88f982572b949c1a223d530322ecf6fa5aa2dc7cb9c87cae51f54b935463e36359a67ecef135d51e7bc47c93989c9c69b6e9a672b2b26fd713d3cdda8a67cb699f9a6b1785342c5999b5a659aa67fb5dee7f34c8334bdc55c419d316fd7efefd916698a27fc31124687c49aa5ddeee1e75daff006b237a7e75ecd82cd9b562dc5bb16e8b74475534531111e50f406558dc9eeb57a37bb38d8fe172e6f3fe1894ae3f2691ecce4ea73fbd4dbb3f84ccfe4d0005531f93dd16cd5155c9c9bfdf4d7722227fbb11293c6e16d0f177f47a658ab7fed63d27f36e9801e5631ec635be663d9b76a8fd9b74c531f087a8000000000000000000000000000038b51d234fd568e667625bbdb46d154c6d547baa8e9854752e4dec57ceaf4dccaad4f65bbd1ce8fef474c4794af60314d5740d5345bf14e4d8ae2267d8bb6fdaa6af74c7e13b4b4fe0eab36be1bc59d43d24dee9da6e7da9a77e8df7f04e0000000000000000000000000000000032ce52aec5ce23b7446ff578f4d33efdea9fce1a9b2fe5331aab5af59bfcdab997ac47b53d53544cc4c479737e20bf70ddba6d70e69b4d11b47ab5baa7df34c4cfce52484e0fcfb7a870de1d56e639d66dc59ae9df7989a636f9c6d3e69b00000000000007cdcae8b56eab972a8a68a626aaaa99da2223b58deb39b91c4fc49336299abd2d716b1e89eca77e8f777cfbe574e51b5af53d3a9d36cd5b5eca8debda7a69b71facf47ba25c1c9ae8bd37358bf4f7dbb1bc7f7aafcbe20ba691a75ad274cb18563a69b54ed357ed4f6cf9cbb4000000007c5ebb4d8b35ddb93b5145335553e11d2fb44715e4c6270c6a376637deccdbfef7b3f98334e0bb5eb5c5b85cf8de22baae4fbe29998f9ecd899270266e169babdecbd42f516add16269a66ade679d354754474cf46eb7e5f285a2d8aa69b319193d1d15516f9b4ccf77b5313f205b067197ca56555b7a9e9f66d77cddae6bdfe1b6c84cbe31d7b337a273abb74d53d14d9a62898f74c74fcc1b05cb945aa26bb95d34511d75553b442272b8a743c4988bba9d89dff00b299b9fcbbb31a342e22d5af73ebc3ccbd5cc6fe93237a778fe2af6dd2d87c9d6a97b995655fc7c7a67ed46f35d54f94747cc13d95ca3e996e9aa31b1b26fd713d1ce88a299f3de67e487cae5273eb9fe8b838f6a9dbff001266b9f96c95c4e4df02dc7f4bcdc8bd56ff00f8711447c3a7f14de2f09685893ceb7a75aae76db7bbbdcf9553300cdeff0016f10e7cfa3a736ec73a7a29b144533f188ddf94e81c49aadc9aee62665dabf6b26a9a67e35cc35fb362ce3db8b762d516a88eaa68a6298f843d0197e2f275ab5d8a6abf7f1ac44f5c73a6aaa3e11b7cd338bc9ae151bfade7dfbbdde8e98b7f8eebb8082c4e0ed071269aa9c0a2e551db7aa9af7f7c4cedf24c63e358c5b516f1acdbb36e3eedba6298f843d40000000000000000000000000000000000000000000000000000000000000000000000000000000000109c57a0d3af697366998a726d4f3ecd73dfdd3e13fa7726c0635a26b19bc2dab5715dbaa237e66463d5d1bedf9c764b59d2f53c4d5b0a9cac2bb15dbaba263b699ee98ec945f1470b63ebd67d25134d9cda23d8bbb7455fbb57878f67c99b455ac70a6a5311e9316f479d1723f0aa3febac1b48cff0794ae8a69d434fe9fbd5d8aff0a67f548c728da3cf5d8cd8f7dba7fe205bc54e3943d17f672a3ff6e3f57ec7283a27fe663ff6bfe60b58aa4f285a24754654fbadc7eaf89e517468eab3993eeb74ff00c40b73cb22fdbc5c7b97ef55ccb56a99aebabba2237954e7947d236e8c6ce99fe0a3fe257b89f8da75ad3e7071b1aab16aaaa26e55557133544766db7474ed3e408abd73278af89bd9898af2ae73698ebf47447e911bb60c2c5b583876716c53cdb56a88a298f08633a16b97f41c9b9918b62c5cbb5d3ccdeec4cf3637de76da63ba1217f8e75fbd55534e5d36a99fbb45aa768f39899f9835d78e46563e2d11564dfb56699ea9b95c531f363d4dfe24d52dd5ccb9a9e55babed45135d54fcba1ed6382f5fc8e6d5ea33453576dcb94d3b7be37dfe40d27278ab42c5feb353b13fece66e7f2ee8dc8e50743b356d6e726fc77dbb5b7f34c2b98fc9bea55cd3eb1978b6a99ebe6f3ab98f2da3f149e3f2698b4d5fd2751bd723baddb8a3f1dc1f191ca5da8998c7d32baa3b2ab97629f9444fe28bc8e51757b915459b38b6627aa6289aa63e33b7c969c6e01d0acff596afe47fb4bb31fcbb24f1f86f45c6a79b6f4cc69f1aedc573f1ab706617b8ab8833a62dfd217f7dfa22cd3144ff0086225c3a9dbd569aa8b9aa51991557f66ac98ab7ab6eee775f636fb56add9b716ed514d14475534c6d11e4cc7949cff58d76de25354cd18b6e226263aaaaba67e5cd047683c279faf62d7938d72c5bb5457ccdeed531333b44f46d13df0b362f269662aa672f52aeba76e9a6d5b8a677f7cccfe0b1708617a8f0ce0db9db9d5d1e96ada36e9abdae9f188988f24d02b987c0fa0e2c53cec5ab22ba677e75eb933bf946d1f24de2e16261c4c6262d9b11575c5ab714eff074000000000000000000000000000000000000000000000000000000000000000000000000000000000000000000000000000003c32f0f1b3accd9cbb16efdb9e9e6dca62637eff7bdc05572b93fd0efd7ceb74e463c7ecdabbbc7f8a25c973936d3a67eaf372a98eeab9b3f942ea028b3c9a62fddd46f47bedc4fe6f89e4ced766a95ff00b98fd57d0142ff00bb3b7fe95aff00dc47fc4faa7934c789f6b53bb3eeb511f9af6028b97c07a2e9da7decbcccccc9a2cd3355534d5446fe11131d73d5d6a468ba657ac6ad630acef1172af6aaebe6531d333f05bb94ad679d72d69166be8a76b97f69edfbb4fe7e7091e4e746f54d3aad4af53b5ecae8a378e9a6dc7eb3d3ee8804b58e0fd031eb8ae8d36dccc7f695555c7c2a998496369d8387573b170f1ec553db6ad534cfca1d400000000003c3372ad60e15ecabf3b5bb344d756dd7b4475478b1dd2f1ee711713dba2f74ce4de9b97b6e8da9df9d56dddd1bede4b7f297abfa2c5b3a55aabdabdf5977f8627d98f398dfff004bf7934d27d0e25ed52e53b577feaad7f044f4cf9cc7f84178ea8da1fa0000000000000000000000000000000000000000000000000000000000000000000000000000000000000000000000000000000000000000039354cfb5a669b919b7fec59a39db7ed4f6479ced1e6eb679ca66afcebb6349b557451f5b7b69edfbb1f0de7ce015ad270f2389b88e9a2ecccd57ee4ddbf5c7dda77deaf77747be1b2dbb745ab545bb74c51451114d34c46d1111d50a8f273a3fa9e9756a17a8daf65fd8de3a62dc757c67a7c6365c400000000007c5ebb458b35debb54536edd3355554f64474ccbed50e51b559c3d1e8c1b556d772e76ab6eca23afe33b47c4146bf73238a789e668898af2eef36889e9e651d9bfba98e9f7362c4c6b58789671ac53cdb56688a298f088517933d23fafd5aed3df66cef1fde9fc23e2d000000000000000000000000000000000000000000000000000000000000000000000000000000000000000000000000000000000000000000001e397936f0f12f64de9dadd9a26baa63ba2376378b6b2389b8969a6e4cfa4cbbd3557313f629eb9db7ee88e8f72ebca56a9e834db3a75babdbc9ab9d5c44f5514feb3b7c25e1c99695ccb391aa5ca7a6e7d4dadfba3a6a9f8ed1e520bcdab5458b345ab54c516edd314d34c7544474443ec00000000000637c459f7388b896b9c7f6e9aab8b18f4f7c6fb47c66667cda171c6ad1a5e81769a2adafe57d55bef889fb53f0f9cc2a5c9be95eb5aadcd42e53f578b1b51dd35cfe91bfc601a2697836f4cd371f0ad7d9b34453bedd73db3e73bcbac00000000000000000000000000000000000000000000000000000000000000000000000000000000000000000000000000000000000000000041f186a7f45f0ee4dda6adaedd8f436ff008aaedf28de7c819b711e6dcd7f89eece3ef722ab91631e227a2622768dbdf3bcf9b5bd3306de9ba6e3e15afb16688a77db6de7b67ce779f366fc9ce99eb7add7995c44dbc4a778dff6eade23e5bcf943520000000000015ee34d6fe86d1aa8b55f372b237b7676eb8efabca3e7300a1f1beb1f4bebd5d166ae763e37d55bdba62a9fbd3e73f28868fc31a4c68da1d8c598daf4c73ef7f1cf5fc3a23c99f70068b3a8eb3197769fe8f87315cfef57f763f3f2f16ae0000000000000000000000000000000000000000000000000000000000000000000000000000000000000000000000000000000000000000000331e52b53f58d5ad605157b18b4ef5c7efd5d3f86df1968f9b956f070af655e9dadd9a26babdd10c8347c6b9c47c556fd3c455e9ef4ddbdddcddf798f0ee8f7c0347e0ad33e8ce1cc78aa36bb7febae7beaea8f86de7ba7df8fd000000000079debd6f1ecdcbd7ab8a2ddba66aaaa9ea888e99963bae6a391c4faff3acd1555cfaa2d63daed8a77e8f39eb9f7ac5ca2710fa4afe87c4ae269a662722a8ed9eca7cbae7cbba5d7c9e70f7a0b31ac6551f5b7236b14cc7d9a67aeaf3ecf0f782cfa06936f45d26ce1dbdaaaa9f6ae5711f6eb9eb9fcbdd10920000000000000000000000000000000000000000000000000000000000000000000000000000000000000000000000000000000000000000000052794bd57d06059d32dd5ede44f3ee785113d1f19fe5787263a6f36ce56a55d3d35cfa1b73e11d357cf6f84aa5c4da94eb1afe4e451573adf3bd1d9db7fb11d11b7bfafcdade87a7c697a362e146dbdab7115eddb54f4d5f3990778000000002078bb5fa742d2e6aa26272ef6f4d9a7ba7b6a9f08fc764aea39f8fa660ddcbcaaf9b6ad46f3df3dd11e32c8333273b8b3882269a77bb7eae65ab7bef16e9eef7474cccfbe41d5c23a15ce20d5aabb95ceab1ad55cfbf5ccf4d733f777ef9edf0dfc1aed34c534c534c445311b44475438745d2ac68da6dac3c78e8a237aeadb69aeaedaa5de00000000000000000000000000000000000000000000000000000000000000000000000000000000000000000000000000000000000000000002238ab3a74fe1ccec8a6662bf47cca66276989aa79b131eedf7f24ba95ca7e4c51a4626374f3aedee7f95313bfcea8054782f07d7f89f1299899a2cd5e9ab98ece6f4c7f8b68f36c6cef92dc6a6ac9cfcb989e7514516e99ecda66667f961a200000000f3bf7ad6359aef5fb94dbb54473aaaaa9da221f39795630b1ae64e55da6d59b71bd55d5d50ca38a78a7235fbfe82c4576b0a9abd8b7db5cf7d5fa03e78b3892ef1066c5ab1cea70ed55b5ab7db5cf573a63bfbbbbe2bbf04f0d7d0b87393954c7aedfa7da8fece9fd9f7f7ffc9c3c17c1fea5ccd4b53b7fd27aecd9aa3faafde9fdef0ecf7f55d80000000000000000000000000000000000000000000000000000000000000000000000000000000000000000000000000000000000000000000000671ca8e473b3b031b6feaedd5737fe2988ff002b47659ca55c8af892dd31d76f1a9a67dfbd53f982c9c99dae670f5eae69da6bc9aa6276eb88a698fc775bd5ee04a228e11c2e8889ab9f33e3edd5f96cb080000e4d4b51c5d2b0ebcaccbb16edd3f1aa7ba23b65cdaeebd85a162fa5caaf7b957f57669fb55cfe9e2cb350d4353e2cd5e8a628aae5caa79b66c51f6688ff00aeb99fc01ebafebf9dc4f9f45ab74571679db59c6a3a779ef9ef95d384783ade954d199a8534dcce9e9a69eba6cfbbbe7c7e1df3d9c2dc2b8fa0d98bb739b7b3aa8f6eeedd14f853e1e3dbf25880000000000000000000000000000000000000000000000000000000000000000000000000000000000000000000000000000000000000000000000000651ca359aad713d55cf55db34571f38fc9abaabc77c3d7357c1a327128e765636fec475dca27ae3df1d71e60ebe06bf45ee14c3e64d3bdb8aa8aa227aa62a9ebf2da7cd3ec5744d7b3f87f26a9c79f62676b966e47b356df84acf93ca5dcaac6d8da6d345d9fbd72ef3a98f2888dfe300bf646459c5b355ec8bb45ab54f5d75d51111e72a4ebdca15ab71558d1a8f495f57ac5c8da98fe1a7b7cfe12a94d7ae715666df5f995c4f5474516f7f952b7e8bc9dd8b5b5dd5eefa7affb1b5331447be7ae7cb6f30543074dd5b8a750aee53cfbd5d53f5b7ee4fb34fbe7f28f8350e1ee1dc3d031b9b663d264571f597ea8e9abc23ba3c12762c59c6b34d9c7b545ab54f5514531111e50f5000000000000000000000000000000000000000000000000000000000000000000000000000000000000000000000000000000000000000000000000000000043eafc31a56b154dccac6daf4c7f5d6e79b579f64f9ee8cc7e4f744b3762bb93957e23ee5cb9111fe1889f9ad603c717171f0ec536316cdbb36a9eaa68a7687b000000000000000000000000000000000000000000000000000000000000000000000000000000000000000000000000000000000000000000000000000000000000000000000000000000000000000000000000000000000000000000000000000000000000000000000000000000000000000000000000000000000000000000000000000000000000000000000000000000000000000000000000000000000000000000000000000000000000000000000000000000000000000000000000000000000000000000000000000000000000000000000000000000000000000000000000000000000000000000000000000000000000000000000000000000000000000000000000000000000000000000000000000000000000000000000000000000000000000000000000000000000000000000000000000000000000000000000000000000000000000000000000000000000000000000000000000000000000000000000000000000000000000000000000000000000000000000000000000003fffd9, 'Delivered', 'ORD1000000030');
INSERT INTO `delivered_product` (`delivered_product_id`, `order_receiver_signature`, `order_receiver_signature_status`, `order_details_id`) VALUES
(10, 0xffd8ffe000104a46494600010100000100010000ffdb004300100b0c0e0c0a100e0d0e1211101318281a181616183123251d283a333d3c3933383740485c4e404457453738506d51575f626768673e4d71797064785c656763ffdb0043011112121815182f1a1a2f634238426363636363636363636363636363636363636363636363636363636363636363636363636363636363636363636363636363ffc00011080314043803012200021101031101ffc4001c0001010100030101010000000000000000000706030405020108ffc4004d10000201030104060705050506050403010001020304110506122131074151618191131415222371a1324252b1c1627282b2d13692a2c2e124334383b3f016175374d2263464f145546373ffc40014010100000000000000000000000000000000ffc40014110100000000000000000000000000000000ffda000c03010002110311003f00a000000000000000000000000000000000000000000000000000000000000000000000000000000000000000000000000000000000000000000000000000000000000000000000000000000000000000000000000000000000000000000000000000000000000000000000000000000000000018fdbbda5869f693d36d2a66f2b47151aff8507fabeaeee3d87afb4faed2d074c9567bb2b8a998d0a6fef4bb7e4baffd48f4e7717f78e52dfaf715e7d4b329c9b03f6cecee2feea9db5a52955ad51e2318ff00df05de59366b497a2e8b42ce7353a91cca728f2de6f3c3f23a5b21b374f42b1552b453beacbe2cb9eeafc2bbbb7b5f81a2000000000000000000000000000000000000000000000000000000000000000000000000000000000000000000000000000000000000000000000000000000000000000000000000000000000000000000000000000000000000000000000000000000000000000000000000000000000001c179796d6141d7bbaf4e8d34f1bd37859ec039c1e4d96d368d7f5d51b6d4294aa3785192716df7652c9eb000000000000000000000000000000382f6ee85859d5bab99a851a51de937f97cfa8e725db7bb46b52bbf67da54cda5bcbdf92e5527fd17f5ee03c2d7f59afae6a73bbadeec7ecd3a69f0847a97f5371b01b34ad684756bc87c7ab1f8116bec45fdef9bfcbe666f623677db3a87ac5cc1bb2b77996570a92ea8feafbbe6568000000000000000000000000000000000000000000000000000000000000000000000000000000000000000000000000000000000000000000000000000000000000000000000000000000000000000000000000000000000000000000000000000000000000000000000000000000000000011fdb6d4eb6a1b43734e737e86da6e9538752c706fc596025bd2068556cb549ea54a2e56d72f32697d89f5a7f3e7e60644a7ec0ed1d4d4e84b4fbd9efdcd08ef426f9d4872e3deb87cf3dcd9303d9d8fbca561b4d655ee27b94b79c252ea5bd17159eecb4059c00000000000000000000000003c5da8d7a9683a6babeecae6a663469beb7dafb97fa7581e46dded37b3adde9b6553fdaeac7e24a2f8d28bfc9bfcb8f613fd174ab8d6752a7676cb8cb8ce78e108f5b675e52b9d46f5b7bf5ee6e27f37293657b65740a7a0e9aa9bc4aeaae255a6bb7a92ee5fd40f434cd3edf4bb0a5676b16a9525859e6df5b7deced8000000000000000000000000000000000000000000000000000000000000000000000000000000000000000000000000000000000000000000000000000000000000000000000000000000000000000000000000000000000000000000000000000000000000000000000000000000000000000e3ad4695c519d1af4e3529cd625092ca6be47200269b67b1f434ab4f6869aaa7a153c55a72965413e4d75e33c38b7cd18a2f95e8d3b9a152856829d2a91709c5f5a7c1a22db43a355d0f55a9695332a7f6a94ff001c1f27f3ea7de80a5ec3eb0f56d060aacb7ae2d9fa2a8dbe2d2fb32f15d7da99a225bd1b5f7abebd52d2527b97549a492e728f15f4de2a400000000000000000003e2a54851a52a9567184209ca5293c249736c0ebea5a85be976356f2ea5bb4a9acf0e727d4977b233adead71ad6a552f2e386f7084339508f5247a5b5fb493d76fb728ca51b1a2fe14796f3fc4fbfb3b1789ddd86d987a9dc2d42f69e6ca94bdd8c970ab25ddd8bafb797681edec06cd7aad18ead790f8f563f020d7d88bfbdf37f97cf86dc0000000000000000000000000000000000000000000000000000000000000000000000000000000000000000000000000000000000000000000000000000000000000000000000075ef6f6db4fb59dcddd68d2a30e7297fdf167609bf49f79395fda5929fc3853f4ae29fde6dae3e0bea068adf6ef43af70a97a6ab4d37853a94f11f3eaf134b1929454a2d34d6535d6400ac74797756eb66a31ab272f57ab2a516ff000e135f9e00d400000000000000000000000000000000000000000000000000000000000000000000000000000000000000001e36d46854f5dd2e74b095cd34e5427d92ecf93e4fcfa8f640106b6af5f4fbea75e9e615e85452595c9a7c9a2dda5dfd2d4f4da17b43ec5686f63f0beb5e0f2bc09af485a47a86b4aee947146f139fca6bed79e53f167a1d1a6afb95eb693565eed4cd5a39fc4bed2f15c7c1f681450000000000000000267b77b53ebd525a5d854cdb41fc59c5ff00bc92ea5dcbeacf4f6eb6afd5633d2b4fa9f1e4b15eac5fd85f8577f6f67cf962344d22e35bd461696cb19e339b5c211eb6c0eeecaece55d7efb12cc2d2934eb545fcabbdfd3e8ebd6f4295adbd3a1420a9d2a71518c572491c1a5e9b6da4d853b3b486ed382e6f9c9f5b7decee00000000000000000000000000000000000000000000000000000000000000000000000000000000000000000000000000000000000000000000000000000000000000000000000001f8da4b2f8221bacdf4b53d5eeaf1b6d55a8dc77b9a8fdd5e0b08a8edd6a5eced9caca0f156e5fa08fc9fda7e49f9a24200afec25b46db656d1a58955dea92ef6dbc7d122405c743a72a3a169f4e71dd942da9a927d4f75640ef80000000000000000000000000000000000000000000000000000000000000000000000000000000000000000000f1f6ab49f6ce875eda2b35a3f128fefae4bc5657891eb2baada7df51baa2f76ad19a92cf7753ee2f249f6ff0047f66eb6ee692c50bccd45dd3fbcbeb9f1ee02a161794b50b1a17741e69d68292eeee7deb91d827fd1a6b3955748ad2e59ab432ffbd1fd7cca0000000000032bb67b551d1a83b3b39295fd48f3e6a8c5f5befec5e3f3ed6d66d352d06d3729eed4bdaabe153fc2bf14bbbf3f3c49673b8bfbc72939d7b8af3f9ca726c0fab5b6b9d4afa16f4232ad715a5c3adb7d6dbfab658767342a1a0e9d1a14d29569f1ad571c672fe8babfd4e9ec7eccc342b4f4b5d4657d597c4973dc5f853fcfb4d18000000000000000000000000000000000000000000000000000000000000000000000000000000000000000000000000000000000000000000000000000000000000000000000000000eaea57b4f4dd3ae2f2b7d8a30726b38cbea5f36f8788138e92751f5ad6e9d9c1e61690e3c3efcb0dfd377ea64dd29aa31aae3ee4a4e29f6b58cfe6bccfbb9af56f6eeadc557bf5ab4dce585cdb793d9daab78e9cec3498b8b95adba956c7feacde65c7af86ee3bb0074767f4d96adad5ad9a4dc273cd46b8620b8cbe9f52de60fa2fb08ab7bcd424939ca4a8c5f5a4926fcf31f23780000000000000000000000000000000000000000000000000000000000000000000000000000000000000000000000f176b348f6ce855a84239af0f8947f797578acaf13da0041f4fbdaba75fd0bca0f1528cd4977f73ee7c8b8585e51d42ca8dddbcb34ab414a3dddcfbd72257b77a3fb2f5d9d5a71c5bdde6ac3b14bef2f3e3e28f77a34d6731ada45697159ab432fabef47f5c7ef01bf00003c4da6da2a1a0596fbdda9755162952cf3ef7dc7436af6c68e8f176b65bb5ef9f35ce34be7dafbbcfbe5f77755ef6e6a5cdd55955ad51e653973607d5d5cdcea77d3af5e53ad715a5c7865b7d492fa245376336523a3d257b7b152bf9ae0b9aa29f52efed7e0baf3d7d86d968d8d0a7a9df4337751669c24bfdd45f5fcdaf2366000000000000000000000000000000000000000000000000000000000000000000000000000000000000000000000000000000000000000000000000000000000000000000000000000000c2f49ba9fa3b4b6d329cb12acfd2d449fdd5c93ee6f2ff0084dd113da5d4fdafaedcdda79a6e5bb4bf71705e7cfc40f436134af68ebd0ad517c0b3c569beadefbab3f3e3e0cf275bbf7a9eb1777adb6aad46e39e6a3ca2bc923656b49681d1bd7b87bb1b9d423c33cda9f0497f0e65e2cc668b60f54d5ed6c9278ab5129639a8f393f049b02b1b1b65ea3b31650696fd487a5935d7bdc567bf0d2f03db3f1249249612ea3f40000000000000000000000000000000000000000000000000000000000000000000000000000000000000000000000000f136b746f6d689568d38e6e29fc4a3fbcbabc56579123d3ef6b69ba850bba0f1568cd492e59ed4fb9ae05db92cb237b611b0ff00c4371534daf0ad4aafbf3dce2a337cd27d7dbc3b7b80aed8ddd2bfb2a37741e6956829c7bb3d4fbcc76d86da2b653d3f49a89d7fb356e23ca1dd1efefeaf9f2c2c358d469e9eac29de5685aa6dfa38cb0b8f35f2eee47480fd949ca4e526dc9bcb6f9b353b0bb3af55bef5db9827676d24f12595527cd47e4b9bf05d675365f65ee35eb8539ef51b283f89571c5fecc7b5fe5f475bb4b5a1636b4edad69c6951a6b76318f57fdf681cc00000000000000000000000000000000000000000000000000000000000000000000000000000000000000000000000000000000000000000000000000000000000000000000000000000003c1db5d4bd9bb377328bc54aff00021f3973ff000ef3f0255a2d84b54d5ed6c96715aa2526b9a8f393f049b34dd25ea5eb1aad1b083f76d61bd3fdf971fcb1e6cec7463a66fdc5cea7523c29af434db5d6f8c9fcd2c2fe26072f49d771a746c34ea7bb18acd59412c612f763f9c8e9f46562ab6ad737b28a6ade9eec73cd4a5d6bc149789e66dddefae6d45ca8c94a1412a31eec735fde72369d1c5a7abecdfa76966e6aca69ae785eee1f8a7e606ac0000000000000000000000000000000000000000000000000000000000000000000000000000000000000000000000000004cb6f768ee2e350aba5db54953b6a3eed5dde1e925d79ee5d9fe8630d06dbe995b4fda1b8a938bf457327569cfa9e79af9a7fa19f007bfb23b3d535dd457a48b56745a75a5dbfb2bbdfd1781e75ce8fa85a69f4afae6d674adeb4b76129706df3e5cd72347d1ceb3ea9a94f4dad3c51bae30cbe0aa2feab87cd2029746953a14a14a8c234e9c162318ac248e400000000000000000000000000000000000000000000000000000000000000000000000000000000000000000000000000000000000000000000000000000000000000000000000000000001c377734eced2b5cd678a7460e727dc964e6317d256a9eafa5d2d3a9c96fdd4b7a6b8708478f865e3c9813abdbaab7f7d5aeaaf1ab5ea39b4bb5be48b2685634f43d9fa142a350f454f7eb4bf6b9c9f87e489aec3e9bed1da3a0e6b34adbe3cfc397d5afa947daeb9769b2fa8544b39a5e8ffbed47fcc0472eae2777755ae6ae1d4ad3954963b5bcb2dda35a3b0d1eced251519d2a318cd2e5bd8e3f5c91ad12d55f6b5656d28b942a56829a5f873c7e992e400000000000000000000000000000000000000000000000000000000000000000000000000000000000000000000000000000705dd9db5f50742ee842b527ce33594742cf66b46b1aeab5be9f4a3513ca94b32c3eece707ac00e96b1a753d5b4bb8b2abc1558e14bf0cb9a7e0f044ea42e34fbe94259a5716f531c1f18ca2ff00aa2f24d7a4ad27d05fd2d4e947dcb85b953ba6970f35fcac0dce83aa4358d2285ec30a538e2a457dd9ae6bcfe983d1267d1b6aeedb51a9a65597c3b95bd4fba697eabf2453000000000000000000000000000000000000000000000000000000000000000000000000000000000000000000000000000000000000000000000000000000000000000000000000000000117dabd53dafafdcdc465bd460fd1d2e395bb1eb5f3797e25336c754f656cf5c5484b15ab2f434be72e6fc165f8126d26c2a6a9a9dbd952ca9569a8b69677575bf0597e00523a3ad2dd96872bba916aa5e4b7b8e7ec2ca8feafe4d1c7d265caa5a150b752c4ab574f1db18a79fab89ada1469dbd0a7468c5429d38a8422ba9258489cf49f75bfaa59daac6295173e1db278ff2af303a5d1d5afa7da78d5ce3d5e94ea7cf3eeff9be855cc1745d6ad50bfbb715894a34a32f926dafac4de80000000000000000000000000000000000000000000000000000000000000000000000000000000000000000000000000000000003cdda0d323ac68b7366f1bf38e69b7d535c57d787c9b3d200412855ab67774eb536e15a8cd4a395ca49e797ccb8e997d4f52d3adef68fd8ad052c673bafad783caf0263d20693ecfd7a5714e38a3799a8bba7f7979f1fe23dbe8cf55dfa571a55597187c5a59ec7c24bcf0fc581bd00000000000000000000000000000000000000000000000000000000000000000000000000000000000000000000000000000000000000000000000000000000000000000000000000ea6a97d4f4dd36e2f6ae3768c1cb19c6f3ea5e2f0bc409cf48faa7ad6b30b1a72cd3b48fbd8fc72e2fe98fa9dfe8cb4bccae754a91e5f06967b79c9fe4bc5987a93ad7d792a92cd4af5ea36f0b8ca527fd596cd174f8e95a45b59470fd1412935d72e727e6d81de233b6374aef6a6fe714d2854f4493fd94a2fea996593518b949a492cb6fa8825c569dc5c54af55ef54a9273937d6dbcb02afd1fdb2b7d95a1359deaf39d4967e7babe914694ea6956d2b3d26ceda6929d1a1084b1daa2933b60000000000000000000000000000000000000000000000000000000000000000000000000000000000000000000000000000000000000783b65a47b5f41ad0a71deb8a3f16961716d735e2b3e38255a3ea35349d56def697174a5971fc51e4d78ac973235b61a57b23682bd2847146afc5a58ea8beaf0795e00586856a771429d6a5252a7522a7192eb4d653390c77471ab7ade933d3ea4be2da3f773d707cbe7879f346c40000000000000000000001c377734eced6adcd678a54a0e727dc964e63af7f690beb1af6955b50ad4dc1b5cd65632063acba46a35f52851af62e8dbce4a2aa7a4cb8e7adac72ffbe26e480494a9cdc64b128bc35d8cbcda5c46eece85cd3e10ad4e35239ec6b20730000000000000000000000000000000000000000000000000000000000000000000000000000000000000000000000000000000000000000182e9375470a56fa5d3934e7f1aae3b1708af3cbf046eea4e14a9caa549284229ca5293c249736c87eb7a8cb56d5ee6f6595e96798a7d515c22bc9203dbe8f74bf5fd795cd48e68d9af48f2b839be115f9bfe12ae67761b4b5a6eced194a38ad75f1a6fb9fd95e58f16cd101e7ed055f43a06a3537b75ab6a986bb775e3ea4674bb7579aa5a5b49e235ab429b7d89c922a7b7b5e34764eea2de2555c211ef7bc9fe4993ed8aa31afb576109728ce53f18c5b5f5480b20000000000000000000000000000000000000000000000000000000000000000000000000000000000000000000000000000000000000000192e9134977da2abca51cd6b37bcf1d707f6bcb83f9266b4f8a94e1569ca9d48a94269c6516b29a7cd0118d97d59e8dae5bdd4a4d516fd1d6fdc7cfcb83f02d29a6b2b8a223b41a54f46d62bd9cb2e1179a727f7a0f93fd1f7a652360757f696871b7a92cd7b3c53977c7eebf2e1e0069c000000000000000000000004536a2da569b4ba8d2924b35e5349764bde5f468a6ec4dcbbad95b194a6a52845d37ddbb2692f2c18ce92acd50d7e9dcc60d46e28a6e5db28bc3fa6e9ecf45f74a5a75eda75d3aaaa7cd4963fcbf5037000000000000000000000000000000000000000000000000000000000000000000000000000000000000000000000000000000000000000032bd216a9ea1a0bb6a72c56bc7e8d61f1dc5f6bf45fc44fb6674b7ac6b96d6ae2dd2dedfabcf841717f2cf2f9b47736e354f696d156509668db7c18787da7e79f048d5746ba57abe9b5752a915e92e5ee5378e508be3e6f3fdd406d400062ba4fb88c748b3b6e3bd52befaf9462d3fe64783d1ad28d4da3a9392cba56f2947b9e62bf26ceef4a571195e69f6e97bd4e9ce6df749a4bf959c9d16538ba9a95571f7e2a9c53ee7bd9fc9014200000000000000000000000000000000000000000000000000000000000000000000000000000715cdc52b4b7a9715e6a9d2a7172949f523057bd24cd5c4958d8c1d14f84aac9e64be4b97d40a1033db31b596dafef5174dd0bb82de74dbca92ed4cd080000000000000075afafed74eb695c5ed7851a51fbd2eb7d8975bf91e45a6da6857770a8c6edd3949e22ea41c62fc7abc40d003f0fd000000000000031fd2268debba5c750a30cd7b4fb585c5d37cfcb9fcb261f65b587a26b54ae24dfa09fc3acbf65f5f8707e059a708d484a1522a50926a516b29aec22bb47a44f45d66b5a3cba79dfa527f7a0f97f4f9a605ae32528a945a69aca6bacfd31dd1e6bbebda7bd36bcb35ed63ee37f7a9f57972f960d8800000000000000000000189e93ed554d2aceeb8e68d670c774967fcabcccdf47f7eacb6969d39b4a1750745b6f93e6beab1e250b6b6d3d77666fe92fb4a97a45c33c63ef63c718f123542b54b7af4ebd2938d4a72538c97534f29817d070595cc6f6c6deea9a6a15e9c6a24f9a4d64e70000000000000000000000000000000000000000000000000000000000000000000000000000000000000000000000000000000000795b4baa2d2343b9ba524aaeeee52fdf7c17973f03d526bd25ea9e9b50a3a65397b96eb7ea2ed9c970f25fccc0c969f675751d4285a51e352bcd453e78cf36fb9732e3696d4eced28db5158a7460a11cf625827bd19e97e96f6bea7523ee515e8e9b6bef3e6d7c97f31480000025fd277f686dfff006b1fe799ee74614631d1aeebafb53b8dc7f2514d7f33333d215473daaad1fc14e11fa67f535bd1ad370d9b9c9fdfb894979457e806b400000000000000000000000000000000000000000000000000000000000000000000000000063fa4bb8952d029518c9af4d5d2963938a4de3cf1e44bca1f4a7bfeafa7633b9bd533d99c471fa93c03d9d907556d4e9fe85665e970ff00770f7be992ce4c7a33b2f4dad57bb9414a36f4b09bfbb293c2fa2914e0000000000000255d22ea156e7686568db54ad611518e78664949bfaa5e0650d5f48d633b7da3772d374eea9c64a58e198a516be89f899402b1d1fea73d4367d52ad3deab6b3f4596f8b8e3316feabc0d413be8b6e211b8d46d9bf893842a457745b4ff00991440000000000000066f6db41f6ce95e928473776d9953c739aeb8f8f577aef3480085697a856d2f51a37b6efe2529670f94975a7f35c0b669d7d4352b1a3796d2dea5563bcb3cd76a7de9f026dd20683eced455fdbc316d7526e4972854e6d78f3f3393a3cd7bd4efbd97712f81732f86dfdda9d9e3cbe78ef029c00000000000000000003f0856a969ea3aa5dda26daa35a504dae693c265d8916dfd1f45b577324b0aa4613ff0a5fa01b7e8f6ebd6765a9438e6dea4e936df3e3bdf9492f034c4fba2ebd59beb194b8fbb5a11fa49ff002941000000000000000000000000000000000000000000000000000000000000000000000000000000000000000000000000000000000382faee958d956bbaef14e8c1ce58e6f0b92ef21b797356faf6b5cd5e356b4dce58ed6fa8a17497aafa1b0a3a65397bf70fd2545fb09f05e2ff0094cc6c2e99ed2da2a329acd1b5f8d3f9afb2bcf1e09814ad9bd31691a1db5a3495451deabdf37c5fcf1cbe491ea000000047f6f1ff00f57df777a3ff00a7137db03051d92b36b9cdd46ffbf25fa13adb0aaeb6d56a127d55377c925fa147d84fec858ffccffa9203400000000000000000000000000000000000000000756ff50b4d36dfd3dedc428d3ce3327cdf625d67688f6da6b0f56d7aaee54deb6b77e8a924f870e6d7cdf5f6600a7699b41a56ad51d3b1bc855a896771a7178f934b27a64234ead5edf51b6ab6d9f4d1a9170c75bcf22ee0000000000000000000000000000066ba41b7a75b652e2a4d3dea1384e1c7af7947f2932485836eff00b217dff2ff00ea448f8159e8f6d295becc52af05f12e6729cdbe7c24e297cb0beacd39e26c651950d94d3e13586e0e7e129392fa33db00000000000003c9da4d1e96b7a455b79c335a3172a12ce1c678e1c7b1f26454fe80249b77a34b4bd7275e11ff0067bb6eac1f64bef2f379f934079fb31a97b2b5fb4b972dda7bfb9572f86e4b836fe5cfc0b59fcfe5a765b51f69ecf5a5c4a5bd514372a71cbde8f06dfcf19f103d70000000000000001d2d5f4da3ab69b5acabfd9a91c29638c65d4d7c9914bdb4afa75f55b5b88b856a32dd7fd57775a2f063f6f366dea56bed0b3a79bba11f7e31e7521fd57fdf501dfd8eda05ae69695692f5ca0946aafc5d92f1fcf3dc68486e8daadc68da952bcb77c63c251cf09c7ae2cb3e99a8dbeab634af2d27bd4ea2e4f9c5f5a7de80ed800000000000000012ce92e507b494d479ab68a97cf7a5fa60a991fdbba8aa6d6deeec94947723c1e794167eb9039fa3ba9386d4d38c3ecd4a538cfe58cfe69159263d195073d72e2b386634eddadeec6e4b1f44ca700000000000000000000000000000000000000000000000000000000000000000000000000000000000000000000000000000000cfedbea7ecdd9dafbaf156e7e0c3c79bf2cf8e009a6d36a8f57d76e6e94b34b7b72973fb0b82f9679fcdb285d1f697ea1a0ab9a91c56bc7e91e561a82e115f9bfe226da269d2d5b57b6b28e57a59fbcd75457193f24cb853a70a54e34e9c546104a318a5c125c901f40000000225b4cdbda4d4b3fff00627f994dd85fec8d87ca7fcf226db590dcda7d457ffecdf9f1293b09fd90b1ff0099ff005240680000000000000000000000000000000000000000785b63ab7b2340ad5212c57adf0a9639a6f9bf0597f3c11c357d226a6af75ef55a72cd2b38ee70795bef8cbf45e0793b37a2d4d7756a76b1cc692f7ab4d7dd82e7e2f920345d1eecf3b9b95abdd43e0d17f0135f6e7f8be4bf3f914938ade852b5b7a742841429538a8c62ba9239400000000000000000000000000000e8eb769ebfa2de5aa8a94aad192827f8b1eefd70434fe803f9fdf0605db4cb7769a65a5b4bed51a30a6fc2291da3af6357d62c2deb673e9294679edca4cec000000000000003c9da7d2a3ac687716dbbbd5547d251eddf4b879f2f13d6007f3f9bde8bf506aade69d26f0d2af05d49ac465f9c7c8ce6d769beccda2baa4a38a5525e969f0c2dd971e1dc9e5781f1b2779ea3b4b615b86ebaaa9cb2f0b12f773e19cf801690000000000000000000131dbdd9af50b87a9d9d3ff65ad2f8b18ae14e6fafe4ff003f9a3cad96da4afb3f76f2a556d2a3f8b4b3fe28f7fe7e4d57eb52a75e8ce8d684674e69c65192ca6bb0976d5ec757d2253bbb252ad639cb5ce54be7dabbfcfbc29b637b6fa85a53bab4a8aa51a8b3192fcbb99d822bb3fb4379a0dd7a4a12dfa327f12849fbb3fe8fbcace8dad596b769e9ecea6718dfa72e1283ec680f440000000003aba8ea16ba65a4ae6f6b469528f0cbe6df625d6c0e2d6f528691a45c5ecf0dd38fbb17f7a4f825e782235aad4b8ad52b55939d4a9272949f36dbcb67bbb55b4f5b682e1421174ace93cd3a6df16ff14bbff239b62b671eb37eae2e60fd4683ccf2b85497547faf77cc0d8747da44b4ed11dcd68eed6bc6a78ec82fb3f9b7e26a8fc3f40000000000000000000000000000000000000000000000000000000000000000000000000000000000000000000000000000012ae91354f5dd755ad3966959c77387e37c65fa2f0291ac6a10d2b49b9bd9e1aa306d27d72e4978b691128c6bdfdea8acd5b8b8a98e3ce5293fd5b037bd19695bb4ae354a91e33f834b3d9ce4fcf0bc19bd3a9a558d3d334cb7b2a58dda3051ca58cbeb7e2f2ced80000000011edb98a8ed75fa5db07e708941d84fec858ffccffa9227fb77fdafbeff0097ff004e2503613fb2163ff33fea480d00000000000000000000000000000000000001e0ed66d0d2d074f7bad4af2b26a8c3b1fe27dcbea7ad7d7946c2ceadddccb769528b949fe8bbc8aeb3aa57d6352ab7b70f8cde231cf0847a9203a9f12bd6fbd52ad497cdc9bfcd95fd8fd0bd87a428d58af5baed4eb3ec7d51cf77e6d9e46c3eca7a95386a7a853ff699acd1a6d7fbb5daff0069fd3e7cb6a000000000003e6738d38394e4a315cdb78480fa075edefeceea6e36f7742b497354ea2935e476000000000000000000106bea0edafae28496254aaca0d77a782f244768e0e1b47a9292c3f5aa8fce4d815ed01e767b4d7ffe2d2fe447a0789b1b5655b6534f949b6d5371e3d91934bf23db00000000000000000311d26698aad85bea308fbf425e8ea34beecb936fb9ff0031364da795c1a2ebaad8c352d32e6caa6376b5371cbea7d4fc1e1f810ca94e74aa4a9d48b8ce0dc649f34d0172d26f56a3a55ade2c7c6a51934b9278e2bc1e51dc325d1bde3afb3b2a1292cdb5694525cd45fbcbeae5e46b4000000000fc7949b4b2fb08fadb0d6e3a9fadbbb9fdbcba0dfc3c7e1ddffb6584916dd694f4dda0ab5229fa1bbcd683ef6fde5e7c7e4d0155b0bca5a858d1bba0f34eb414a3dabb9f7ae4760c1f465aacaa51b8d2aac9bf47f1a967aa2de24bcda7e2cde003f1a4d34d269f34cfd004ef6b361e709cefb45a4e507c6a5b45718bed82eb5dde5d8b15697773a7dd46bdad69d0ad07f6a2f0fe4ffa1793c5d6b65f4bd6b33b8a3e8ebbff008f4bdd978f53f10335a2748916a34759a2d3e5eb14970f9b8ff4f236b63a8d9ea34bd2595cd2af1c26f72596b3dab9af125fad6c3ea9a6b73b783bda1f8a947de5f38f3f2c99a69c658794d7d00bf9d7bdbeb4d3e8fa5bcb8a7421d4e724b3dcbb5f7221f0bfbca71dda7775e0bb2351a386739549394e4e527cdb796c0a36afd22dad152a7a5507713eaab5538c3cb9bfa183d5355bdd5ee7d3df5795597dd5ca315d8972477b4ad94d6355dd951b574a93ff008b5bdc8e3b575bf04cdb689b01616328d6d427ebb5971506b14d3e1d5f7bc78770199d93d8fadac4a3777aa546c572ea955ee5d8bbfcbbaa16b6d46cede16f6d4e34a8d3588c22b82395249249612ea3f4000000000000000000000000000000000000000000000000000000000000000000000000000000000000000000000000000000071d6ab4e851a95aac9429d38b94a4f924965b0305d26ea9976da5d3972f8d571e515f9bf23cee8e74bf5cd6a5795239a5691cafdf7c17d32fe6919dd5f509ea9aa5cded4ca75a6e49379dd5c92f058455f6374bf656cf5bc24b15ab2f4d53e72e4bc1617981ee8000000000008fede7f6befbfe5ffd389bed82967646cd763a8bfc72303b79fdafbeff0097ff004e26eba3d96f6cad15f86a4d7d73fa81a60000000000000000000000000000000000e9eada852d2b4daf7b5fecd28e52fc4fa978bc2030dd256b2e75e9e91465eed3c54af8eb93fb2bc171f15d8799b07a1ad5756f59af1cdb5a624d35c253fbabe99f0ef33d715ebdfded4af53352bd7a8e4f0b9c9bea458f667485a2e8b46d1a5e95fbf59aeb9be7e5c17801eb000000000000127dbbd72e2ff58ad6519b8dadb4b71413e1292e6df8958243b75a654d3f68abd5717e86e9bab4e5d4dbfb4be69fe680f02955a942ac6ad19ca9d483cc6517869fccafec76b72d6f46552b35eb345fa3abfb4f1c25e3f9a6474da7469a951b6d4ae2c6af095dc62e9cbab7a39e1e29bf2029800000000000000004776e211a7b5b7ea2b09b84bc5c22d962247d2043736aee25f8e1097f852fd00ddec1b4f642c70d3c7a44fbbe248d0993e8daa39ecd4a2ffe1dc4e2bca2ff0053580000000000000000008fedcd87a8ed3dceec710b8c578f1e7bdcff00c4a4580c3749da7fa4b2b5d4211e3464e9d46971dd9714dbec4d7f880e8745d73bb7f7d6b8ff00794a3533d9baf1fe7290477622ed59ed4d9b949c6155ba4f1d7bcb097f7b0588000000000199dbed316a1b3d52b4639ad68fd2c5a5c777ef2f9638ff000a34c7c55a70ad4a74ea454a138b8ca2fad3e6808aecd6a0b4bd7eceea4d2a719eed46f928be0df8279f02da412eade76b755adeaac54a339424bbd3c32b7b11a9bd4f6768ba8dbab6efd0cdbebc630fc9af1c81a0000000003af736369798f5ab5a15f1cbd2d352c799d8007975367345a9f6b4bb45fbb4947f239ad746d32ce719db69f6d4a71e538d25bcbc799de000000000000000000000000000000000000000000000000000000000000000000000000000000000000000000000000000000000000000c9748baabb2d163674e4d55bc96ebc754171979f05f26cd691cdb2d53dabb435ea425bd468fc1a4d630d479be1cf2f2fe4d01c5b29a57b5f5fb7b79477a8c1fa4abd9b8ba9fcde178968319d1b696adb4aa9a8548fc4ba9620fb211e1e1979f246cc0000000000000906de2ffeaebdeff47ff4e26cfa3696f6cd497e1b89afa45fea657a47a1e8b69dcf87c6a109fe71ff0029a6e8cbfb3b5fff00752fe4801b000000000000000000000000000000000263d226b9eb97eb4ca12cd0b579a8d7dea9fe8b87cdb36bb55ad4743d1aa578b5eb13f728c5fe27d7e1cfe9d647ada857bfbca74292752bd79a8acbe6dbeb7fa81ace8eb44f5cd425a9d78e68dabc53cafb553fd171f9b4538e968fa6d2d274ca165478aa51e32fc52eb7e2cee800000000000003a3ab69569ac594ad6f29ef45f18c970941f6a7da7780109d4ac2b699a857b2b858a9465baf1c9aea6bb9ac33829559d0ad0ab4a4e1529c94a325cd35c532a1b77b392d56d15f5a5372bcb78e1c63cea43b3e6b9af1ee25805bf40d521ace8f6f7b1c294e38a915f766b835e7cbb9a3d127bd17dfb552f74e936d34abc1752c6232fce3e4508000000000000012ee9356368a870e76b1fe79951269d28526b57b3abd52a1bbe526ff00503d8e8c2ac5e897545677a372e4fe4e314bf266ccc074592f73538f52749ff31bf000000000000000000799b496f0bad9dd4294e1bff02728afda4b31faa47a67e73586040e856a96f5e9d6a5271a94e4a7092ea69e532e5a55fd3d4f4cb7bda58ddad052c763eb5e0f2887dd509dadd56b7aab13a539424bbd3c3371d1aeb2a33aba45697dbcd5a19edfbd1f2e3e0c0a18000000000008dedadb46d76aafa104d46725538f5b94537f56cf7fa2db851bad42d5e733842a2eedd6d3fe64799d22d7855da89c211c3a34a1093ed78decf949791f1d1fddbb5da9a30ca51b884a949bf96f2fac5015b0000000000000000000000000000000000000000000000000000000000000000000000000000000000000000000000000000000000000000000000000001e36d5eabec8d02e2e212ddad25e8e971e3bcfafc165f8121d3acaa6a3a85bd9d1fb75a6a09e338ed7f24b89aae92b54f58d52969d4e5f0ed63bd3ef9cbfa2c79b39fa33d2bd25cdc6a952398d25e8a967f13fb4fc1617f10141b6a14ed6da95bd158a74a0a105d892c239400000000000000263d2741ad76da7d4ed92f294bfa9eb745d5b7b4dbda19e10aca7e6b1fe53abd29c129e9934bde6aaa6fe5bbfd59fbd164d296a706f8b549a5fdecfe680a080000000000000000000000000001f8f82cb3f4c7f483af7a8587b36de58b8ba8fbed7dda7c9f9f2f9640c6ed8eb8f5bd6252a52cdad0cc28f7aeb978fe491a3e8df42dd8cb59b88f17985ba7d9ca52fd3ccc96ce68f535bd5e95a472a9fdaab35f760b9f8f57cd968a1469dbd0a7468c1429d38a8c62b924b920390000000000000000000009feddecaf0ababe9f0ed95cd38af39afd7cfb4a01f928a945c64938b5869f26045366f545a3eb96d793cba517bb512fc2d61f973f02d50946708ce12528c96534f29a22fb4fa43d175aad6a93f432f8945beb83e5e5c5781b9e8ef5af5dd365a7569e6bda2f732f8ca9f5793e1f2c01b100000000079badeb967a15aaaf7929664f10a705994df71945d2653f4a93d2e6a9e7ed2aeb38f96efea06f49ff4a9ff00f17ff37fc86b745d76c35cb7756caa3de8fdba53589c3e6bf55c0c9f4a6be1e98fb1d55fca07cf456d675459e3f0bfce5049a745f571aade52fc5414bca497ea52c0000000000000000000008e6dada7a9ed4dec526a3524aaa6faf7965fd7278f697356ceea95cd096e55a52538bec68dbf4a1652573657f14dc6507464f1c134f2bcf32f230605cf48d4696ada650bda2d6ed58e5c73f665d6bc19dd25fd1eebbea3a87b36bcbfd9eee5ee7ecd4e4bcf97cf0540000000079bb43a83d2f42bcbc8fdba74fdc78ce24de23f568090ebf72ef35ebfafbee6a75e7bb27f853c47e891ded87a1e9f6aec934dc60e5378eac45b5f5c1e0940e8c74c92775aa544d45af434fbf9393fa2fa81400000000000000000000000000000000000000000000000000000000000000000000000000000000000000000000000000000000000000000000000003af7d774ec2c6bddd67f0e8c1cdf7e1723b0623a4bd57d0d8d1d329cbdfb87e92a2ec827c178bfe5027b735eb5fded5af53dead5ea39349736df5168d034d8e91a35b59a4b7a10cd46bae6f8cbebf4c136d81d2fda1b410ad38e68da2f4b278e1bdf7579f1f0656800000000000000000c3f4a3437b4db2b8ea85670fef2cff94f27a319b5aedcc3a9db37e528ff005343d24d2954d9a8ca2b2a95c4652ee5892fcda321d1fd6952dabb7845f0ab09c25f2dd72fce280ae0000000000000000000000000000e9eada950d274ead7b70fdca6b825ce4fa92f9914d46fabea77f5af2e5ef55ad2cbc725d897725c0d06dd6d07b5b51f55b79e6ced9b49a795527d72f9752f1ed3b1d1f680efafbda7711ff67b697c34fefd4e6bc173f9e3bc0d76c6685ec5d253ad1c5ddc62757f67b23e1f9b66840000000000000000000000000032db7fa3fb4b447734a39af679a8bbe1f79792cf877938d07539e8fabdbdec72e30962715f7a0f835e5f5c16fe6b0c8bed4e93ec6d72bdb4535464fd251fdc7c978715e0059a9d4855a71a94e4a709a528c93ca69f267d993e8f356f5ed11da54966b59bdce3cdc1fd9fd5782358000004bfa4d73ffc4142327ee2b68b8aecf7a5931e6a3a45b875b6a274de3e0528417f37f98e1d95d98ffc454af25eb2e83a0a2a1ee6f29379e7c7bbea07856b755ecee21716b56746ac1e63383c346875fda0f6fecfda3b8dd8dedb56dd9a5c37d38fda4bc38ffa9e46afa3dee8d74e85ed270797bb35c6335db17d7f9f69d00361d18ff686e3ff00692fe7815025fd18ff00686e3ff692fe781500000000000000000000003c4db0d3d6a3b37774f09ce947d35378ce1c78f0f9acaf123b4230957a71ab271a6e494a4965a5d6cbe349a69a4d3e69905baa12b6baad426b13a537092ef4f007ddfd9d7d36fab5a5c2ddab465baf1f46bb9f32a7b15b44b5ad3bd0dc4d7aedba4a6b3c671ea9ff005eff009a33fb59a77b5f66ec35fa0b7ebc68455ceeae6b1c5ff0cb2be4fb8c5d95e5c585d42e6d2aca95683cc651ff00be2bb80bc8317a47487635e9c21aa4276d5b1ef548c5ca9bf2e2be587f33dbabb57a151a6a72d4e8b4faa1993f24b207b24cfa41da18dedc2d2ad5e68dbcf3567f8a6b861772e3e3f2397687a409dcd19db6914e746325895c4f84f1fb2972f9f3f918603b3a6d8d6d4f50a1676eb352b4b756792ed6fb92e25bb4eb2a3a6d850b3b758a7462a2bb5f6b7dedf1317d1a68f2a70adab568e3d22f45473d6b3ef3f34978337a00000000000000000000000000000000000000000000000000000000000000000000000000000000000000000000000000000000000000000000000007e3692cbe088a6d26a8f58d72e6ed36e9b96ed24faa0b82f9679fcdb295b73aa7b3767ab4612c56baf830f93fb4fcb3e2d130d0b4e7ab6b36b64b3bb567efb4f188ae327e49814bd81d2fd9fb3f0ad38e2b5dbf4b2fddfbabcb8ff11a63e6118c2118422a318ac24961247d000000000000000001e1eda519d7d93bf853596a119f8464a4fe89930d97af3b7da5d3a74de1bb88c3c24f75fd1b2c5a8db3bcd36ead5349d7a33a69beaca6bf52154e72a5523520f1283524fb1a02fc0f984e3529c6706a51924d35d68fa00000000000000000000006536f35ff0065e9bea76f3c5ddd26b2b9c21c9bf1e4bc7b0d1df5e51d3ecaadddccb769528ef49fe9f3229ac6a75b57d4eb5ed7e0ea3f7639cee47a978203f746d2ebeb1a952b2b75c66fde9632a11eb932d36165434eb1a3676d1dda54a3bb15d6fbdf7b7c4f0761f67fd8fa67ac5c431797294a795c611ea8feafbfe469c00000000000000000000000000000190e91b4af5bd1e37d4e39ab68f32c75c1f3f2787e66bce3ad469dc50a946ac54e9d48b84e2fad3586808fec76abec9da0a1527251a157e155cbe0a2fafc1e1f8164215aad854d3353b9b2a99dea33714dac6f2ea7e2b0fc4ad6c86a8f56d9eb7ad396f56a7f0aabe3c651eb7ded61f881ed80008fede7f6befbfe5ffd389ade8c2115a1dd54fbd2b969fc9463fd5997e9069fa3dabaf2ff00d4a7097f871fa1a5e8be4de95791ea55d3ff000afe806bafacadb50b59db5e518d5a53e7192faaec7de4936a366abe8177c37aad9d47f0aae3fc32effcfcd2b198fe93bfb3d6ff00fbb8ff0024c09f687ab57d1753a579432f7784e19c29c7ae2ffef9e0b4d8de51bfb3a5776d353a5563bd17fa7cc8428b69b49b4965e3a8d2ec7ed4cf44b8f57b96e561565ef2e6e9bfc4bf5405681f14aa42b52855a538ce9cd294651794d3e4d1f6000000000000000000886d0ac6d16a7ffbaabfcccb7914da85bbb4ba8aff00f224fea051b60e50b8d90b7a53829462ea539464b2a49c9be5f2663f6b363ebe9356775630956b0796d2e32a3dcfbbbfcfbf57d1c7f6617fff0079fe86a80fe7f057f54d8bd1752a8ea3a12b6a8de5cadda8e7c30d7d0f3bff002df4adfcfadde6ef66f473e7ba04c4d76ca6c65c6a55a175a9529d1b2589284bdd956ee5d6977f976adce91b2fa4e8fbb3b7b653acbfe355f7a7e1d4bc123d903e69d3852a71a74e318420946318ac2497248fa000000000000000000000000000000000000000000000000000000000000000000000000000000000000000000000000000000000000000000000000074b59d423a5693737b3c3f4306e29f272e515e2da404d7a42d53d7f5e76d4e59a366bd1ac3e1bef8c9fe4bf84f67a31d2f769dcea9523c65f0697cb9c9fe4bc19824ab5e5d616f56af5e7f394e4dfe6db2dda469f0d2f4ab6b2a786a8c126d7de9736fc5b6c0ee8000000000000000000010cd6add5a6b57d6f04e30a75e718a7d9bcf1f42e648f6feddd0daab893588d6842a47bfdd49fd53028fb2f711bad9ad3aa47aa8460fe715bafea8f54cb747572ebecbc29b5fee2b4e9afe6ff31a900000000000000000001e16d7ebab43d2253a725eb55b30a0bb1f5cbe4bf3c0191e9135ff005aba5a55b4fe0d0966b34fed4fb3c3f3f91d4d82d07da9a9fae57866d6d5a786b84e7d4bc39bf0ed33b676b71a8df53b6a09d4af5e7859e396f9b7f9b65ab46d328e91a651b2a09629af7a58e33975b60778000000000000000000000000000000000004eba4ed3372e2db53a71c2a8bd0d46925ef2e317dedacff00751d6e8d751f57d5eb58cdfbb750cc7f7e397f96f792373b4ba67b5b42bab48c7355c77a972fb6b8ae7cb3cbc48dd8dd54b1bea1754bedd1a8a6976e1f202f20e2b6af4eeada95c517bd4eac14e0fb5359472812ee93525b4541a5ced639fefccf67a2e9674ebe8f6558bfa7fa1d1e94add46f34fb9eba94e74dff000b4ffccce5e8b2a2cea54dbe2fd1c92fef67f4028263ba4e92f605bc72b2eea2d2fe091b1305d29cdaa1a6d3ea94aa4bc947fa81e3f4776d46f358bcb7b9a6aa51a96728ca2fad6fc0e8ed4ece56d02f709caa59d56fd0d57fcafbd7d7e8bd9e8be8b96ab795faa14141ff001493ff0029bed574db6d5ac2a59ddc77a9cd735ce2fa9aef404f361b6a1e9d5e3a6ded4ff63a8fe1ca4ffdd49ff95fd1f1ed29e43b5bd26e345d4aa59dc7171e309a5c271ea68df6c16d2bbfa1eccbda99b9a31f85293e3520babbdafcbe4c0d98000000000000000112da696f6d26a4ff00fc89af2782da42353b9579aa5ddd456235ab4ea25d89c9b0293d1a49bd9caabb2e64bfc3135c66ba3fb656fb2b427c54abce751e7e785f48a34a0000000000000000000000000000000000000000000000000000000000000000000000000000000000000000000000000000000000000000000000000000000000c0749daa6236da5d37c5fc6abf5515f9bf237b5271a74e552a4946114dca4f924bac87eb7a8cb55d5ee6f659c559b714faa2b845792407bbd1de95ebdae3bba91cd2b38eff001eb9be11fd5f822aa781b15a5fb2f67a829c715abfc6a9e3c9782c78e4f7c000000000000000000000137e946db7750b1bacff00bca52a78fdd79ff3948319d275ba9e8b6d71badce957ddcf6465179faa4074ba2db8e1a85b4a7f82a463e69bfe52804a3a3ab9f41b4f1a58cfac519d3f963deff2957000000000000000003e2ad4851a53ab564a14e1172949be092e6c8c6d2eb53d7357a972f2a8c7dca307c3760b978be6fe66c3a47d77d0d08e916f3f7eaa53aed3e51ea8f8f3f925da64f6534496b9ac428c93f56a7efd797ecf67cdf2f37d406bfa3ad07d5ad5ead730f8b59628292e3187e2f1fcbe66dcf984234e118422a318ac28a5849761f4000000000000000000000000000000000000008f6dae99eccda3aea31c52b8f8d4ff008b9af079f0c161323d23e99eb7a242f20b352d2597fb92c27f5c3f0607e7471a9fade8b3b29cb352d2585fb92e2beb9fa1af237b1daafb276828549c92a35be0d56f82517d7e0f0fc0b20185e9468b9595857c3c42a4a0dfef24ff00ca78bd1bdcc68ed24a949bf8f42508aef4d4bf24cd4f48f6f3adb33e923ca85785497cb8c7f392301b29732b5da7d3aa4526dd654f8f64bdd7f9816a26dd28dc396a5636dd54e8ba9fde78ff002949241b7777eb5b557494f7a14546947bb0b8afef3901a1e8b20d52d4aa6384a54e2bc37bfa9be329d1c5b4a86ccfa496315ebcea47e4b11fce2cd5819fdb1d056b9a53f451ff006ba199d17dbdb1f1fcf0496d6e6bd85e53b8a1274ebd19ef45f635ff007c8bd13be90b673d1ce5ac59c12849ff00b4c22b93fc7e3d7dfc7ad81b3d0b56a3ad6994af287072e15219cb849735ff007d583d1231b31afd5d03525596f4edaa6235a9a7f6976aef5d5e5d6586d2ea85edad3b9b5ab1ab46a2cc671e4c0e6000000000001e0ed9ead1d2b67ebb8c92af709d1a4baf2d717e0b3e3823a6876d75b5aceb52f433deb5b7f874b0f83fc52f17f448fcd89d1deadaed394e39b7b66aad56d7078fb31f17d5d898156d2ed9d9697696b2c6f51a3083c76a4933b40000000000000000000000000000000000000000000000000000000000000000000000000000000000000000000000000000000000000000000000000000000000196e90754f50d01dbc258ad78fd1aedddfbcff0025fc44ff006574af6bebd6f6f28ef518bf4957b371735e3c1789dadb8d57da7b43554259a36df061df8fb4fcf3e091abe8d74bf57d2eaea3523f12ea5bb07d908bc7d5e7c901b40000000000000000000000003c6db0b6777b2da8538b49c697a4cbfd86a5fa1ec9f1569c2b529d2a915284e2e328beb4f9a0223a0ddfa8eb96372e6e11a75a3bf25d51ce25f4c971207734276b7356deaac54a537092ec69e1970d22e9df6936775269cab5184e58e596b8fd720770000000000000e9eaba851d2b4daf7b5fec528e71f89f52f17c0ee131e9135cf5cbf8e994259a36af351afbd53fd170f9b60656f2eabea37d56e6b373ad5e7bcf1dafa97e457364b438e87a3c294e2bd66afbf5e5dff87e4b979beb319d1e685ebb7ef53af1cd0b597c34fef54ff4e7f3c14f00000000000000000000000000000000000000000071dc51a7736f568568ef53ab0709aed4d619c80084ea763534dd46e2ceb7dba3371ce3195d4fe4d61f895cd91d51eafb3f6f5e72dead4d7a2aade5bde8f5bef6b0fc4c9f49ba5fa3b9b7d529c528d55e8aae17de5c62fbf2b2bf851d7e8d753f56d5ead84dfb9751cc7ba71e3f967c901bada5b58de6ceea14649bcd094925f8a2b797d5222b09ca9ce3383c4a2f29aea65cf555296937918e779d09a58eddd64280bcdadd52bab2a5774e5f0aad355137c309acf121b7f72ef2fee2ea4b0eb559546bb32db353a1ed12b7d8ad52c2aca3e969c3768272c371a8f0f1f26dbf1ee337a3daabdd62ced649b8d5ad08cb1f873c7e9902cba1d9fa868b656ae0a12a7462a697e2c7bdf5c9df0001f1569c2b529d2ab153a738b8ca32594d3e699f6008f6d66cd56d06f5ce09cec6acbe154fc3fb2fbff35e38f8d99da5bad02e3ddcd5b49bcd4a2dfd5763fcff002aede5a50bfb5a96d754a3568d458945ff00df3251b4fb2577a1d59d6a4a55ec33eed54b8c3ba5d9f3e4fe805474ad56cf57b45716559548fde8f2941f635d477484e9da8dde9774ae6cab4a9545c1b5ca4bb1aeb452f67f6e6c351a6a9ea138595d2e7bcf14e7de9be5f27f503560f98ca338a9424a5192ca69e5347eca4a317293492596df501fa6476fb68569d60f4fb69e2eee638935f729f5bf9be4bc7b8fbda0db8b0d3a94a969f5217975c96ebcd38f7b6b9fc97d097dd5cd7bdb9a9737352556b547bd29cb9b607115ed86d2bd99b3f4a5521bb5ee7e34f3cd27f657963876b662361f6796b3a8bb8b98e6ced9a724d70a92ea8fcbadff00a9590000000000000000000000000000000000000000000000000000000000000000000000000000000000000000000000000000000000000000000000000000000000791b51aaad1f42b8b98cb159af4747f7df2f2e2fc0f5c997493aabb8d52969d4e5f0ed63bd35db392fd163cd8193b1b4a97f7d42d28f1a95a6a0bbb2f9b2e7696d4eced28db5158a7460a115dc9609e7469a57a6beafa9d48fb9417a3a4ff6dae2fc170fe2292000000000000000000000000000004776ded15a6d4de28c5c6155aab1cf5ef2cb7fdec9bbe8f2e7d6365a953c71b7a93a6df6f1deff0031e074a36aa3796176b39a94e54df76ebcafe6672745d7494efece52e2d46ac63f2ca93fac40a1000000000000f1b6ab5a8e87a354b88b5eb13f728a7f89f5f873ff00f6482d2dae352bfa76f453a95ebcf09be396f9b7f9b67afb67adfb6b5997a2966d6df34e8e393ed978bfa24693a36d114294f58af1f7a79a7433d4bef4bf4f07da06c74ad3e8e95a6d0b2a1f6294719fc4fadf8bcb3b8000000000000000000000000000079dac6b9a7e8b4554beaea2e5f629c56673f92fd7918cd43a49ace78d3ac69c629fdab86e4daf926b1e6c0a202594ba44d660defd3b4a89f54a9b58f267b563d24dad4928dfd8d4a3c17bf4a4a6b3f278c2f303720eb585fdaea56cae2cabc2b527c37a3d4fb1ae69f733b200000000079bb43a6ad5b44bab3c66738669f5626b8c7eabc88c5a5cd4b1bda3734f855a1514d27da9e7897923fb73a77b3b692beeac53b8f8f0f1e7fe24fe8056ad6e29dddad1b9a2dba75a0a71cf6359443751b49586a17369379950a928671cf0f19291d1b6a5eb3a2d4b29bf7ed27c3f72596bebbdf4329d20d0951daaaf392c2ad084e3deb7547f38b03346afa38b3f58da3f4ef295b5294d35cb2fddc7937e4650a4745f6aa1a6dedd678d5aaa9e3f7567fcff0040370000000007e4a2a5171924e2d61a7c99fa00c16d56c2c6719de68b4f766b8ced972977c3b1f7797639f4e13a75250a9194271789464b0d3ec68bf1e4eb1b39a66b4b3796ebd2e30ab53f766bc7afc72047ed353bfb18b8da5e5c508b7971a751c537f24725e6b1a95fd3f47777d5eb53fc129b71f236771d1a2de93b6d4da8e7dd8d4a396977b4ff0043869f46970e78a9a9528c7b6349b7e5940610f5f67f67af75eb950b78ee508bc54af25eec3fabeefcb99bed3fa3fd1ed776573e96ee6971df96ec73da92fd5b34f428d2b7a31a5429c29538ac46108a497c9203ada4e996da469f4eced6388439c9f39cbae4fbcee8000000000000000000000000000000000000000000000000000000000000000000000000000000000000000000000000000000000000000000000000000000000075b51bda7a769f5ef2b7d8a30736b38cf62f17c086dc57ab797756bd57bd5ab4dce585ce4de79141e93354f456b6fa5d3962559fa5aa97e15f6578bcbfe133fb03a57b4368215e71cd1b3f8b27fb5f7579f1fe1028fb3ba5ad1f44b6b3c2f4918ef556b1c66f8be3d7d9f248f4c000000000000000000000000000000327d245abafb36ab452ff0067ad19c9f73cc7f39231fb0174edb6a6de3bca31af1952967e594bce28a4ed2daabcd9dd428b8b93742528a5cdca2b797d52235a75d7a96a36b75bbbde82ac6a63b70d3c017800000000331b7bad3d2f4676f4658b8bbcd38e39c63f79fd71e3dc696528c22e53928c62b2db7849117da6d5e5adeb55ae937e897b9453ea82e5e7c5f881d7d134ca9ac6ab42ca9657a497bd2c7d98ae6fc8b6dbd0a76b6f4ede847729528a8423d8970464fa3ad17d4b4d96a55e38ad74b10cae31a7feaf8fc9236200000000000000000000000000f0f69b696db40b6f7b156eea2f85473fe27d8bf3fcbb1b43ad51d0b4b9dd54c4aa3f76953fc72eaf0eb646af6eebdfddd4babaa8ea56a8f3293ffbe5dc07edfdf5c6a37752eaeea3a956a3cb6fabb97623bda46cd6abaca53b4b66a8b78f4d51eec3cfafc327b7b27b155751f477ba94654acdfbd0a7ca555757ca3dfcdf57694ca74e14a9c69d28461082518c62b0925d49012cb9e8fb5ba30dea7ead70ff000d3a987fe24919dbdb0bbd3eafa3bcb6ab426f92a916b3f2ed2f075ef6cadb50b695bde51856a52e7192faaec7de808be8dacde68977eb1675319e1384b8c66bb1a2adb3bb4b65afd17e85fa2b982cd4a127c577aed5dff9184daad8cafa46fddd8ef57b2e725ce54be7dabbfcfb5e6aceeebd8dd53bab5a92a55a93cc64babfd3b80bd03cad9dd6a8ebba5c2ea9e23557bb5a9fe0975f875a3d5000000637a4bd3fd6347a37d05995ad4c49e7ee4b87e7bbe6cd91d6d4ace1a869d7167530a35a9b865ace1b5c1f8730253b0ba87a86d3505278a7729d0970cf3fb3fe248deed7ecd2d7ed613a328d3bca39dc94b9497e17fa7fa925946ada5cb8bdea55a8cf0fa9c649fe69971d2ef63a8e996d790c255a9a9b49e775e38af079404aa96c4ebf52e1529597a359e339548eeaefca7f914fd074aa7a2e9346ca12df70599cff00149f367a200000000000000000000000000000000000000000000000000000000000000000000000000000000000000000000000000000000000000000000000000000000000000000000000000000000001f329461172934a2965b7d48fa32fb7faafb3f4195bd3962b5e374d7ee7de7e585fc404e3683537abeb57379c77272c534faa2b82fa14cd86d2bd99b3f4a738e2bdd7c69f727f65797d5b26fb31a5fb5f5db6b5945ba5bdbf57f71717e7cbc4b501fa0000000000000000000000000000000042353b4f51d4eead32dfa1ab2826d63293c265dc94f48d67eafb48ebacb8dcd28cf9704d7bad7d13f10283b2f77ebbb37615f8b7e85424df36e3eeb7e699ea98be8caf3d2e917368db72a1577967aa325cbcd3f33680003e2ad5851a33ab564a14e1172949f249716c0ca7487ad7a8e94ac28cb15eef2a587c634fafcf97cb260766f4896b7acd1b4e2a97dbab25f760b9ff004f9b3e35fd56a6b3abd7bc9e5464f769c5fdd82e4bf5f9b651b60b45f6668eaeab471737694de79c61f757ebe3dc069e108d3a71a74e2a308a4a314b0925d47d000000000000000000000000f8ab561428cead592853a7172949f249716cfb31bd246adeaba5d3d3a94b152e9e678ea82feaf1e4c0c46d2eb95b5ed4e55e4e51a10cc68537f763fd5f5ffa23d8d83d9a8ea770f50bda7bd6946588425caa4fbfb52faf9998b0b3aba85f50b4a0b352b4d45762ef7dcb996fd3aca8e9b6146cedd629518a8aed7dadf7b7c7c40ec80000000fc6934d3594f9a64bf6df657d9751ea1610ff00639bf7e0bfe149ff0095fd397615138ebd1a77146746b414e9d48b8ca2f934f9a0233b39ae57d07528dc536e546588d6a7d538ff0055d5ff00ecb1d9dd50beb4a5736d5154a3563bd192eb241b55a0d4d07537496f4adaae65426fad763ef5fd1f59ed7477af3b4bd7a55c4fe05c3cd26feed4ecf1fcf1dac0a600000000926dfe9dea3b4752ac1629dd4556585f7b94beab3e269fa34d47d3e955ac272f7eda7bd05fb12e3f9e7cd1cdd23e9deb5a146ee2bdfb49e5feecb09fd775f83313b1da9fb2f68adaa49e29567e86a71c2c4bafc1e1f8016400000000000000000000000000000000000000000000000000000000000000000000000000000000000000000000000000000000000000000000000000000000000000000000000000000000000023fb6faafb53686b284b342dbe0d3ec78fb4fc5e78f6245276a755f63e8371731962b35e8e971e3bef93f0e2fc08ed8da55bfbea169457c4ad3508e792cbe6fb80a1f469a52a1a7d6d4ea47dfb87b94df6413e3e6ff951b6382ced695959d1b5a2b14e8c14239e784b1c4e7000000000000000000000000000000000062ba4eb3f4ba4dadda4dba155c5e1728c973f38af336a797b4b65ed0d9ebeb649ca52a4e5151e6e51f792f34809f74717beafb45eaedbddbaa52825d5bcbde4fc93f32aa4234dbb761a95b5dc536e8558cf09e33879c789768c94a2a5169c5aca6b9303f4c4f48fad7ab59434aa12f8b71ef55c75413e0bc5fe5de6bef6ee8d859d6bbb896ed2a317293fd177911d52feaea9a8d7bdaff6eb4b38fc2ba9782c203d2d8fd17db5ad4215239b6a3f12b67934b947c5fd32588f0763745f6368b08d5862e6bfc4adc38a7d51f05f5c9ef8000000000000000000000000022fb57aa7b5b5fb9b88cb7a8c1fa3a5c72b763c32be6f2fc4adeb377ea1a3de5d2928ca95194a2dfe2c70fae088da5bceeeee8db53fb75a71a71f9b7840503a38d0bd15196b1711f7ea270a09f547ae5e3cbe59ed37671dbd1a76d6f4a8528eed3a505082ec49611c80000000000000799b41a3d2d734aa96953119fdaa53fc135c9fcba9f732315a957b0bc9d2a8a54ae284f0f0f8c649f6a2f44ffa48d0d7b9ac508f653b84978465fa7901aad99d623ade8d46eb2bd32f72b45754d73f3e7e27ac48f6175a7a56b51a35258b6bb6a9cf3f765f765e6f1f26cae000001c573429dd5ad5b7aa9ba7560e1349e329ac3215776d3b3bcad6d571e928d4953963b53c17a23bb71b9ff8b6ff00d1eee330ceef6ee473f5c8152d06fbda5a259ddef6f4aa525bef18f797097d533d0319d19dfaada457b2949b9dbd4de8a7c9425d9e2a5e66cc000000000000000000000000000000000000000000000000000000000000000000000000000000000000000000000000000000000000000000000000000000000000000000000000000000075efeee95858d7bbacf14e8c1cdf7e3abe6c09d7495aa7ac6a74b4ea72f72da3bd35db397f458f3672f469a4fa5bcafaa548fbb417a3a5fbcd717e0b87f118eb9af5afefaa57a999d6af51c9a4b9b6f92459f67f4c8e91a35b59a4b7e11cd46bae6f8bfafd3007a400000000000000000000000000000000000000021daed8fb375abcb451718d2aad413797baf8c7e8d154d8cbe57fb31672cc77e8c7d0cd2ea71e0bc7187e2643a4cb0f43ab5bdf45251b9a7bb2c73728f5bf0715e071ec46d0d3d1f4fd5215db7184157a50ea72e116bc5b879303bbd24eb6e5521a3d097bb1c54af87cdfdd8febe2bb0f2360f45f6a6b4ae2ac736f698a92cfde97dd5e6b3e1de67eb55af7f793ab51caad7af36de171949bea48b26cce911d1345a36b85e95fbf59aeb9be7e5c17801eb0000000000000000000000000000ceedf5450d92bb4de1cdc22bfbe9fe4993cd8ca10b8dabd3e153929b9f8c62e4bea91bae9225bbb3297e2af05f46ff00431bb01073dadb5925c211a927fdc6bf502ba0000000000000000705e5ad2beb3ad6b711dea55a0e125dcff539c0107d42ceae9f7f5ecebac54a33707c319c75aee7ccb0ecb6a7ed6d02dae652deaaa3e8eaf1e3beb836fe7cfc4c77499a57a2bca1a9d38e23597a3aad7e25c9f8ae1fc27cf469aa7a1d42b69b525ee5c2dfa6bf6e2b8af15fca052800009a6d96ca6a53d66b5ed95095cd1b87bcd438ca12eb4d14b0063f60767aef4985c5d5f47d155ae94634b39692e3966c0000000000000000000000000000000000000000000000000000000000000000000000000000000000000000000000000000000000000000000000000000000000000000000000000000000061ba4cd57d15ad0d2e9cb12adf16aafd94fdd5e2f2ff0084dc36a29b93492e2dbea223afea4f57d66e6f5e772a4f14d3e1882e11fa2f303d5d81d2fda1b410ad38e68da2f4b278e1bdf7579f1f06568cd6c1697eced9ea75671c56bbf8d2e59ddfbabcb8f8b34a000000000000000000000000000000000000000006776ef4f77fb335e514dd4b66abc71d8bed7f85b7e0484b56d36a74b4ad0ae6e2aa8c9ca2e9c212e2a726b097cbadf7264540d8f477a27aeea32d4abc3342d5e2195f6aa75792e3f368a79e0ec4bb796cad93b68eeadd6a6b397bf97bcdf8fd307bc00000000000000000003c9d4769747d324e1757d4d544da74e1efc935d4d2ce3c40f58183bee92a8c5b8d8584e7c384eb4d478feeace7cd1e67fe646ad9ff00ed6cbfb93ffe4053c131ff00cc8d573ffda59e3f765ffc8f46c7a4aa4dc637fa7ce0b1c67467bdc7f75e3f303b7d274e2b41b6867de95ca6976a51967f3467fa338296d1d56f9c2da4d7cf7a2bf53976fb5cb0d62df4f7a7dc2aaa0e6e71dd7171788e329f88e8c219d6eea7d96cd79ca3fd00a680000000000000000000f2b69b4df6b683756aa3bd51c37e9639efae2bcf97891bb0bba9617d42ee97dba33534bb70f917922bb55a7ad3368af2de292a7bfbf0496128cb8a4be59c780166a15a9dcdbd3af4a5bd4eac54e0fb5359472199d80d43d7766e9d2949ba96b274a597c71ce3e1878f034c000000000000000000000000000000000000000000000000000000000000000000000000000000000000000000000000000000000000000000000000000000000000000000000000000000000003f1b4936da49736c0cf6dd6a4b4fd9caf18cb156ebe0c3e4fed7d33e68996cfe9af56d6ad6cf8ee4e79a8d70c417197d11dcdaed765ae6ad29c24fd568e614171e2bae5f37f963b0d0745b6b175b50bb947df8c614e32ee796d7d2205092514924925c125d47e800000000000000000000000000000000000000003c7da9d6168ba2d6b94d7a697c3a2bf6df5f8717e0060fa42d67da1abfa951966859e62f1f7aa7def2e5e7da66676b5a1694aea506a8d59ca10976b8e33fcc8fab2b4ada95fd2b5a39956af3514df6beb7f994cda9d0294762d5a5ac7ff00b08aab0e4b7b19de6fe69c9fcc0f2ba30d478de69b37cf15e9ac7c94b8ff0077ea50488681a8fb275bb4bd7f629cfdfe19f71f097d1b2dc9a6b2b8a03f4000000000000e0bbbbb7b1b69dcdd558d2a34d665293e47336a29b6d24b8b6fa8906d76d154d73519469cdab2a326a8c17297edbef7f45e2077369f6d6e75494adb4f94edacb8a6d3c4eafcdf52eef3eec99ded2348bcd66f15b5953de973949f08c176b655367f6534fd0e119a82b8bbebaf35c57eeafbbf9f7813ad3763f5bd454670b474694befd77b8be78e78f03d45d1beadd77564be529fff00129e00983e8df56eabab27f39cff00f89e56a3b23ade9ea52a9652ab4d3fb741efa7df85c52f9a2c800fe7fe46876335da1a16ab3a975093a15a1e8e528f170e39ce3ad7fdf71a0e93ed2842959dd428c235a73946734b0e4b0b19ede44f80be50af4ae6842b50a91a94a6b319c5e53472128d87da396937cad2e67fec5712c3727c294baa5f2edf3ea2ae0000000000000000009f74a163ef596a118be29d19cbfc515fcc504cb748b6cebecbcaa278f415a151f7f38ff980caf473a9fa9eb92b39bc53bc86eafdf8e5afa6f2f9b454c81db57a96b734ae293c54a53538bec69e5177b6af0b9b6a57149e69d5829c5f6a6b280e500000000000000000000000000000000000000000000000000000000000000000000000000000000000000000000000000000000000000000000000000000000000000000000000000000000335b7ba93b0d9bab0a6f152ea4a8ae2b827972fa26bc4d2929e9035986a7abc6d6834e8d9ef43797de9bc6f782c25e0c0ca956e8e6d656fb311a9269fac569d45dc9623fe57e64a926da4b9b2eda7da46c34fb7b483cc68538d34f18ce16320764000000000000000000000000000000000000000092ede6b5ed4d69d0a52cdbda669c71f7a5f79f9ac78779bedafd67d8da1d5a94e58b8adf0a8f6a6f9bf0597f3c124d3ac6b6a5a850b3a0b352b4d453eced6fb92cbf00371d1ae8d855757ad1e79a5432bfbd2fd3ccdeca319c5c6494a2d61a6b29a386c6d29585951b4b78eed2a30518f875bef3b0043f5ed35e93acdd5971dda73f71b79cc1f18fd1a29db0da9fb476728c64f356dbe04fe4becbf2c78a678bd26e97bf46db54a71e307e86afc9f18bf3caf1478fd1dea9ea5ae3b4a924a95e47778bc7beb8c7f55e280aa00000000007e018de9135c95958c34cb7962b5d47351ae71a7cb1e2f2be49f6935a146a5c57a7468c5cea54928c62badbe091e8ed26a5ed6d76eaee2f34e53dda7fb8b82f3c67c4d0f46ba4ab8d42b6a5561985b2dca795f7df37e0bf9901b6d9cd169685a553b6828bacfdead517df97f45c91ea8000000000063fa4da7bdb3f426a3971b98f1ec4e32ff004271a7da3bfbda76b1928ceae630cf5cb0f7578bc2f12b9b676ceeb656fe114b3182a9c7ab75a93fa2648f4db8f53d4ad6e719f435a1531f26981c1384a9ce509c5c6716d4a2d61a7d8543a3ed75ea3a6bb1b8966e2d12516f9ca9f57972f233dd23e911b3d4e9ea1461bb4eed3df4970551737e2bea99e5ec5dff00a86d35a49c9aa759fa19a5d6a5c17f8b75f8016300000000000000003c8daba0ae36635183eaa2e7fddf7bf43d733bb797aecb65ee145b53b86a8a6bbf8bfa260484b06c35e7ae6cb5a667bd3a39a32eec3e0bfbbba47cdf745d7af7ef6c24de1a55a0bb3aa5fe5f2028400000000000000000000000000000000000000000000000000000000000000000000000000000000000000000000000000000000000000000000000000000000000000000000000000000003cada7d425a5ecfde5d5378a9186ec1a7c54a4f09f8673e0450a4f4a172a1a5d9dae1e6ad675339ea8ac63fc4bc89b01fb1ca926b9e4bf90dd12dd5deb7636f28b942a57846497e1cacfd325c8000000000000000000000000000000000000000787b61ac7b1f42ad5212ddb8adf0a8e1f14df37e0b2fe78027db73acfb575c9c294b36d6b9a54f0f837f7a5e2fe891eff00469a3eec2b6af5a1c659a5432babef4bf4cf7330da758d6d4b50a1676eb352b4d45762ed6fb92e3e05c2cad29585951b4b78eed2a30508f875bef039c00074f56b086a7a5dcd954c62b41c537f75f53f0787e04417a7b2bbfbd4ae2854f9384a2ff34d17b255d21e95ea3ae2baa71c52bc8eff000ea9ae12fd1f88148d235086a9a55b5ed3c62b41369754b935e0d347749f7465aae1dc695565cfe351cf9497e4f1f3282000000f0b6d2fde9fb3375384946a554a8c33fb5c1ff872fc0f74c074a17d885969f192e2dd69ac72fbb1fce404f8b2ec7d82d3f66ace9e16fd487a69bc632e5c78fc96178123d32d55eea76b6adb4abd68536d7526d22edc96101fa0000000000038ae6842e6daadbd4598558384be4d61907ad4a742b4e8d58b8d4a7271945f535c1a2fa48f6fb4f563b4b5a704942e62ab24ba9be12faa6fc40d5eaebdbfd1d42e93752ad3a31ace4f87bd0e137e5be4c5369a69e1ae4d144e8f2e29dfe857da4579378dee19fb935878f1cf993b9c6509ca1258945e1aec605db4db9779a65add4928cabd185469756629fea764f1763eabadb2ba7c9bce29eef936bf43da0000000000000078db57a3cb5bd12adb5269568b5529679392eaf14da3d900422be9f796d70e857b5ad0aa9e371c1e5fcbb4a1f47db3d73a6c2b5fded374aad68ee53a72e6a3cdb7d9978e1dc6d0000000000000000000000000000000000000000000000000000000000000000000000000000000000000000000000000000000000000000000000000000000000000000000000000000000000196dbdd12b6ada553ab6b0752bdac9c9412e328be6977f04fc094b4e2da69a6b834cbf9d5aba758d6acab55b3b7a955729ca945cbcf00603a3bd0abcefd6ad5e12a746945aa2dac6fc9ac36bb926ca49f8924924b097248fd000000000000000000000000000000000000004936ef58f6a6b92a54e59b7b4cd2876397de7e7c3c1140daed63d8da1d5ab0962e2afc3a3dbbcfafc165f9124d32c6aea7a8d0b3a1fef2b4d473d8badbee4b2fc00dc746ba36ec2aeaf5a1c659a5432babef4bf4f337c70595ad2b1b3a36b6f1dda5460a115dcbf539c000001e16d9692f57d02b53a7172af47e3524b9b6b9af1595f3c1ee80215a55fd4d2f53b7bda5f6a8cd4b19fb4bad78acaf12e36f5e9dcdbd3af465bd4aac54e12ed4d65121db3d27d93afd68d38eed0aff00169617049f35e0f3e1835fd1beacae74ba9a75497c5b579827d706ff00479f3406cc000094f48f5fd2ed3b870f834610fce5fe62ac47f6f3fb5f7dff002ffe9c40fcd85a4aaed6d9294549477e5c7ab10787e782c248b60258dacb55db19aff0b2ba000000000000009f74a74d2969b552e2d548b7fddc7e6ca0994e91ad1dc6cd3ad1ddcdb568d4795c70f31c2f192f20305b29aa7b235fb6b894b768c9fa3abc70b725cdbf9707e075b5f4a3b41a9452c2575570bf8d9d03eeb559d7ad3ab524e5526dca527cdb7cd8158e8fab2abb296f0ffd29ce0ffbcdfea694c9746af3b373eeb897e5135a000000000000000000000000000000000000000000000000000000000000000000000000000000000000000000000000000000000000000000000000000000000000000000000000000000000000000000000000000000000000000000000000000000000000000000000003c1db1d67d8da2549d3962e6bfc3a387c537ce5e0beb80303b75acfb575b952a52deb6b4cd3a78e4dfde7e6b1f248d0746ba37a3a15756ad1f7aa669d1cfe15f69f9f0f07da61b4bb0abaa6a56f6547edd69eee7f0aeb7e0b2cb7da5b53b3b4a56d416ed2a50508aee4b0073000000000000cbf481a57b434195c538e6b59b75177c3ef2f2c3fe1275b3baacb46d6685e2cba717bb562bef41f3feabbd22d928a945c64938b5869f2645769b48968bad57b5c3f44defd16fae0f979715e005a6138d484674e4a5092cc651794d76a3e8c8f477abfaf68eecaacf35acda8acbe2e9bfb3e5c5772c1ae0043f5fbc77faededcb93929d696eb6b1eea788fd122e042351515a95d2845c62ab4f117cd2cbe0034dbeaba6ea142f283f89466a4967195d69f73595e25d69ce3569c6a5392942694a2d75a6404af6c25fcaff66687a46dceddba0df6a58c7d1a5e00688000000000000f3768dc56ce6a5be935ead539f6eebc7d4f48eb6a56bebda6dd5a2928baf4a54d49ae594d6408403eead39d1ab3a5562e1521271945f34d7347c0149e8bee37b4cbdb6c7fbbacaa67f7a38ff29b731fd1a593a1a1d6ba945a95cd57bafb631585f5de3600000000000000000000000000000000000000000000000000000000000000000000000000000000000000000000000000000000000000000000000000000000000000000000000000000000000000000000000000000000000000000000000000000000000000000000000906db6b3ed7d726a94f7adadb34a961f07f8a5e2fafb1237db6bacfb23439fa29eedcdc66952c3e2bb65e0bafb5a257a5d855d5352a16543edd69eee7f0aeb7e0b2c0dd7469a3fa3a15b56ad1f7aae6951cfe14fde7e6b1e0cdd9c3696d4aced295b508eed2a50508aee48e60000000000000064fa41d1fd7f46f5ca51cd7b3ccb875c3ef2f0e7e0cd61f328c671719c54a325869aca6808becc6acf45d6e85d36fd0b7b9592eb83e7e5c1f81688ca338a945a945aca69e53445368f4a968dad5c59b4fd1a7bd49beb83e5f3ec7de9942e8f75677fa23b5ab2cd6b36a1c7ae0fecfe4d782035649b6e342b8d3b57af79184a769733751544b2a326f2e2fb38f22b27cce11a90709c54a2f9a6b298104a34aa57ab1a5469caa549bc4631596dfc8b16c8e913d1b42a56f5b1e9a6dd4a897549f5782491e9dbd859dacdceded285193e6e9d3516fc8ec00000000000000000194da6d8aa1acdc4af2dab2b6ba97dbcacc67f3ec7dff0043c7d3ba37aaae232d4af29fa24f8c2865b978b4b050c01c7468d3b7a30a3460a14e9c546315c925c91c8000000000000000000000000000000000000000000000000000000000000000000000000000000000000000000000000000000000000000000000000000000000000000000000000000000000000000000000000000000000000000000000000000000000000000000000cdedceb3ecad0e54e94b173759a74f1cd2fbd2f05c3e6d0181db3d67db1ae549529ef5b50f874b8f078e72f17f4c1a9e8d746f436d5756ad1f7eb669d1ee8a7c5f8b58f0ef30da26995357d56deca9e57a497bd2fc315c5bf22dd6f429db5bd3a1463bb4a9454211ec496101c80000000000000000000317d24e94ae34ba7a8d38af496d2dd9bed837fa3c79b31db21ab7b235fa15672dda157e155cf2dd7d7e0f0fc0afdddbd3bcb4ad6d55374eb41c258ec6b0c85de5b54b2bcad6b5b1e928cdc258e594f005e81e36c96a5ed5d9eb5af296f55847d155cbcbde8f0cbef6b0fc4f64000000000000000000000000000000000000000000000000000000000000000000000000000000000000000000000000000000000000000000000000000000000000000000000000000000000000000000000000000000000000000000000000000000000000000000000000000000000000000000000fc6d24db784bac8ced66b3edbd6ead7837eaf4fe1d15fb2bafc5e5f89b9e90b5bf50d2d5851962e2ed352c3e31a7d7e7cbccc0ece6933d6b59a16893f479dfab25f760b9ff4f9b406eba3ad17d4f4e96a55e18ad74b14f3cd53ff0057c7e491b23e69d3852a71a74e2a3082518c52e092e48fa00000000000000000000004cba4ad2fd5f54a5a8d35f0eea3bb3ee9c563eab1e4ca69e36d6697ed6d9fb9a108ef5682f4b4b0b2f7a3d4be6b2bc40c7f467aa7a1beafa6d497bb5d7a4a69bfbcb9af15fca52482d9dd55b2bba37541e2ad19a9c5f7a65c74ebda5a8e9f42f283f875a0a496738ed5f34f87801d90000000000000000000000000000000000000000000000000000000000000000000000000000000000000000000000000000000000000000000000000000000000000000000000000000000000000000000000000000000000000000000000000000000000000000000000000000000000000000386eee6959dad5b9af2dca54a2e727d891cc603a49d6b0a9e8f425cf152e30ffbb1fd7fba06335ad4eaeb1aa56bdad94ea3f7639cee45725e452b60b44f65e8eae6b471737789bcf38c3eeafd7c7b8c46c5687ed9d662eac736b6d8a9573ca5d91f17f44caf80000000000000000000000000000119dafd37d97b45754631dda551fa5a692c2dd971c2ee4f2bc0d57465aa39d0b9d2ea4b2e9fc6a5cfecbe125e787e2cfce942c7346cafe315eec9d19cbade78c57d25e663341d4a5a46b16d7ab2e34e5efa5d717c1af2605c01f14aa42b52855a5353a738a94651794d3e4d1f6000000000000000000000000000000000000000000000000000000000000000000000000000000000000000000000000000000000000000000000000000000000000000000000000000000000000000000000000000000000000000000000000000000000000000000000000000000000000075752bea5a6e9f5ef2bbf87460e4fbfb17cdbe0446f6eab6a17d56e6b372ad5e6e4f1dafa97e46dba4bd6733a5a4519f08e2ad7c3ebfbb1fd7c8f33a3ed1bda1ac7ae558e6859e24bbe7f757873f0406f3657465a268b4ade497a79fc4acff0069f578705e07b20000000000000000000000000000001e46d5d92bfd9bbea2d7bd1a4ea430b2f7a3ef2c7cf18f122c7f4010ed7ace3a7eb97b6b08eec29d59282ce711ce57d1a036bd1a6b12a94ab6935a4dfa35e968b7d51cfbcbcda7e2cde115d95bc763b4b61593493aaa9cb2f0b12f75bfae4b500000000000000000000000000000000000000000000000000000000000000000000000000000000000000000000000000000000000000000000000000000000000000000000000000000000000000000000000000000000000000000000000000000000000000000000000000000000003af7f794b4fb1af775de29d1839cbb5e3a977be4760c2f499aafa2b5a1a5d3962559fa5aa97e14fdd5e2f2ff840c0df5dd6d42fab5d577bd56b4dc9f8f52eeea2c3b2fa4ad1b43a16b249566bd256fdf7cfcb82f0275b07a57b4b6829d59c5ba169f164f1c1cbeeaf3e3e0cae0000000000000000000000000000000000231b6155d6da9d424e2a38a9bb8f924bf42ce4c3a48d2a56dab4751845fa1ba4949f529a58c78a4bc9818ee45d349bfa7a9e976f7b49e635a09fc9f26bc1e510b2a7d1aaa8b66ea39a7baee64e19ecc47978e40d680000000000000000000000000000000000000000000000000000000000000000000000000000000000000000000000000000000000000000000000000000000000000000000000000000000000000000000000000000000000000000000000000000000000000000000000000000000fc6d4536da49716d912da2d4deafaddcde65ee4a58a69f541705f4e3f36ca4ede6aab4ed02a5184b15eef34a2bf67ef3f2e1e289becee96f58d6adecf0fd1ca5bd55aea82e2fe5d9f3680a3ec0e95eced9f8569c715aedfa5970e2a3f757971fe26698fc8a518a8c52492c24ba8fd000000000000000000000000000000000075b50b0b6d4ace76b794954a53e69f577a7d4cec803170e8df4e8dc6f4af2e65493cee704df8e3f435d6b6d46ceda9dbdb5354e8d35bb18aea473000000000000000000000000000000000000000000000000000000000000000000000000000000000000000000000000000000000000000000000000000000000000000000000000000000000000000000000000000000000000000000000000000000000000000000000000000000001e1ed86acf47d02b55a72ddaf57e1526baa4fafc165fcd20277b6dabfb575fabe8e5bd6f6ff000a9e1f078e6fc5e78f660d4f469a57a1b0ada9d48fbf70fd1d37fb09f1f37fca4ff4db2aba8ea142ce8af7eb4d453c671dadf725c7c0b8da5b52b3b4a56d423bb4a941422bb901cc0000000000000000000000000000000000000000000000000000000000000000000000000000000000000000000000000000000000000000000000000000000000000000000000000000000000000000000000000000000000000000000000000000000000000000000000000000000000000000000000000000000000000000000000004b3a45d4fd735c8da53966959c775e3f1be32fd17cd3361b67b45ec3d3d42de51f5daf954d3e3b8bae5fd3bfb70c91ce72a9394e7272949e5c9bcb6fb40ddf465a529d5b8d56ac5350f834b3daf8c9f96178b288795b2f6f4edb66b4e852588ba119bf9c96f3fab67aa0000000000000000000000000000000000000000000000000000000000000000000000000000000000000000000000000000000000000000000000000000000000000000000000000000000000000000000000000000000000000000000000000000000000000000000000000000000000000000000000000000000000000000000000033db6bae3d17476a8bc5d5ce69d2fd9e1c65e19f36809b6d46a6f56d7ae6e54b7a9296e52c378dc5c163e7cfc4f241ea6cc58ad4768ac6da4a2e0ea6f494b938c7de6bc52c0163d36da567a65a5ac9a72a34614db5daa297e8764000000000000000000000000000000000000000000000000000000000000000000000000000000000000000000000000000000000000000000000000000000000000000000000000000000000000000000000000000000000000000000000000000000000000000000000000000000000000000000000000000000000000000000000004d3a509d57abd9c1b7e8a34331ecde7279fa2894b3c3da8d9da5b4165186faa5734b2e9546b2bbd3ee6046cd3f4776b2afb514eac5e236f4e7525df95bb8ff0017d0fcff00c05af7a7f47e828eeffea7a55bbfd7e86fb65f67696cfd9ca1beaadc5569d5a98c7c92ee407b800000000000000000000000000000000000000000000000000000000000000000000000000000000000000000000000000000000000000000000000000000000000000000000000000000000000000000000000000000000000000000000000000000000000000000000000000000000000000000000000000000000000000000000000000000000000000000000000000000000000000000000000000000000000000000000000000000000000000000000000000000000000000000000000000000000000000000000000000000000000000000000000000000000000000000000000000000000000000000000000000000000000000000000000000000000000000000000000000000000000000000000000000000000000000000000000000000000000000000000000000000000000000000000000000000000000000000000000000000000000000000000000000000000000000000000000000000000000000000000000000000000000000000003fffd9, 'Delivered', 'ORD1000000031');

-- --------------------------------------------------------

--
-- Table structure for table `department`
--

CREATE TABLE `department` (
  `department_id` bigint(20) NOT NULL,
  `department_added_datetime` datetime DEFAULT NULL,
  `details` varchar(255) DEFAULT NULL,
  `name` varchar(255) DEFAULT NULL,
  `short_name_for_employee_id` varchar(255) DEFAULT NULL
) ENGINE=InnoDB DEFAULT CHARSET=latin1;

--
-- Dumping data for table `department`
--

INSERT INTO `department` (`department_id`, `department_added_datetime`, `details`, `name`, `short_name_for_employee_id`) VALUES
(1, '2017-09-07 00:00:00', NULL, 'SalesMan', 'SM'),
(2, '2017-09-07 00:00:00', NULL, 'DeliveryBoy', 'DB'),
(3, '2017-09-07 14:18:28', NULL, 'GateKeeper', 'GK');

-- --------------------------------------------------------

--
-- Table structure for table `employee`
--

CREATE TABLE `employee` (
  `employee_id` bigint(20) NOT NULL,
  `password` varchar(255) DEFAULT NULL,
  `user_id` varchar(255) DEFAULT NULL,
  `department_id` bigint(20) DEFAULT NULL
) ENGINE=InnoDB DEFAULT CHARSET=latin1;

--
-- Dumping data for table `employee`
--

INSERT INTO `employee` (`employee_id`, `password`, `user_id`, `department_id`) VALUES
(1, 'sachin', 'sachin', 1),
(2, 'ar', 'ar', 1),
(3, 'tushar', 'tushar', 2),
(4, 'rohan1', 'rohan1', 3),
(5, 'j', 'j', 1),
(6, 'punit', 'punit', 1);

-- --------------------------------------------------------

--
-- Table structure for table `employee_areas`
--

CREATE TABLE `employee_areas` (
  `employee_areas_details_id` bigint(20) NOT NULL,
  `area_id` bigint(20) DEFAULT NULL,
  `employee_details_id` bigint(20) DEFAULT NULL
) ENGINE=InnoDB DEFAULT CHARSET=latin1;

--
-- Dumping data for table `employee_areas`
--

INSERT INTO `employee_areas` (`employee_areas_details_id`, `area_id`, `employee_details_id`) VALUES
(6, 4, 2),
(7, 5, 2),
(8, 6, 2),
(9, 12, 6),
(13, 4, 1),
(19, 4, 5),
(20, 9, 5),
(21, 5, 5),
(22, 8, 5),
(23, 10, 5),
(24, 4, 4),
(25, 12, 4),
(26, 5, 4),
(27, 6, 4),
(28, 9, 4),
(29, 10, 4),
(30, 11, 4),
(31, 7, 4),
(32, 8, 4),
(33, 4, 3),
(34, 12, 3),
(35, 5, 3),
(36, 6, 3),
(37, 7, 3),
(38, 9, 3),
(39, 10, 3),
(40, 11, 3);

-- --------------------------------------------------------

--
-- Table structure for table `employee_basic_salary_status`
--

CREATE TABLE `employee_basic_salary_status` (
  `employee_basic_salary_status_id` bigint(20) NOT NULL,
  `basic_salary` decimal(19,2) DEFAULT NULL,
  `end_datetime` datetime DEFAULT NULL,
  `start_datetime` datetime DEFAULT NULL,
  `employee_details_id` bigint(20) DEFAULT NULL
) ENGINE=InnoDB DEFAULT CHARSET=latin1;

--
-- Dumping data for table `employee_basic_salary_status`
--

INSERT INTO `employee_basic_salary_status` (`employee_basic_salary_status_id`, `basic_salary`, `end_datetime`, `start_datetime`, `employee_details_id`) VALUES
(1, '15000.00', '2018-01-04 18:13:51', '2017-12-04 17:27:09', 1),
(2, '16000.00', '2017-12-13 10:15:18', '2017-12-04 17:27:45', 2),
(3, '17000.00', '2018-01-04 18:13:51', '2017-12-04 17:28:38', 3),
(4, '17000.00', '2018-01-04 18:13:52', '2017-12-04 17:29:22', 4),
(5, '15000.00', '2018-01-04 18:13:53', '2017-12-13 09:06:29', 5),
(6, '20000.00', '2018-01-04 18:13:51', '2017-12-14 10:15:18', 2),
(7, '15000.00', '2018-01-04 18:13:53', '2017-12-13 11:08:28', 6);

-- --------------------------------------------------------

--
-- Table structure for table `employee_details`
--

CREATE TABLE `employee_details` (
  `employee_details_id` bigint(20) NOT NULL,
  `address` varchar(255) DEFAULT NULL,
  `basic_salary` decimal(19,2) DEFAULT NULL,
  `employee_details_added_datetime` datetime DEFAULT NULL,
  `employee_details_disable_datetime` datetime DEFAULT NULL,
  `employee_details_gen_id` varchar(255) DEFAULT NULL,
  `employee_details_updated_datetime` datetime DEFAULT NULL,
  `latitude` varchar(255) DEFAULT NULL,
  `longitude` varchar(255) DEFAULT NULL,
  `name` varchar(255) DEFAULT NULL,
  `status` tinyint(1) DEFAULT NULL,
  `token` varchar(255) DEFAULT NULL,
  `contact_id` bigint(20) DEFAULT NULL,
  `employee_id` bigint(20) DEFAULT NULL
) ENGINE=InnoDB DEFAULT CHARSET=latin1;

--
-- Dumping data for table `employee_details`
--

INSERT INTO `employee_details` (`employee_details_id`, `address`, `basic_salary`, `employee_details_added_datetime`, `employee_details_disable_datetime`, `employee_details_gen_id`, `employee_details_updated_datetime`, `latitude`, `longitude`, `name`, `status`, `token`, `contact_id`, `employee_id`) VALUES
(1, 'Malad', '15000.00', '2017-12-04 17:27:09', '2017-12-18 18:48:57', 'SM1000000001', '2017-12-13 12:03:05', '19.2315958', '72.8620709', 'Sachin', 0, 'd8zea982cxs:APA91bEFOynOtcDUEwQaXwi-2YUQCAUosma-COsWuOa86VyMw-A6QZOrxxmFh3NddJmAUJO4IrLo0Om6IJm8IihR642OtrpNAkum87oV6NFDAUMGcwmICozAPSNOsFbudqI22LtwUaTf', 40, 1),
(2, 'Malad', '20000.00', '2017-12-04 17:27:45', '2017-12-04 17:27:45', 'SM1000000002', '2017-12-13 10:15:18', '19.2315814', '72.8620703', 'Arvind', 0, '', 41, 2),
(3, 'Malad', '17000.00', '2017-12-04 17:28:38', '2017-12-04 17:28:38', 'DB1000000001', '2018-01-03 17:16:24', '19.231596', '72.8620655', 'Tushar', 0, '', 42, 3),
(4, 'Malad', '17000.00', '2017-12-04 17:29:22', '2017-12-04 17:29:22', 'GK1000000001', '2018-01-03 17:02:01', '19.2315814', '72.8620703', 'Rohan', 0, '', 43, 4),
(5, 'borivali', '15000.00', '2017-12-13 09:06:29', '2017-12-13 09:06:29', 'SM1000000003', '2017-12-13 12:57:05', '18.9376466', '72.8353235', 'Jayram', 0, 'flPpGjw2EBE:APA91bE8Kl6yeAv2YI10cweu9HHZoVVPoF3vLE2X14YU7EY9g0QsSUi25rUC3PuCQandnBHSqkwo7zYDVC7QgPQoceors7TT1MHTMBO-USmP1SUMA1N_d7uKSumUupuwDkLZDcjQqrIt', 44, 5),
(6, 'Thane west', '15000.00', '2017-12-13 11:08:27', '2017-12-13 11:08:27', 'SM1000000004', '2017-12-13 11:08:27', '19.2315814', '72.8620703', 'Punit', 0, '', 46, 6);

-- --------------------------------------------------------

--
-- Table structure for table `employee_feedback`
--

CREATE TABLE `employee_feedback` (
  `feedBack_id` bigint(20) NOT NULL,
  `feedback_date` datetime DEFAULT NULL,
  `feedback_reply_date` datetime DEFAULT NULL,
  `feedback_msg` varchar(255) DEFAULT NULL,
  `reply_status` tinyint(1) DEFAULT NULL,
  `employeeDetails_id` bigint(20) DEFAULT NULL
) ENGINE=InnoDB DEFAULT CHARSET=latin1;

-- --------------------------------------------------------

--
-- Table structure for table `employee_feedback_reply`
--

CREATE TABLE `employee_feedback_reply` (
  `feedback_reply_id` bigint(20) NOT NULL,
  `feedback_reply_date` datetime DEFAULT NULL,
  `feedback_reply_msg` varchar(255) DEFAULT NULL,
  `feedback_id` bigint(20) DEFAULT NULL
) ENGINE=InnoDB DEFAULT CHARSET=latin1;

-- --------------------------------------------------------

--
-- Table structure for table `employee_holiday`
--

CREATE TABLE `employee_holiday` (
  `employee_holiday_id` bigint(20) NOT NULL,
  `from_date` datetime DEFAULT NULL,
  `given_holiday_date` datetime DEFAULT NULL,
  `paid_holiday` tinyint(1) DEFAULT NULL,
  `reason` varchar(255) DEFAULT NULL,
  `to_date` datetime DEFAULT NULL,
  `employee_details_id` bigint(20) DEFAULT NULL
) ENGINE=InnoDB DEFAULT CHARSET=latin1;

--
-- Dumping data for table `employee_holiday`
--

INSERT INTO `employee_holiday` (`employee_holiday_id`, `from_date`, `given_holiday_date`, `paid_holiday`, `reason`, `to_date`, `employee_details_id`) VALUES
(1, '2017-12-25 00:00:00', '2017-12-21 20:31:31', 0, 'kkkkk', '2017-12-26 00:00:00', 2);

-- --------------------------------------------------------

--
-- Table structure for table `employee_incentives`
--

CREATE TABLE `employee_incentives` (
  `employee_incentives_id` bigint(20) NOT NULL,
  `incentive_amount` decimal(19,2) DEFAULT NULL,
  `incentive_given_date` datetime DEFAULT NULL,
  `reason` varchar(255) DEFAULT NULL,
  `employee_details_id` bigint(20) DEFAULT NULL
) ENGINE=InnoDB DEFAULT CHARSET=latin1;

--
-- Dumping data for table `employee_incentives`
--

INSERT INTO `employee_incentives` (`employee_incentives_id`, `incentive_amount`, `incentive_given_date`, `reason`, `employee_details_id`) VALUES
(1, '500.00', '2017-12-21 20:18:11', 'hhhh', 2);

-- --------------------------------------------------------

--
-- Table structure for table `employee_location`
--

CREATE TABLE `employee_location` (
  `employee_location_id` bigint(20) NOT NULL,
  `datetime` datetime DEFAULT NULL,
  `latitude` varchar(255) DEFAULT NULL,
  `longitude` varchar(255) DEFAULT NULL,
  `employee_details_id` bigint(20) DEFAULT NULL,
  `location_info` varchar(255) DEFAULT NULL
) ENGINE=InnoDB DEFAULT CHARSET=latin1;

--
-- Dumping data for table `employee_location`
--

INSERT INTO `employee_location` (`employee_location_id`, `datetime`, `latitude`, `longitude`, `employee_details_id`, `location_info`) VALUES
(1, '2018-01-01 00:00:00', '19.2315656', '72.8599968', 1, 'Abhi to party shuru hui hai'),
(2, '2018-01-01 00:01:00', '19.231414', '72.863521', 1, NULL),
(3, '2018-01-01 00:02:00', '19.233895', '72.860109', 1, 'Soya tha'),
(4, '2018-01-01 00:03:00', '19.233934', '72.859306', 1, NULL),
(5, '2018-01-01 00:06:00', '19.234035', '72.857976', 5, NULL),
(6, '2018-01-01 00:07:00', '19.234511', '72.858276', 5, NULL),
(7, '2018-01-01 00:08:00', '19.234080', '72.858496', 5, NULL),
(8, '2018-01-01 00:09:00', '19.234262', '72.858845', 5, 'Uth gaya'),
(9, '2018-01-01 00:10:00', '19.233941', '72.858814', 5, NULL);

-- --------------------------------------------------------

--
-- Table structure for table `employee_salary`
--

CREATE TABLE `employee_salary` (
  `employee_salary_id` bigint(20) NOT NULL,
  `bank_name` varchar(255) DEFAULT NULL,
  `cheque_date` datetime DEFAULT NULL,
  `cheque_number` varchar(255) DEFAULT NULL,
  `comment` varchar(255) DEFAULT NULL,
  `paying_amount` decimal(19,2) DEFAULT NULL,
  `paying_date` datetime DEFAULT NULL,
  `employeeDetails_id` bigint(20) DEFAULT NULL
) ENGINE=InnoDB DEFAULT CHARSET=latin1;

--
-- Dumping data for table `employee_salary`
--

INSERT INTO `employee_salary` (`employee_salary_id`, `bank_name`, `cheque_date`, `cheque_number`, `comment`, `paying_amount`, `paying_date`, `employeeDetails_id`) VALUES
(1, 'sbi', '2017-12-30 00:00:00', '0909090909', 'a', '5000.00', '2017-12-21 20:11:21', 2),
(2, NULL, NULL, NULL, '', '833.33', '2017-12-27 12:12:34', 2),
(3, NULL, NULL, NULL, '', '500.00', '2017-12-27 20:42:09', 1),
(4, 'sbi', '2017-12-31 00:00:00', '123456', '', '500.00', '2017-12-27 20:43:17', 1),
(5, 'SBI', '2017-12-30 00:00:00', '12345', '', '1000.00', '2017-12-28 15:26:52', 5),
(6, NULL, NULL, NULL, '', '100.00', '2017-12-29 20:28:16', 1);

-- --------------------------------------------------------

--
-- Table structure for table `inventory`
--

CREATE TABLE `inventory` (
  `inventory_transaction_id` varchar(255) NOT NULL,
  `inventory_added_datetime` datetime DEFAULT NULL,
  `total_amount` double DEFAULT NULL,
  `total_amount_tax` double DEFAULT NULL,
  `supplier_id` varchar(255) DEFAULT NULL,
  `inventory_payment_datetime` datetime DEFAULT NULL,
  `paid_status` tinyint(1) DEFAULT NULL,
  `total_quantity` double DEFAULT NULL
) ENGINE=InnoDB DEFAULT CHARSET=latin1;

--
-- Dumping data for table `inventory`
--

INSERT INTO `inventory` (`inventory_transaction_id`, `inventory_added_datetime`, `total_amount`, `total_amount_tax`, `supplier_id`, `inventory_payment_datetime`, `paid_status`, `total_quantity`) VALUES
('TSN1000000015', '2017-12-21 20:04:36', 200, 224, 'SUP1000000001', '2017-12-23 00:00:00', 0, 2),
('TSN1000000016', '2017-12-26 19:55:43', 7700, 8624, 'SUP1000000001', '2017-12-28 00:00:00', 0, 77),
('TSN1000000017', '2017-12-26 19:32:09', 8700, 9744, 'SUP1000000001', '2017-12-27 00:00:00', 0, 87),
('TSN1000000018', '2017-12-27 17:29:52', 2900, 3248, 'SUP1000000001', '2017-12-29 00:00:00', 0, 29),
('TSN1000000019', '2017-12-27 12:54:29', 100, 112, 'SUP1000000001', '2017-12-28 00:00:00', 0, 1),
('TSN1000000020', '2017-12-27 20:40:21', 100, 112, 'SUP1000000001', '2017-12-29 00:00:00', 0, 1),
('TSN1000000021', '2017-12-28 15:33:12', 1800, 2016, 'SUP1000000001', '2017-12-29 00:00:00', 0, 18),
('TSN1000000022', '2018-01-03 11:42:51', 600, 672, 'SUP1000000002', '2018-01-31 00:00:00', 0, 6);

-- --------------------------------------------------------

--
-- Table structure for table `inventory_details`
--

CREATE TABLE `inventory_details` (
  `inventory_details_id` bigint(20) NOT NULL,
  `amount` decimal(19,2) DEFAULT NULL,
  `quantity` bigint(20) DEFAULT NULL,
  `rate` decimal(19,2) DEFAULT NULL,
  `inventory_id` varchar(255) DEFAULT NULL,
  `product_id` bigint(20) DEFAULT NULL
) ENGINE=InnoDB DEFAULT CHARSET=latin1;

--
-- Dumping data for table `inventory_details`
--

INSERT INTO `inventory_details` (`inventory_details_id`, `amount`, `quantity`, `rate`, `inventory_id`, `product_id`) VALUES
(1, '224.00', 2, '112.00', 'TSN1000000015', 32),
(6, '224.00', 2, '112.00', 'TSN1000000017', 37),
(7, '5152.00', 46, '112.00', 'TSN1000000017', 38),
(8, '708.00', 6, '118.00', 'TSN1000000017', 39),
(9, '1344.00', 12, '112.00', 'TSN1000000017', 40),
(10, '2352.00', 21, '112.00', 'TSN1000000017', 41),
(16, '224.00', 2, '112.00', 'TSN1000000016', 47),
(17, '5152.00', 46, '112.00', 'TSN1000000016', 48),
(18, '708.00', 6, '118.00', 'TSN1000000016', 49),
(19, '1344.00', 12, '112.00', 'TSN1000000016', 50),
(20, '1232.00', 11, '112.00', 'TSN1000000016', 51),
(28, '112.00', 1, '112.00', 'TSN1000000019', 59),
(38, '1568.00', 14, '112.00', 'TSN1000000018', 69),
(39, '1568.00', 14, '112.00', 'TSN1000000018', 70),
(40, '112.00', 1, '112.00', 'TSN1000000018', 71),
(41, '112.00', 1, '112.00', 'TSN1000000020', 73),
(42, '560.00', 5, '112.00', 'TSN1000000021', 74),
(43, '672.00', 6, '112.00', 'TSN1000000021', 75),
(44, '784.00', 7, '112.00', 'TSN1000000021', 76),
(45, '672.00', 6, '112.00', 'TSN1000000022', 97);

-- --------------------------------------------------------

--
-- Table structure for table `order_details`
--

CREATE TABLE `order_details` (
  `order_id` varchar(255) NOT NULL,
  `cancel_date` datetime DEFAULT NULL,
  `confirm_date` datetime DEFAULT NULL,
  `confirm_total_amount` decimal(19,2) DEFAULT NULL,
  `confirm_total_amount_with_tax` decimal(19,2) DEFAULT NULL,
  `confirm_total_quantity` bigint(20) DEFAULT NULL,
  `delivery_date` datetime DEFAULT NULL,
  `invoice_number` varchar(255) DEFAULT NULL,
  `issue_date` datetime DEFAULT NULL,
  `issued_total_amount` decimal(19,2) DEFAULT NULL,
  `issued_total_amount_with_tax` decimal(19,2) DEFAULT NULL,
  `issued_total_quantity` bigint(20) DEFAULT NULL,
  `order_details_added_datetime` datetime DEFAULT NULL,
  `order_details_payment_take_datetime` datetime DEFAULT NULL,
  `packed_date` datetime DEFAULT NULL,
  `paid_status` tinyint(1) DEFAULT NULL,
  `payment_period_days` bigint(20) DEFAULT NULL,
  `total_amount` decimal(19,2) DEFAULT NULL,
  `total_amount_with_tax` decimal(19,2) DEFAULT NULL,
  `total_quantity` bigint(20) DEFAULT NULL,
  `business_name_id` varchar(255) DEFAULT NULL,
  `employee_id_sm` bigint(20) DEFAULT NULL,
  `order_status_id` bigint(20) DEFAULT NULL,
  `employee_id_cancel` bigint(20) DEFAULT NULL
) ENGINE=InnoDB DEFAULT CHARSET=latin1;

--
-- Dumping data for table `order_details`
--

INSERT INTO `order_details` (`order_id`, `cancel_date`, `confirm_date`, `confirm_total_amount`, `confirm_total_amount_with_tax`, `confirm_total_quantity`, `delivery_date`, `invoice_number`, `issue_date`, `issued_total_amount`, `issued_total_amount_with_tax`, `issued_total_quantity`, `order_details_added_datetime`, `order_details_payment_take_datetime`, `packed_date`, `paid_status`, `payment_period_days`, `total_amount`, `total_amount_with_tax`, `total_quantity`, `business_name_id`, `employee_id_sm`, `order_status_id`, `employee_id_cancel`) VALUES
('ORD1000000001', '1970-01-01 05:30:00', '2017-12-20 15:53:32', '1430.00', '3895.00', 10, '2017-12-20 00:00:00', 'INV1000000002', '2017-12-20 15:52:41', '3300.87', '3895.00', 10, '2017-12-20 15:23:08', '2017-12-26 15:53:32', '2017-12-20 15:52:07', 1, 6, '3895.00', '3895.00', 10, '1001', 1, 6, NULL),
('ORD1000000002', '1970-01-01 05:30:00', '1970-01-01 05:30:00', '0.00', '0.00', 0, '1970-01-01 05:30:00', NULL, '1970-01-01 05:30:00', '0.00', '0.00', 0, '2017-12-20 15:56:28', '1970-01-01 05:30:00', '1970-01-01 05:30:00', 0, 3, '2486.11', '2933.00', 7, '1004', 1, 10, NULL),
('ORD1000000003', '1970-01-01 05:30:00', '1970-01-01 05:30:00', '0.00', '0.00', 0, '1970-01-01 05:30:00', NULL, '1970-01-01 05:30:00', '0.00', '0.00', 0, '2017-12-20 16:03:35', '1970-01-01 05:30:00', '1970-01-01 05:30:00', 0, 3, '3443.05', '4058.00', 14, '1004', 1, 10, NULL),
('ORD1000000004', '1970-01-01 05:30:00', '2017-12-21 19:49:19', '3150.84', '3718.00', 15, '2017-12-22 00:00:00', 'INV1000000003', '2017-12-21 18:51:04', '3150.84', '3718.00', 15, '2017-12-21 18:45:48', '2017-12-22 19:49:19', '2017-12-21 18:49:14', 0, 1, '3150.84', '3718.00', 15, '1008', 1, 3, NULL),
('ORD1000000005', '1970-01-01 05:30:00', '2017-12-29 19:16:48', '1180.90', '1391.00', 5, '2017-12-28 00:00:00', 'INV1000000004', '2017-12-21 19:39:55', '1295.31', '1526.00', 6, '2017-12-21 19:32:05', '2017-12-30 19:16:48', '2017-12-21 19:32:43', 0, 1, '1295.31', '1526.00', 6, '1008', 1, 6, NULL),
('ORD1000000006', '1970-01-01 05:30:00', '1970-01-01 05:30:00', '0.00', '0.00', 0, '2017-12-21 00:00:00', 'INV1000000005', '1970-01-01 05:30:00', '1394.07', '1645.00', 9, '2017-12-21 19:44:47', '1970-01-01 05:30:00', '2017-12-21 19:45:18', 0, 5, '1529.66', '1805.00', 10, '1001', 1, 5, NULL),
('ORD1000000007', '1970-01-01 05:30:00', '2017-12-22 20:04:12', '2330.48', '2744.00', 18, '2017-12-22 20:18:07', 'INV1000000006', '2017-12-22 19:53:19', '2330.48', '2744.00', 18, '2017-12-22 19:52:30', '2018-01-01 00:00:00', '2017-12-22 19:52:55', 0, 5, '500.00', '2744.00', 18, '1001', 1, 3, NULL),
('ORD1000000008', '1970-01-01 05:30:00', '1970-01-01 05:30:00', '0.00', '0.00', 0, '1970-01-01 05:30:00', NULL, '1970-01-01 05:30:00', '0.00', '0.00', 0, '2017-12-27 18:42:08', '1970-01-01 05:30:00', '1970-01-01 05:30:00', 0, 10, '508.50', '600.00', 3, '1001', 1, 10, NULL),
('ORD1000000009', '1970-01-01 05:30:00', '1970-01-01 05:30:00', '0.00', '0.00', 0, '1970-01-01 05:30:00', NULL, '1970-01-01 05:30:00', '0.00', '0.00', 0, '2017-12-28 17:18:29', '1970-01-01 05:30:00', '1970-01-01 05:30:00', 0, 6, '4111.68', '4614.00', 9, '1001', 1, 10, NULL),
('ORD1000000010', '1970-01-01 05:30:00', '1970-01-01 05:30:00', '0.00', '0.00', 0, '2017-12-30 00:00:00', 'INV1000000007', '1970-01-01 05:30:00', '3611.75', '4063.00', 12, '2017-12-29 11:32:09', '1970-01-01 05:30:00', '2017-12-29 11:35:55', 0, 9, '3611.75', '4063.00', 12, '1001', 1, 5, NULL),
('ORD1000000011', '2018-01-03 05:30:00', '1970-01-01 05:30:00', '0.00', '0.00', 0, '1970-01-01 05:30:00', NULL, '1970-01-01 05:30:00', '0.00', '0.00', 0, '2018-01-01 15:46:51', '1970-01-01 05:30:00', '1970-01-01 05:30:00', 0, 7, '357.14', '400.00', 2, '1001', 1, 1, 4),
('ORD1000000012', '1970-01-01 05:30:00', '1970-01-01 05:30:00', '0.00', '0.00', 0, '1970-01-01 05:30:00', NULL, '1970-01-01 05:30:00', '0.00', '0.00', 0, '2018-01-01 17:58:31', '1970-01-01 05:30:00', '1970-01-01 05:30:00', 0, 0, '878.94', '1005.00', 6, '1003', 1, 10, NULL),
('ORD1000000013', '1970-01-01 05:30:00', '1970-01-01 05:30:00', '0.00', '0.00', 0, '1970-01-01 05:30:00', NULL, '1970-01-01 05:30:00', '0.00', '0.00', 0, '2018-01-01 18:05:52', '1970-01-01 05:30:00', '1970-01-01 05:30:00', 0, 2, '942.48', '1080.00', 6, '1011', 1, 10, NULL),
('ORD1000000014', '1970-01-01 05:30:00', '1970-01-01 05:30:00', '0.00', '0.00', 0, '1970-01-01 05:30:00', NULL, '1970-01-01 05:30:00', '0.00', '0.00', 0, '2018-01-01 18:09:05', '1970-01-01 05:30:00', '1970-01-01 05:30:00', 0, 2, '357.14', '400.00', 2, '1011', 1, 10, NULL),
('ORD1000000015', '1970-01-01 05:30:00', '1970-01-01 05:30:00', '0.00', '0.00', 0, '1970-01-01 05:30:00', NULL, '1970-01-01 05:30:00', '0.00', '0.00', 0, '2018-01-01 18:13:13', '1970-01-01 05:30:00', '1970-01-01 05:30:00', 0, 2, '367.70', '412.00', 1, '1002', 1, 10, NULL),
('ORD1000000016', '1970-01-01 05:30:00', '1970-01-01 05:30:00', '0.00', '0.00', 0, '1970-01-01 05:30:00', NULL, '1970-01-01 05:30:00', '0.00', '0.00', 0, '2018-01-01 19:34:24', '1970-01-01 05:30:00', '1970-01-01 05:30:00', 0, 1, '1082.02', '1220.00', 6, '1003', 1, 10, NULL),
('ORD1000000017', '1970-01-01 05:30:00', '1970-01-01 05:30:00', '0.00', '0.00', 0, '1970-01-01 05:30:00', NULL, '1970-01-01 05:30:00', '0.00', '0.00', 0, '2018-01-01 19:40:52', '1970-01-01 05:30:00', '1970-01-01 05:30:00', 0, 1, '357.14', '400.00', 2, '1003', 1, 10, NULL),
('ORD1000000018', '1970-01-01 05:30:00', '1970-01-01 05:30:00', '0.00', '0.00', 0, '1970-01-01 05:30:00', NULL, '1970-01-01 05:30:00', '0.00', '0.00', 0, '2018-01-01 19:41:53', '1970-01-01 05:30:00', '1970-01-01 05:30:00', 0, 8, '357.14', '400.00', 2, '1003', 1, 10, NULL),
('ORD1000000019', '1970-01-01 05:30:00', '2018-01-03 12:00:07', '357.14', '400.00', 2, '2018-01-04 00:00:00', 'INV1000000009', '2018-01-03 11:59:51', '357.14', '400.00', 2, '2018-01-03 11:40:42', '2018-01-09 12:00:07', '2018-01-03 11:59:31', 0, 6, '400.00', '400.00', 2, '1001', 1, 3, NULL),
('ORD1000000020', '1970-01-01 05:30:00', '2018-01-03 11:55:53', '1097.77', '1260.00', 5, '2018-01-04 00:00:00', 'INV1000000008', '2018-01-03 11:55:16', '1097.77', '1260.00', 5, '2018-01-03 11:46:18', '2018-01-19 11:55:53', '2018-01-03 11:53:23', 0, 16, '1097.77', '1260.00', 5, '1002', 1, 3, NULL),
('ORD1000000021', '1970-01-01 05:30:00', '2018-01-03 14:36:57', '1070.81', '1240.00', 7, '2018-01-08 00:00:00', 'INV1000000010', '2018-01-03 14:36:13', '1070.81', '1240.00', 7, '2018-01-03 14:29:12', '2018-01-18 14:36:57', '2018-01-03 14:30:01', 0, 15, '1070.81', '1240.00', 7, '1002', 1, 3, NULL),
('ORD1000000022', '1970-01-01 05:30:00', '1970-01-01 05:30:00', '0.00', '0.00', 0, '2018-01-04 00:00:00', 'INV1000000012', '1970-01-01 05:30:00', '495.75', '585.00', 3, '2018-01-03 14:37:55', '1970-01-01 05:30:00', '2018-01-03 14:40:18', 0, 8, '495.75', '585.00', 3, '1003', 1, 5, NULL),
('ORD1000000023', '1970-01-01 05:30:00', '1970-01-01 05:30:00', '0.00', '0.00', 0, '1970-01-01 05:30:00', NULL, '1970-01-01 05:30:00', '0.00', '0.00', 0, '2018-01-03 16:05:46', '1970-01-01 05:30:00', '1970-01-01 05:30:00', 0, 8, '1964.30', '2200.00', 10, '1002', 1, 10, NULL),
('ORD1000000024', '2018-01-04 05:30:00', '1970-01-01 05:30:00', '0.00', '0.00', 0, '1970-01-01 05:30:00', NULL, '1970-01-01 05:30:00', '0.00', '0.00', 0, '2018-01-03 16:52:41', '1970-01-01 05:30:00', '1970-01-01 05:30:00', 0, 6, '1883.93', '2110.00', 5, '1003', 1, 1, 1),
('ORD1000000025', '2018-01-03 05:30:00', '1970-01-01 05:30:00', '0.00', '0.00', 0, '2018-01-03 00:00:00', 'INV1000000013', '1970-01-01 05:30:00', '178.57', '200.00', 1, '2018-01-03 16:54:50', '1970-01-01 05:30:00', '2018-01-03 17:17:48', 0, 3, '178.57', '200.00', 1, '1004', 1, 1, 4),
('ORD1000000026', '2018-01-03 05:30:00', '1970-01-01 05:30:00', '0.00', '0.00', 0, '2018-01-03 00:00:00', 'INV1000000014', '2018-01-03 18:08:13', '1662.22', '1940.00', 9, '2018-01-03 17:08:44', '1970-01-01 05:30:00', '2018-01-03 18:07:31', 0, 7, '1662.22', '1940.00', 9, '1005', 1, 1, 1),
('ORD1000000027', '1970-01-01 05:30:00', '1970-01-01 05:30:00', '0.00', '0.00', 0, '1970-01-01 05:30:00', NULL, '1970-01-01 05:30:00', '0.00', '0.00', 0, '2018-01-03 18:29:35', '1970-01-01 05:30:00', '1970-01-01 05:30:00', 0, 36, '592.86', '676.00', 6, '1005', 1, 10, NULL),
('ORD1000000028', '1970-01-01 05:30:00', '1970-01-01 05:30:00', '0.00', '0.00', 0, '1970-01-01 05:30:00', NULL, '1970-01-01 05:30:00', '0.00', '0.00', 0, '2018-01-03 18:48:26', '1970-01-01 05:30:00', '1970-01-01 05:30:00', 0, 4, '357.14', '400.00', 2, '1003', 1, 10, NULL),
('ORD1000000029', '1970-01-01 05:30:00', '1970-01-01 05:30:00', '0.00', '0.00', 0, '1970-01-01 05:30:00', NULL, '1970-01-01 05:30:00', '0.00', '0.00', 0, '2018-01-03 19:14:47', '1970-01-01 05:30:00', '1970-01-01 05:30:00', 0, 1, '892.85', '1000.00', 5, '1005', 1, 10, NULL),
('ORD1000000030', '1970-01-01 05:30:00', '2018-01-04 12:58:24', '4721.92', '4860.00', 17, '2018-01-05 00:00:00', 'INV1000000015', '2018-01-04 12:57:55', '4721.92', '4860.00', 17, '2018-01-04 12:07:29', '2018-01-04 12:58:24', '2018-01-04 12:51:32', 0, 0, '4285.49', '4860.00', 21, '1001', 1, 3, NULL),
('ORD1000000031', '1970-01-01 05:30:00', '2018-01-04 15:48:30', '392.86', '440.00', 2, '2018-01-05 00:00:00', 'INV1000000016', '2018-01-04 15:46:04', '392.86', '440.00', 2, '2018-01-04 15:43:02', '2018-01-19 15:48:30', '2018-01-04 15:45:00', 0, 15, '392.86', '440.00', 2, '1002', 1, 3, NULL),
('ORD1000000032', '1970-01-01 05:30:00', '1970-01-01 05:30:00', '0.00', '0.00', 0, '2018-01-06 00:00:00', 'INV1000000017', '2018-01-04 16:07:23', '1941.96', '2175.00', 3, '2018-01-04 15:57:03', '1970-01-01 05:30:00', '2018-01-04 15:59:38', 0, 1, '1941.96', '2175.00', 3, '1003', 1, 2, NULL);

-- --------------------------------------------------------

--
-- Table structure for table `order_product_details`
--

CREATE TABLE `order_product_details` (
  `id` bigint(20) NOT NULL,
  `confirm_amount` decimal(19,2) DEFAULT NULL,
  `confirm_quantity` bigint(20) DEFAULT NULL,
  `details` varchar(255) DEFAULT NULL,
  `issue_amount` decimal(19,2) DEFAULT NULL,
  `issued_quantity` bigint(20) DEFAULT NULL,
  `purchase_amount` decimal(19,2) DEFAULT NULL,
  `purchase_quantity` bigint(20) DEFAULT NULL,
  `selling_rate` decimal(19,2) DEFAULT NULL,
  `order_details_id` varchar(255) DEFAULT NULL,
  `product_id` bigint(20) DEFAULT NULL,
  `type` varchar(255) DEFAULT NULL
) ENGINE=InnoDB DEFAULT CHARSET=latin1;

--
-- Dumping data for table `order_product_details`
--

INSERT INTO `order_product_details` (`id`, `confirm_amount`, `confirm_quantity`, `details`, `issue_amount`, `issued_quantity`, `purchase_amount`, `purchase_quantity`, `selling_rate`, `order_details_id`, `product_id`, `type`) VALUES
(1, '1060.00', 4, NULL, '1060.00', 4, '1060.00', 4, '265.00', 'ORD1000000001', 1, 'NonFree'),
(2, '220.00', 1, NULL, '220.00', 1, '220.00', 1, '220.00', 'ORD1000000001', 2, 'NonFree'),
(3, '2175.00', 3, NULL, '2175.00', 3, '2175.00', 3, '725.00', 'ORD1000000001', 3, 'NonFree'),
(4, '440.00', 2, NULL, '440.00', 2, '440.00', 2, '220.00', 'ORD1000000001', 4, 'NonFree'),
(5, '0.00', 0, NULL, '0.00', 0, '318.00', 2, '159.00', 'ORD1000000002', 5, 'NonFree'),
(6, '0.00', 0, NULL, '0.00', 0, '440.00', 2, '220.00', 'ORD1000000002', 6, 'NonFree'),
(7, '0.00', 0, NULL, '0.00', 0, '2175.00', 3, '725.00', 'ORD1000000002', 7, 'NonFree'),
(8, '0.00', 0, NULL, '0.00', 0, '795.00', 5, '159.00', 'ORD1000000003', 8, 'NonFree'),
(9, '0.00', 0, NULL, '0.00', 0, '1408.00', 4, '352.00', 'ORD1000000003', 9, 'NonFree'),
(10, '0.00', 0, NULL, '0.00', 0, '405.00', 3, '135.00', 'ORD1000000003', 10, 'NonFree'),
(11, '0.00', 0, NULL, '0.00', 0, '1450.00', 2, '725.00', 'ORD1000000003', 11, 'NonFree'),
(12, '600.00', 3, NULL, '600.00', 3, '600.00', 3, '200.00', 'ORD1000000004', 12, 'NonFree'),
(13, '2443.00', 7, NULL, '2443.00', 7, '2443.00', 7, '349.00', 'ORD1000000004', 13, 'NonFree'),
(14, '675.00', 5, NULL, '675.00', 5, '675.00', 5, '135.00', 'ORD1000000004', 14, 'NonFree'),
(15, '1056.00', 3, NULL, '1056.00', 3, '1056.00', 3, '352.00', 'ORD1000000005', 15, 'NonFree'),
(16, '200.00', 1, NULL, '200.00', 1, '200.00', 1, '200.00', 'ORD1000000005', 16, 'NonFree'),
(17, '135.00', 1, NULL, '270.00', 2, '270.00', 2, '135.00', 'ORD1000000005', 17, 'NonFree'),
(18, '0.00', 0, NULL, '640.00', 4, '800.00', 5, '160.00', 'ORD1000000006', 18, 'NonFree'),
(19, '0.00', 0, NULL, '600.00', 2, '600.00', 2, '300.00', 'ORD1000000006', 19, 'NonFree'),
(20, '0.00', 0, NULL, '405.00', 3, '405.00', 3, '135.00', 'ORD1000000006', 20, 'NonFree'),
(21, '1164.00', 6, NULL, '1164.00', 6, '1164.00', 6, '194.00', 'ORD1000000007', 29, 'NonFree'),
(22, '400.00', 2, NULL, '400.00', 2, '400.00', 2, '200.00', 'ORD1000000007', 30, 'NonFree'),
(23, '1180.00', 10, NULL, '1180.00', 10, '1180.00', 10, '118.00', 'ORD1000000007', 31, 'NonFree'),
(24, '0.00', 0, NULL, '0.00', 0, '600.00', 3, '200.00', 'ORD1000000008', 72, 'NonFree'),
(25, '0.00', 0, NULL, '0.00', 0, '194.00', 1, '194.00', 'ORD1000000009', 77, 'NonFree'),
(26, '0.00', 0, NULL, '0.00', 0, '795.00', 3, '265.00', 'ORD1000000009', 78, 'NonFree'),
(27, '0.00', 0, NULL, '0.00', 0, '3625.00', 5, '725.00', 'ORD1000000009', 79, 'NonFree'),
(28, '0.00', 0, NULL, '2175.00', 3, '2175.00', 3, '725.00', 'ORD1000000010', 80, 'NonFree'),
(29, '0.00', 0, NULL, '1100.00', 5, '1100.00', 5, '220.00', 'ORD1000000010', 81, 'NonFree'),
(30, '0.00', 0, NULL, '388.00', 2, '388.00', 2, '194.00', 'ORD1000000010', 82, 'NonFree'),
(31, '0.00', 0, NULL, '400.00', 2, '400.00', 2, '200.00', 'ORD1000000010', 83, 'NonFree'),
(32, '0.00', 0, NULL, '0.00', 0, '400.00', 2, '200.00', 'ORD1000000011', 84, 'NonFree'),
(33, '0.00', 0, NULL, '0.00', 0, '600.00', 3, '200.00', 'ORD1000000012', 85, 'NonFree'),
(34, '0.00', 0, NULL, '0.00', 0, '405.00', 3, '135.00', 'ORD1000000012', 86, 'NonFree'),
(35, '0.00', 0, NULL, '0.00', 0, '480.00', 3, '160.00', 'ORD1000000013', 87, 'NonFree'),
(36, '0.00', 0, NULL, '0.00', 0, '600.00', 3, '200.00', 'ORD1000000013', 88, 'NonFree'),
(37, '0.00', 0, NULL, '0.00', 0, '400.00', 2, '200.00', 'ORD1000000014', 89, 'NonFree'),
(38, '0.00', 0, NULL, '0.00', 0, '412.00', 1, '412.00', 'ORD1000000015', 90, 'NonFree'),
(39, '0.00', 0, NULL, '0.00', 0, '160.00', 1, '160.00', 'ORD1000000016', 91, 'NonFree'),
(40, '0.00', 0, NULL, '0.00', 0, '400.00', 2, '200.00', 'ORD1000000016', 92, 'NonFree'),
(41, '0.00', 0, NULL, '0.00', 0, '660.00', 3, '220.00', 'ORD1000000016', 93, 'NonFree'),
(42, '0.00', 0, NULL, '0.00', 0, '400.00', 2, '200.00', 'ORD1000000017', 94, 'NonFree'),
(43, '0.00', 0, NULL, '0.00', 0, '400.00', 2, '200.00', 'ORD1000000018', 95, 'NonFree'),
(44, '400.00', 2, NULL, '400.00', 2, '400.00', 2, '200.00', 'ORD1000000019', 96, 'NonFree'),
(45, '600.00', 2, NULL, '600.00', 2, '600.00', 2, '300.00', 'ORD1000000020', 98, 'NonFree'),
(46, '660.00', 3, NULL, '660.00', 3, '660.00', 3, '220.00', 'ORD1000000020', 99, 'NonFree'),
(47, '800.00', 5, NULL, '800.00', 5, '800.00', 5, '160.00', 'ORD1000000021', 100, 'NonFree'),
(48, '440.00', 2, NULL, '440.00', 2, '440.00', 2, '220.00', 'ORD1000000021', 101, 'NonFree'),
(49, '0.00', 0, NULL, '585.00', 3, '585.00', 3, '195.00', 'ORD1000000022', 102, 'NonFree'),
(50, '0.00', 0, NULL, '0.00', 0, '2200.00', 10, '220.00', 'ORD1000000023', 103, 'NonFree'),
(51, '0.00', 0, NULL, '0.00', 0, '660.00', 3, '220.00', 'ORD1000000024', 104, 'NonFree'),
(52, '0.00', 0, NULL, '0.00', 0, '1450.00', 2, '725.00', 'ORD1000000024', 105, 'NonFree'),
(53, '0.00', 0, NULL, '200.00', 1, '200.00', 1, '200.00', 'ORD1000000025', 106, 'NonFree'),
(54, '0.00', 0, NULL, '640.00', 4, '640.00', 4, '160.00', 'ORD1000000026', 107, 'NonFree'),
(55, '0.00', 0, NULL, '900.00', 3, '900.00', 3, '300.00', 'ORD1000000026', 108, 'NonFree'),
(56, '0.00', 0, NULL, '400.00', 2, '400.00', 2, '200.00', 'ORD1000000026', 109, 'NonFree'),
(57, '0.00', 0, NULL, '0.00', 0, '236.00', 4, '59.00', 'ORD1000000027', 110, 'NonFree'),
(58, '0.00', 0, NULL, '0.00', 0, '440.00', 2, '220.00', 'ORD1000000027', 111, 'NonFree'),
(59, '0.00', 0, NULL, '0.00', 0, '0.00', 3, '0.00', 'ORD1000000027', 112, 'Free'),
(60, '0.00', 0, NULL, '0.00', 0, '0.00', 1, '0.00', 'ORD1000000027', 113, 'Free'),
(61, '0.00', 0, NULL, '0.00', 0, '0.00', 3, '0.00', 'ORD1000000027', 114, 'Free'),
(62, '0.00', 0, NULL, '0.00', 0, '0.00', 1, '0.00', 'ORD1000000027', 115, 'Free'),
(63, '0.00', 0, NULL, '0.00', 0, '400.00', 2, '200.00', 'ORD1000000028', 116, 'NonFree'),
(64, '0.00', 0, NULL, '0.00', 0, '0.00', 3, '0.00', 'ORD1000000028', 117, 'Free'),
(65, '0.00', 0, NULL, '0.00', 0, '1000.00', 5, '200.00', 'ORD1000000029', 118, 'NonFree'),
(66, '0.00', 0, NULL, '0.00', 0, '0.00', 1, '0.00', 'ORD1000000029', 119, 'Free'),
(67, '600.00', 2, NULL, '600.00', 2, '600.00', 2, '300.00', 'ORD1000000030', 120, 'NonFree'),
(68, '1060.00', 4, NULL, '1060.00', 4, '1060.00', 4, '265.00', 'ORD1000000030', 121, 'NonFree'),
(69, '440.00', 2, NULL, '440.00', 2, '440.00', 2, '220.00', 'ORD1000000030', 122, 'NonFree'),
(70, '2175.00', 3, NULL, '2175.00', 3, '2175.00', 3, '725.00', 'ORD1000000030', 123, 'NonFree'),
(71, '585.00', 3, NULL, '585.00', 3, '585.00', 3, '195.00', 'ORD1000000030', 124, 'NonFree'),
(72, '0.00', 2, NULL, '0.00', 2, '0.00', 4, '0.00', 'ORD1000000030', 125, 'Free'),
(73, '0.00', 1, NULL, '0.00', 1, '0.00', 3, '0.00', 'ORD1000000030', 126, 'Free'),
(74, '440.00', 2, NULL, '440.00', 2, '440.00', 2, '220.00', 'ORD1000000031', 127, 'NonFree'),
(75, '0.00', 0, NULL, '2175.00', 3, '2175.00', 3, '725.00', 'ORD1000000032', 128, 'NonFree');

-- --------------------------------------------------------

--
-- Table structure for table `order_product_issue_details`
--

CREATE TABLE `order_product_issue_details` (
  `order_issue_id` bigint(20) NOT NULL,
  `issued_to_db` bigint(20) DEFAULT NULL,
  `issued_by_gk` bigint(20) DEFAULT NULL,
  `order_id` varchar(255) DEFAULT NULL
) ENGINE=InnoDB DEFAULT CHARSET=latin1;

--
-- Dumping data for table `order_product_issue_details`
--

INSERT INTO `order_product_issue_details` (`order_issue_id`, `issued_to_db`, `issued_by_gk`, `order_id`) VALUES
(1, 3, 4, 'ORD1000000001'),
(2, 3, 4, 'ORD1000000004'),
(3, 3, 4, 'ORD1000000004'),
(4, 3, 4, 'ORD1000000005'),
(5, 3, 4, 'ORD1000000006'),
(6, 3, 4, 'ORD1000000007'),
(7, 3, 4, 'ORD1000000010'),
(8, 3, 4, 'ORD1000000020'),
(9, 3, 4, 'ORD1000000019'),
(10, 3, 4, 'ORD1000000021'),
(11, 3, 4, 'ORD1000000022'),
(12, 3, 4, 'ORD1000000022'),
(13, 3, 4, 'ORD1000000025'),
(14, 3, 4, 'ORD1000000026'),
(15, 3, 4, 'ORD1000000030'),
(16, 3, 4, 'ORD1000000031'),
(17, 3, 4, 'ORD1000000032');

-- --------------------------------------------------------

--
-- Table structure for table `order_status`
--

CREATE TABLE `order_status` (
  `order_status_id` bigint(20) NOT NULL,
  `Order_status_added_datetime` datetime DEFAULT NULL,
  `details` varchar(255) DEFAULT NULL,
  `status` varchar(255) DEFAULT NULL
) ENGINE=InnoDB DEFAULT CHARSET=latin1;

--
-- Dumping data for table `order_status`
--

INSERT INTO `order_status` (`order_status_id`, `Order_status_added_datetime`, `details`, `status`) VALUES
(1, '2017-09-26 21:01:56', NULL, 'Canceled'),
(2, '2017-09-27 13:30:05', NULL, 'Issued'),
(3, '2017-09-27 13:35:11', NULL, 'Delivered'),
(5, '2017-09-27 13:44:35', NULL, 'Packed'),
(6, '2017-09-27 13:44:35', NULL, 'Delivered Pending'),
(10, '2017-09-27 13:44:35', NULL, 'Booked');

-- --------------------------------------------------------

--
-- Table structure for table `order_used_brand`
--

CREATE TABLE `order_used_brand` (
  `brand_id` bigint(20) NOT NULL,
  `name` varchar(255) DEFAULT NULL
) ENGINE=InnoDB DEFAULT CHARSET=latin1;

--
-- Dumping data for table `order_used_brand`
--

INSERT INTO `order_used_brand` (`brand_id`, `name`) VALUES
(1, 'BLUE SQUARE'),
(2, 'BLUE SQUARE'),
(3, 'BLUE SQUARE'),
(4, 'BLUE SQUARE'),
(5, 'BLUE SQUARE'),
(6, 'BLUE SQUARE'),
(7, 'BLUE SQUARE'),
(8, 'BLUE SQUARE'),
(9, 'BLUE SQUARE'),
(10, 'BLUE SQUARE'),
(11, 'BLUE SQUARE'),
(12, 'BLUE SQUARE'),
(13, 'BLUE SQUARE'),
(14, 'BLUE SQUARE'),
(15, 'BLUE SQUARE'),
(16, 'BLUE SQUARE'),
(17, 'BLUE SQUARE'),
(18, 'BLUE SQUARE'),
(19, 'BLUE SQUARE'),
(20, 'BLUE SQUARE'),
(21, 'BLUE SQUARE'),
(22, 'BLUE SQUARE'),
(23, 'BLUE SQUARE'),
(24, 'BLUE SQUARE'),
(25, 'BLUE SQUARE'),
(26, 'BLUE SQUARE'),
(27, 'BLUE SQUARE'),
(28, 'BLUE SQUARE'),
(29, 'BLUE SQUARE'),
(30, 'BLUE SQUARE'),
(31, 'BLUE SQUARE'),
(32, 'BLUE SQUARE1'),
(37, 'BLUE SQUARE1'),
(38, 'BLUE SQUARE1'),
(39, 'BLUE SQUARE1'),
(40, 'BLUE SQUARE1'),
(41, 'BLUE SQUARE1'),
(47, 'BLUE SQUARE1'),
(48, 'BLUE SQUARE1'),
(49, 'BLUE SQUARE1'),
(50, 'BLUE SQUARE1'),
(51, 'BLUE SQUARE1'),
(59, 'BLUE SQUARE1'),
(69, 'BLUE SQUARE1'),
(70, 'BLUE SQUARE1'),
(71, 'BLUE SQUARE1'),
(72, 'BLUE SQUARE1'),
(73, 'BLUE SQUARE1'),
(74, 'BLUE SQUARE1'),
(75, 'BLUE SQUARE1'),
(76, 'BLUE SQUARE1'),
(77, 'BLUE SQUARE1'),
(78, 'BLUE SQUARE1'),
(79, 'BLUE SQUARE1'),
(80, 'BLUE SQUARE1'),
(81, 'BLUE SQUARE1'),
(82, 'BLUE SQUARE1'),
(83, 'BLUE SQUARE1'),
(84, 'BLUE SQUARE1'),
(85, 'BLUE SQUARE1'),
(86, 'BLUE SQUARE1'),
(87, 'BLUE SQUARE1'),
(88, 'BLUE SQUARE1'),
(89, 'BLUE SQUARE1'),
(90, 'BLUE SQUARE1'),
(91, 'BLUE SQUARE1'),
(92, 'BLUE SQUARE1'),
(93, 'BLUE SQUARE1'),
(94, 'BLUE SQUARE1'),
(95, 'BLUE SQUARE1'),
(96, 'BLUE SQUARE1'),
(97, 'BLUE SQUARE1'),
(98, 'BLUE SQUARE1'),
(99, 'BLUE SQUARE1'),
(100, 'BLUE SQUARE1'),
(101, 'BLUE SQUARE1'),
(102, 'BLUE SQUARE1'),
(103, 'BLUE SQUARE1'),
(104, 'BLUE SQUARE1'),
(105, 'BLUE SQUARE1'),
(106, 'BLUE SQUARE1'),
(107, 'BLUE SQUARE1'),
(108, 'BLUE SQUARE1'),
(109, 'BLUE SQUARE1'),
(110, 'BLUE SQUARE1'),
(111, 'BLUE SQUARE1'),
(112, 'BLUE SQUARE1'),
(113, 'BLUE SQUARE1'),
(114, 'BLUE SQUARE1'),
(115, 'BLUE SQUARE1'),
(116, 'BLUE SQUARE1'),
(117, 'BLUE SQUARE1'),
(118, 'BLUE SQUARE1'),
(119, 'BLUE SQUARE1'),
(120, 'BLUE SQUARE1'),
(121, 'BLUE SQUARE1'),
(122, 'BLUE SQUARE1'),
(123, 'BLUE SQUARE1'),
(124, 'BLUE SQUARE1'),
(125, 'BLUE SQUARE1'),
(126, 'BLUE SQUARE1'),
(127, 'BLUE SQUARE1'),
(128, 'BLUE SQUARE1');

-- --------------------------------------------------------

--
-- Table structure for table `order_used_categories`
--

CREATE TABLE `order_used_categories` (
  `category_id` bigint(20) NOT NULL,
  `category_name` varchar(255) DEFAULT NULL,
  `cgst` decimal(19,2) DEFAULT NULL,
  `hsn_code` varchar(255) DEFAULT NULL,
  `igst` decimal(19,2) DEFAULT NULL,
  `sgst` decimal(19,2) DEFAULT NULL
) ENGINE=InnoDB DEFAULT CHARSET=latin1;

--
-- Dumping data for table `order_used_categories`
--

INSERT INTO `order_used_categories` (`category_id`, `category_name`, `cgst`, `hsn_code`, `igst`, `sgst`) VALUES
(1, 'KEYBOARD', '9.00', '8471', '18.00', '9.00'),
(2, 'KEYBOARD', '9.00', '8471', '18.00', '9.00'),
(3, 'KEYBOARD', '9.00', '8471', '18.00', '9.00'),
(4, 'KEYBOARD', '9.00', '8471', '18.00', '9.00'),
(5, 'MOUSE', '9.00', '8472', '18.00', '9.00'),
(6, 'KEYBOARD', '9.00', '8471', '18.00', '9.00'),
(7, 'KEYBOARD', '9.00', '8471', '18.00', '9.00'),
(8, 'MOUSE', '9.00', '8472', '18.00', '9.00'),
(9, 'SPIKE GUARD', '9.00', '8536', '18.00', '9.00'),
(10, 'MOUSE', '9.00', '8472', '18.00', '9.00'),
(11, 'KEYBOARD', '9.00', '8471', '18.00', '9.00'),
(12, 'KEYBOARD', '9.00', '8471', '18.00', '9.00'),
(13, 'SPIKE GUARD', '9.00', '8536', '18.00', '9.00'),
(14, 'MOUSE', '9.00', '8472', '18.00', '9.00'),
(15, 'SPIKE GUARD', '9.00', '8536', '18.00', '9.00'),
(16, 'KEYBOARD', '9.00', '8471', '18.00', '9.00'),
(17, 'MOUSE', '9.00', '8472', '18.00', '9.00'),
(18, 'MOUSE', '9.00', '8472', '18.00', '9.00'),
(19, 'MOUSE', '9.00', '8472', '18.00', '9.00'),
(20, 'MOUSE', '9.00', '8472', '18.00', '9.00'),
(21, 'KEYBOARD', '9.00', '8471', '18.00', '9.00'),
(22, 'KEYBOARD', '9.00', '8471', '18.00', '9.00'),
(23, 'KEYBOARD', '9.00', '8471', '18.00', '9.00'),
(24, 'KEYBOARD', '9.00', '8471', '18.00', '9.00'),
(25, 'KEYBOARD', '9.00', '8471', '18.00', '9.00'),
(26, 'KEYBOARD', '9.00', '8471', '18.00', '9.00'),
(27, 'KEYBOARD', '9.00', '8471', '18.00', '9.00'),
(28, 'KEYBOARD', '9.00', '8471', '18.00', '9.00'),
(29, 'MOUSE', '9.00', '8472', '18.00', '9.00'),
(30, 'KEYBOARD', '9.00', '8471', '18.00', '9.00'),
(31, 'MOUSE', '9.00', '8472', '18.00', '9.00'),
(32, 'KEYBOARD', '6.00', '8471', '12.00', '6.00'),
(37, 'KEYBOARD', '6.00', '8471', '12.00', '6.00'),
(38, 'SPIKE GUARD', '6.00', '8536', '12.00', '6.00'),
(39, 'MOUSE', '9.00', '8472', '18.00', '9.00'),
(40, 'KEYBOARD', '6.00', '8471', '12.00', '6.00'),
(41, 'KEYBOARD', '6.00', '8471', '12.00', '6.00'),
(47, 'KEYBOARD', '6.00', '8471', '12.00', '6.00'),
(48, 'SPIKE GUARD', '6.00', '8536', '12.00', '6.00'),
(49, 'MOUSE', '9.00', '8472', '18.00', '9.00'),
(50, 'KEYBOARD', '6.00', '8471', '12.00', '6.00'),
(51, 'SPIKE GUARD', '6.00', '8536', '12.00', '6.00'),
(59, 'KEYBOARD', '6.00', '8471', '12.00', '6.00'),
(69, 'SPIKE GUARD', '6.00', '8536', '12.00', '6.00'),
(70, 'KEYBOARD', '6.00', '8471', '12.00', '6.00'),
(71, 'KEYBOARD', '6.00', '8471', '12.00', '6.00'),
(72, 'CABLES', '9.00', '8544', '18.00', '9.00'),
(73, 'KEYBOARD', '6.00', '8471', '12.00', '6.00'),
(74, 'KEYBOARD', '6.00', '8471', '12.00', '6.00'),
(75, 'KEYBOARD', '6.00', '8471', '12.00', '6.00'),
(76, 'KEYBOARD', '6.00', '8471', '12.00', '6.00'),
(77, 'MOUSE', '9.00', '8472', '18.00', '9.00'),
(78, 'KEYBOARD', '6.00', '8471', '12.00', '6.00'),
(79, 'KEYBOARD', '6.00', '8471', '12.00', '6.00'),
(80, 'KEYBOARD', '6.00', '8471', '12.00', '6.00'),
(81, 'KEYBOARD', '6.00', '8471', '12.00', '6.00'),
(82, 'MOUSE', '9.00', '8472', '18.00', '9.00'),
(83, 'KEYBOARD', '6.00', '8471', '12.00', '6.00'),
(84, 'SPIKE GUARD', '6.00', '8536', '12.00', '6.00'),
(85, 'SPIKE GUARD', '6.00', '8536', '12.00', '6.00'),
(86, 'MOUSE', '9.00', '8472', '18.00', '9.00'),
(87, 'MOUSE', '9.00', '8472', '18.00', '9.00'),
(88, 'SPIKE GUARD', '6.00', '8536', '12.00', '6.00'),
(89, 'SPIKE GUARD', '6.00', '8536', '12.00', '6.00'),
(90, 'SPIKE GUARD', '6.00', '8536', '12.00', '6.00'),
(91, 'MOUSE', '9.00', '8472', '18.00', '9.00'),
(92, 'SPIKE GUARD', '6.00', '8536', '12.00', '6.00'),
(93, 'KEYBOARD', '6.00', '8471', '12.00', '6.00'),
(94, 'SPIKE GUARD', '6.00', '8536', '12.00', '6.00'),
(95, 'SPIKE GUARD', '6.00', '8536', '12.00', '6.00'),
(96, 'SPIKE GUARD', '6.00', '8536', '12.00', '6.00'),
(97, 'SPIKE GUARD', '6.00', '8536', '12.00', '6.00'),
(98, 'MOUSE', '9.00', '8472', '18.00', '9.00'),
(99, 'KEYBOARD', '6.00', '8471', '12.00', '6.00'),
(100, 'MOUSE', '9.00', '8472', '18.00', '9.00'),
(101, 'KEYBOARD', '6.00', '8471', '12.00', '6.00'),
(102, 'MOUSE', '9.00', '8472', '18.00', '9.00'),
(103, 'KEYBOARD', '6.00', '8471', '12.00', '6.00'),
(104, 'KEYBOARD', '6.00', '8471', '12.00', '6.00'),
(105, 'KEYBOARD', '6.00', '8471', '12.00', '6.00'),
(106, 'SPIKE GUARD', '6.00', '8536', '12.00', '6.00'),
(107, 'MOUSE', '9.00', '8472', '18.00', '9.00'),
(108, 'MOUSE', '9.00', '8472', '18.00', '9.00'),
(109, 'SPIKE GUARD', '6.00', '8536', '12.00', '6.00'),
(110, 'CABLES', '9.00', '8544', '18.00', '9.00'),
(111, 'KEYBOARD', '6.00', '8471', '12.00', '6.00'),
(112, 'CABLES', '9.00', '8544', '18.00', '9.00'),
(113, 'SMPS', '9.00', '8504', '18.00', '9.00'),
(114, 'CABLES', '9.00', '8544', '18.00', '9.00'),
(115, 'SMPS', '9.00', '8504', '18.00', '9.00'),
(116, 'SPIKE GUARD', '6.00', '8536', '12.00', '6.00'),
(117, 'SPIKE GUARD', '6.00', '8536', '12.00', '6.00'),
(118, 'SPIKE GUARD', '6.00', '8536', '12.00', '6.00'),
(119, 'KEYBOARD', '6.00', '8471', '12.00', '6.00'),
(120, 'MOUSE', '9.00', '8472', '18.00', '9.00'),
(121, 'KEYBOARD', '6.00', '8471', '12.00', '6.00'),
(122, 'KEYBOARD', '6.00', '8471', '12.00', '6.00'),
(123, 'KEYBOARD', '6.00', '8471', '12.00', '6.00'),
(124, 'MOUSE', '9.00', '8472', '18.00', '9.00'),
(125, 'MOUSE', '9.00', '8472', '18.00', '9.00'),
(126, 'MOUSE', '9.00', '8472', '18.00', '9.00'),
(127, 'KEYBOARD', '6.00', '8471', '12.00', '6.00'),
(128, 'KEYBOARD', '6.00', '8471', '12.00', '6.00');

-- --------------------------------------------------------

--
-- Table structure for table `order_used_product`
--

CREATE TABLE `order_used_product` (
  `product_id` bigint(20) NOT NULL,
  `current_quantity` bigint(20) DEFAULT NULL,
  `product_code` varchar(255) DEFAULT NULL,
  `product_image` longblob,
  `product_name` varchar(255) DEFAULT NULL,
  `rate` decimal(19,2) DEFAULT NULL,
  `threshold` bigint(20) DEFAULT NULL,
  `brand_id` bigint(20) DEFAULT NULL,
  `category_id` bigint(20) DEFAULT NULL,
  `product_entity_id` bigint(20) DEFAULT NULL,
  `damage_quantity` bigint(20) DEFAULT NULL,
  `product_content_type` varchar(255) DEFAULT NULL
) ENGINE=InnoDB DEFAULT CHARSET=latin1;

--
-- Dumping data for table `order_used_product`
--

INSERT INTO `order_used_product` (`product_id`, `current_quantity`, `product_code`, `product_image`, `product_name`, `rate`, `threshold`, `brand_id`, `category_id`, `product_entity_id`, `damage_quantity`, `product_content_type`) VALUES
(1, 2, '8471', 0x322e20627573696e657373206c69737420656e61626c652064697361626c650d0a332e20737570706c6965722072656d6f76652070726f647563742e2e2e6164642e2e2e2e757064617465202e2e2e70726576696f75732070726f647563742069732067657474696e672064656c657465640d0a342e206e6f207265706f727473206172652067657474696e672067656e65726174656420696e205265706f7274730d0a352e206170702d2d2d20696e6974696c6c79206973737565207175616e746974792073686f756c642062652073616d65206173206f72657265642071747920616e64206564697461626c650d0a362e206170702d2d2d2073686f702069642073686f756c642062652076697369626c650d0a372e206170702d2d2d686f6d6520627574746f6e206f6e206561636820706167650d0a382e2062696c6c2073686f7564206265206d616465206f6e2069737375650d0a392e20666f72207468652073616d652048534e20636f64652074617861626c6520616d6f756e74206973206e6f742061646465640d0a31302e20646966666572656e742061746220666f722062696c6c0d0a31312e206c6f616465722069737375652073686f756c6420676574207265736f6c7665640d0a31322e206e617669676174696f6e2073686f756c6420626520656e61626c65206f72206170702077696c6c206e6f7420776f726b0d0a31332e20726f75746520747261636b696e670d0a31342e2072656d6f766520475354206e6f2e2c74656c6550686f6e65206e6f2e20636f6d70756c74696f6e2066726f6d2041646420427573696e6573730d0a31352e206d756c7469706c6520696e76656e746f7279202d2d2d2d3e3e207061796d656e7420646174652c206272616e642063617465676f72792c2070726f647563742073686f756c64206e6f742067657420636c65617265640d0a, 'Blue keyboard USB MINI', '224.58', 10, 1, 1, 52, 0, NULL);
INSERT INTO `order_used_product` (`product_id`, `current_quantity`, `product_code`, `product_image`, `product_name`, `rate`, `threshold`, `brand_id`, `category_id`, `product_entity_id`, `damage_quantity`, `product_content_type`) VALUES
(2, 138, '', 0xffd8ffe000104a46494600010101004800480000ffdb00430006040506050406060506070706080a100a0a09090a140e0f0c1017141818171416161a1d251f1a1b231c1616202c20232627292a29191f2d302d283025282928ffdb0043010707070a080a130a0a13281a161a2828282828282828282828282828282828282828282828282828282828282828282828282828282828282828282828282828ffc0001108015e027103012200021101031101ffc4001c0000020203010100000000000000000000040503060102070008ffc4004010000202020103030303020404030705010102000304112105123106415113226114327107421523819152a1b1c133d1e10824538292f0f11625346272b2ffc4001b01000203010101000000000000000000000304010205000607ffc40033110002020103030301060505010000000000010203110412210531411322516106143271819123a1c1d1f0154252b1e133ffda000c03010002110311003f00e3f8b66888da8b36221c46dc718ded336c3d9e9a630563241b98c74dc3aba37ed17dc6c5330328c67be918dabc5d8f13cf887e259487216204c40418d1012a20f4e390de233c6a49d4b6f2d6c93590ae95493609d23d3757685dca8f47c5fb81d4be748515a890e793cff50b38c22db87c2099ca40eb03a725557cc93f52afef2ade4f32eb96ec8a333106c9d455757d9b968b806588fa826b7a8bd90c8ed126f8625b6c22671eed9e64592399054da6909611a0e1988dad21ab92f45a07d707f3015b3bb42583a153b6066874f866cc991ac7b20d16fc01aac43e0988ba410bf69b33ee612e4d19605978e1d4ec43cf891b8d89d09345648e71eace829915390a37388fa9fa1b62dcc42e84fa7fa954ac8773967ad7a7d6cae7b46e398564391669c5f07086aca31044caec46fd4f17b2d6d0f78b8d64449f0ce6b26f41e443eb5d8815034dcc6359e24a9147046a76a66caf23b9a43dfa844c5e4b0f01a2c13c5c40fea4f7d49392380a2fccc7d4829b2643cedc51c50586066eb0646932349dc46c0aafcc2e9e0c011a135d93b257b0ceb69306805564215f72c990c24d9a12dfe8ccb1f55413292dbed30ce819e71b35413a1b978496704e1ae4e8deb6a8ddd31c8e7ed9f2afadaa3565dbbe399f5a332f51e9440209ed9f38ff0055ba3d946458ca875b9d7c7da12a97f15338f1626fd0f9977f4be19b0a92256ba774e7b7286c1f33a6fa7707e856bc4f39d4356a95c1eaf45a7763e4b0f4dc25441b0238ad1547103c73a021d5733c76ab5965afb9e9b4fa78c11bfd3d89eaf18b583509ad771af4ac26b6d5e388845ca72db1ee333946b8e58dba0e35894823708ea2f62820ee597a4e004a06c7b40face103bd09e9a7a1b23a75b4f3eb55095af2526fbac1b23720aba85a8da24c7e7a7776f620397d396bd9d40e9f4b647dcc62cd454d6d16750cc6b6a20995b4a03e58623de39ea03b01022bc771fa803f334e1cbc3139cb6c783aafa194256baf89d12a3b4139b7a3ac0157997da6fed51ccdca562263cde6416c421dcdd195c79112f57cd34e3b38f69451eb734e7fd276f79794a31ee4c2b94ff09d42d5ed1b101b328237dc62fc5f50539189de586f529fea1f517d2b4f6180b6f8d6b216ba253783a563e4ab2f044c96db7139af40f548b1c2bb4be74fcdaef50410773abba36aca22ca655bc31b52c6100ee4150040d49c086026d3463a137f68a7aae6ae303b3a9594945659318b93c209b32154f2669fac507ccaad9d40dcff006985d459977b882d7a72c21c5a5c2cb1f5d988535b89b2ac0cc4c81cb7ccc6b6a62daab9d8b01aaa9401b2184d3172cd6e3991e5920c0d092f321c9c1e50fa829470cb9e1e59b10487aaa0ba86046f620fd27f60dc32fd11a9b55df355e5b32675c7760e41ea7e9ef5decea3de2ec0c8ed60af3a6f58e9cb7a36d7739bf5cc36c3b4b01a10ba4d7b94b6cc4b55a158df0187d45f99e95bfd79f99e9abeac4cef4a5f0712c5fb58031e620dea7bae7487e9d94415206e6dd3f9d4ccd445c1b4cf6da5b93591de0d5bd4778d8bb0388074d4dea59f06a1da22127c9a70d460829c3e3c491b0b63c47155435e24a6a1af1232311d495ffd168f8856363f691b118b54268da41ed29b985fbc392c07e032d7a8ee9ea0b5af994abb3be90f31764f5b2be1a163960beeaee6745b7ad2aff74970fac87703ba724b3adb337ee31a749eaac587dd2ee2d047d31289d929cd0e9e60d996070655fa77516651cc68327b9793263172322cd3fa3220ca1adc00b69a119778e798b9ed1bf30ca8f92d19e5610cb1db6c372d5d1f252b03665153242fbc2eaea4507063743548bdfa395e8ea74f51ac28fb84217a8d67fb84e4e7acb8feff00f9c969eb7603fbe32f551145d0e6fb1d57f5a87dc4d5f2d35c1139d55d62c6fee326ff0015b35e4caad5d6bb839f45b116bea398a10f339afab7395832c659bd4ec65236654baaabdec49d9867afad2c4403e897772a19c9f56c275165d8df8965bb14a9f104b31c7c4a2b14b933eed34a0f12457be89532404811a598df883be3cba6272ada006d9323221cd47e246d41974c5a5060677304984b527e2686a3f127251c4837320cdcd7f89e1599d92bb4ca34211a42b59dc9ebaccb64ae0955a115927534aa827da1f8f8a78d893928e1293334293185549d4df1f1f5ad88725600957318ab4adf7026af4b14e5b9a6d0c0eb51e64680310f541b060f78ead3a4b05fbd17d78322d5637e249eb8e815755c56b1141244e5981d45f0b2010c40dcea3e99f50579948aed60763de395cd5b1daccfba0e99e7c1c85fd3a70328ed3437f11be2d6100004e9dd77a2559559b2a5077f12859dd3acc5b0fda753c7758d1d90939783d674ad642c8a5e4da9e2194b7222caecd0e61587606b409e55d6e4f07a38d9b564b3749c337b0e2740e87d255154912b9e9a450149d4bf6158a106a7a7e95d3615fbe5dcc0d7eba537b576095a8569a0225ead605d831dd968ec950ebf91a63a336b538843833a9f748d16c53b8bba8fdc0ea414e49df26496d81c4453538e034b31655fa9d44ef8880ab5776c4b967d4a54c416e382e64469c3e0bbb72b038e81d63f4dda18ea5e7a7f5a17a8fba726b10a37db1cf4ccf6c7a892668d72715c8935965ffaf755ad709d598789c53ac64777522e87de32ebbd6ecbdca063fef13e2d3f5ee04fb9989d435ed4b6aec7a7e97a48c63ba45b7a1e75ef4050c75a84e46135e497d9dcdfa1632d68bc47c513f110b357be38c849d6a13ca4539f0adc5b3babd8d4b0f44ebd76332ab930eb284b06b5344e8aaec081a93a6d44d492883ba30947de8e83d07ab7eaab53be6592b6d81297e9dc65c750372e18e76a27ada9b714d9e6ed8a8c9e09cf8948f587d42e7b772eaee157932a7ea3657262dae7fc26174bff00d132bdd314800b79961c761da04ae53705b351de2b7728d19e7b4b672cd6ba3e426f5e362400e868984904ac12c521a1ad934f2063cf00972176995a15344c9d8841b300cdcb03c40a5149b619372e10fb05876f10cd77443d1f2bbc81b8ff00bc05dc7b4ed4e3c895b171911dd50287739bfaf912ba1d86a5f73f396badb99c8bfa85d58355600d29a8b615b5b7b85d3d32b739291fabfccf4ad7eb4fccf4bfde2447dcd1d7ff00aa1e961f7d95a7e78138f575363de5186b467d81ea6e9099d8cea57675380fac7d256e3643d95d640defc4f43aba7d58ef8f712d0ea363d922bfd2dc6c4b5e0d83b44a5e387c67ed7046a583072b81ccc09c5a7c9b6a59ec5a2b71a929b06a264cb007998b33801e60b0315b632b6e03de2ecccb550798b32fa8e81e621ea1d4ce8fdd2d08658fd51c85f52cfe4e8c457e59663cc5d979e589e60b5dc5da3b0ab08d4a7da37a9cbb8e6593a3a1d8dc41d369ee209967c3d54a0cb6cdc5351ad505b5168c1b456a366196755445d774a95d9c5574a62cbb35d9b9630d18a8231dd72be5965b727aa86de9a016754d7bcaeb6610bc9805dd436dc19cde4d2d36857c16e5ea9b3fba1033b63cca18cd6df061d8bd476344cabc9a2f44a2b25a4e79eef327af348f26576bbbb8ef7257bfb57cc5e4d8c57a78be0b7e0e7ec8e63fc5b858a399cd31331c3f1bd4b5748cc66d6e2f6317d568f0b28b3598e1c6c08bf27108f68eb018588370abb103af889bb1a7c18bebfa72daca3e4e2820f113e550509e25e72b048274225ea1804a9e239a7d5ed7860759a4af530cc7b9542a0cd4d1dded0ac8a1aab0ec49a85066cc679594790ba8d927190adf1f5ed207ac0f22591b19597c4579b8a46f42114c5a55262a35833dfa7dcd8828dcc22820c9de0fd04c0ce2fe263f49f88e56b5227be889dbc8fbba142e2fe24f5e3eb5c466940f692fe9bf13bd43969a2074d2043e9550041dd4a19a8bfb7de46f2f1a22866a409ad97003cc5e2f3f334b2ed0f33b96152489afbb7ef16669ee53317dff009833d8594c948ab624cf3dac4893747eab6625cba623fd645d457cc50188792a4e3ca052ad4f891dbfd37ea45bab54b5b7edcc7b9b838fd42a2c9ad9138874acd7a88218897ae89ea37abb55db88756d7a85b2c33eda2dd23df5f63dd67a259416640621c677a3200704733a3af51c7ceab4e549311f52e8e96317ab531b57d07ddea546a68fed0c5af4ed1af40cd02b5e65aa8ea810005a737a45b863df89eb3ad3a1d313214654ac341b7c2e798b3a97f8b065fdd13751b45e4f329b475bdff74618dd445a4732b2b77ac32d186d794196294f1057c9743ef18d605c26b66006f020363cfb436e4fb8aafc8664e628bafd3cb067620aea26533a85df4ed2213738f721414bb06bd9dd22bb20d7591b81539835c981752cc1da74634a69c720141a910e45c1add931af49652e366536ecc3f53cc69d33a80523998dabd32b1336f4f7ca0b0753e9f72041cc61f5c1f0651fa567b5aca034b862d45aa0c662cf4b38fe11e5745fe21c6069c8263955d2f11374d1a31c1b5517930f442552cb15ba4a6f08df1ef74b401bd4b8f4b72f4827e252a8b51ac07896de957a8ac0dcf45d32f73586ccbd6578e5236ea96ba83a956ea2cf603b968ea5623af04188adac36c6a535d972c265b4ad259c158ed6fabfeb2c1d294903734fd06db604638957d3f6993a7a24acdcc72eb538e10491a12074061647748d92684e1b84a32c0ab31480752bbd40904cb66528ec3b957ea2a1ac2045adae3143fa79659bf49b4ab031d5d9fdb5f995ea1854bb81f50ea3a5201e62376a3d15b62cbcaaf525937ebfd5fe9d4df77b4e47ea4cab33ee645d9d9969eaad7e63955d9dc27a07a55aeb95ed43e7de33a1d15bab9a935c15bf5d4e8ab7cf2732ff0002bffe033d3bff00ff00a5e9ff00804f4f4ffe9479cff5e3ad3a061a310f5ae854e6d6c19012658019960088dc66e2570706f54fa24a33bd49fed2819585760d84303c4fa9ba86225d590ca0ce5feb1f4fd67bd9560efd346d8ee5dc6f4fab941e2472519640e4c1afcd3f30eeabd3da976d095fc9add7d8cc6952e2f0cdda6f52594632b2c907989336f2dbe615786e62ebd189f12f0860d185b8027625bcc33a7aedc13046420f22158ce123514d933d6b8ac16ac17545109b73801a0656973b5c6e6eb91dede64be0ad0bd57ba43a3965e44d76b9305461dbe60f9161f00ca3e4d4a9453c04646402340c099b990963ef31dd21bc1b146d4b825efd4d92c2a78322452cc00049f812efe95fe9ef57ebfdaf5d46aa8ff7309cb32ec16fd555a78efba4922bd8b9aca3930aab24dae06e754abfa1b91f4416cc02cd7895fcdfe98f59e99d412a15fd5463c3a89d3ada59684f4fd73a7d8da8cd64518350204b1f4e409a225b3a27f4caff00a4ad94e54fc46597e81b71ab2d459dc47b40cb4d36b38336debfa4b25b378bfa3bec812cf4d41ab953a69bb02f097a95225a3a7e4074132e71dada6666b567df1ec47938c34788a72f141078965750c2019146e2bbb0c0537b450babe06c12a224a6a64b3444e819b8a0ec111065e1857d81ccddd05b95b58af54a94e3ea441b1e8ee5e66b95840a98cb1ba7e53aeeba9888453d3b2eed815371f89ab8479cc944cfc02092045c11ea6e44ea167a632eeafb8d7a89ba9fa57268acbb5648fe255b8fc929b2a09780399bae483c6e673708d648d104451697a9b993b4edc58f1ad53adc635856594ea33fb3de38c1ea41c81b92910e436bb17bc70201760383c0961e9ddb681b8e060a3a6f425f6e48dc73ab68b2bf20c12c0e4eb997bea1d3d39fb624b30007f13b183b392bd5e1bda7910d1d348af6447b8d8c89ad8109b8562b2389c460e6fd671cd7b959b387979f51a021b528d943561956880dc37f1190bca0d8312e23730e66fb22ed6241db528e18e70bacd94b0fb8cb4f4df5087003b09cccbe9bcc96bcb6acf0669537ca3c33ceeb74509bcae19d8eac8c7cb4e75cc1333a2a5db6ae73cc1eb765447dc659ba77a9c8d0731b71aaefc48caf52fd2bcc5f04b93d1afa7657733d3d2faad01818f713ae6364001c88ca85c4b8823b625774a8cb980fe9fed0493c584fd249641b8e553ede64185554a076910d6d76f1107a0b2b36abea94dbe44fd4d3bab602737ebf8ecb6b1d4ea3949dc0caa75dc0ef563a8adb44bca3468d4c1f66739b6d6ac1f68a7332c9d82636eb6a69761da65572ec249e0c0a8c970c6b745f28c5b6f3e66d8b7b1b4053ef165961df327e9b90ab949ddf32b25c178b79c1d4fd2b8b6b847d19d028360a8268c47e83c8c6b31901d6f53a26162516107881a946ccf25ac7287716e0ab226da0f9d91616d26e5833b1552b3d915e1502cc8d38f780d568dcd28c584a350a2f748d7a4d77d8c360cb196b71eae370fc2c7a29ac1d082752ccab4546a5a3a47a3ab3bb9225a957cf1804a732cb1f4c630ac776a24aed536f1a8f70ec508366034f6cee7ee64de943b0763d435c8929a175c411b2953de48998ac3ccd38edc6045b7dc9457a9ad9a026e96a9106cbb7ed3a97753c7057d44bb80750b0052256b2016b0c7590965ac4733d474c2c76d157d3eebdfc078ebeaa5772b76d7638d283224e8d65edf7032ef5f4fa6b1b6d4c5b75148e351ed3f42af72959cb33755d6e49623c15ec2f4ed55e99d446cab462a69401a8365f531c8589b2b31df7ccf4ba7d2c6b588ac1e4759d45cde5bc8f7f5ebf227a55beb37c99e8d7a4677df247660678b803cc85dfb4457d43a82d20f331e35b93e0f70e780dcaca550766543d419096ab0e207d53ae004fdd2b797d50da4e8c3492ad130cc9e44dd67155ddb425672ba706278968c8b0b9d982b2063c8885915263d55b2814ebba483ed02bba400092b2f6d8ea7da079b8c5ab29521773e028d983f490d2d648e57d62b5a09d711425dbe04e9abfd33f517a8727fcbc638d413fbec1a9d0fd31fd17e8fd112abbac5af99967c21e165947e0b3d52ef26718f497a37abfa9b2026152457ef630d013aff44fe856915ba97506dfb8ac4ea7d130b13a6eabc6ad2b51e1504b2520b0d9e24aad79292ea56ae2be11cd313fa33d029402d7c8b4fc96d49dbfa3be9a3e6abfff00ae74b55e3ccd82896f4e3f001ebb50ff00dece5195fd15f4f5a8454d9159f90db959eadfd092367a6f513fff009b1677d2b305643ae2fc07abab6b2a798cd9c7fd1bfd25c1e956adbd449c8bc73c8e275ac0c4a71695ae8454503400124280f91361c78968c6315842da9d5ddaa96fba5964b30e8adad80489853b9b491733a02417107ed9ebdca01f10777fbbccab659214fa93a4559986cc00160e4194de9ced5b9adf8653a9d1caada077ecea0991d1f0ef7ef35056f95e267eab472bde63846a693a82a60eab32d7fd08e93dca261abd98faae914a700b1fe60b9d82687daf286646a3a7dd547d468243575ce588b2b99d47da48114e263d7667aadde372d5751dea6277c409901cf047894d2dae3621df514ea945961ad6aaa90115400219875d657b954731225c7e9e8993e367fd1d03e27a377a4f93cefa6c73b5fa9dbad4cd98d5daa55d41066b5babf6b0f30953dc273e4af6295d73d118b94b6d94ed6c3c8138ff005ee877e2655945b59d8f7d4fa58c53d4ba2e2e67735952973efa92ac713b6e4f983fc26c2fc031bf4ee94e84120ee767abd1f87558c5d01d991677a62a44de3a7328b5b0ddb5ac17f41e329943c046a00dc6a9d4828ed91f50a1b1ac35d8bda6075d219f71e8bcaca1592e4681ff00503c48adc1d8d810ce9e88a06e34d5457da4b472651f3aab2a07b4189adb2eee20ee742cbc5aeddf0228bfa5a6c9d48c16ce4e7bd56b67ac92252fa857db619d5face005a9b42738eb3476d8d2ace1363b69a321f72450c7b1a174646868ca4a3e51ca7e0f5dc3484bcdefb437881b3f30d5a33f532c20a16185e3dadf31621dc2a96d11188f0663e5f238ab36ca88d318e707ae5b591f71959076049aa6d6a355cd99da9d3c5bec742c1f5458a06d818f31bd52a40ef9cb6b73af3275b9d7c3461493ee20ea9c7f0b3ae55d768b472c26f6dd8f92baee1cce495e75aa7f74368eb16a7f7191b212ee8b2bf515f665c7a87a728cb62411cc4f91e85adc1ed02418fea0b575f798cb1fd4b60d6cee525a4aa5e0343aaea2bf2caf64ff004f98efb562bb3fa7b90967722b4e8d4fa954fee0231c7ebd8efad8581974fa9f81cabafde9fe22afe97e859783da0f7684e8bd34df5a8eedc068eb18df0b0eabab639f1a9996742a9cb31e0d8afed2dbb712e46c6e77af4d044564b3b8091af54a4fb89baf51a3e44bc3a4c63dd932ebb29780e397694d08ab26bbed7279862750a3e449abea18e0f3a9d774a85ab1226aeb538bca17e361de181d18eb1eab828077329d53180e3536ff0018a478d4157d26aabb20f2eaf3b3bb376c6b1be64f8d8acbe4c09faca8f105b7ad1f68cc74505e004fa8bf92c8aa15796905f6d63cb0956b7ad58dc0304b7a85afe4c663a5484acea4df62d2f9b527c41edeaeabbed9556c8763e663b89f261d52908cf5b37d87791d5ddb6018b6ecab2c3c983cdbda1631485676ca7dd9e624f9905ada12476e20b6926150a4967823effe67a69a33d27722be8c8ed394dda8673cf57f52fd386d34b8f59ce5a29624f8138afac7ab7ea721d50f1b99317e9c7733e8318ef9600f2baab5d61fbb89263e406f2655bea377f118e1dcc35b884ed727c8f46b49163d82246ec04046569630f4fe13756ce5a87711be540f2242793bb12f4bc1c8ea77fd3a1743dd8f813a8fa27d2f8d8486fb505b69fee61ff4928e89474fe9e94e30eced1dd630f27f12cbd2b4b895a0fddad996c61e01b79092b5d637a0008b7331ebc956c8efd300403e66dd51ecac3907ed0371674ec96282b3c961fed393f0411f48c5ec767625893e4c7c8788356151468422b20f8f3252c1cc901e26e18cd04d84e20d8319b6e6826c271c64733c44c8999c71a73ed3753b9ed4c6b5e271c66c40e8418a196caec2a549d7831c03b106cbd687cca4a392c9e016a240fba4aadcf990702495f265136732757ede77c4f160c87637b90d809e7d84c125546cec4b6591803caa807275a062acca468923c461d533531d17bb9d98a6fcd4bd4aa83b331afd14bd5df05c31fa35092e7b8156ed61d229d6f508fd05eeeaae0aee478b6ddfacac538969a53cb11ad9963b2d7b6ad0acf77f2388f42b8d89e73c029c9c5e7e48f07a7df428eebbb87c42839af87e07cc002f520085d6bdb913d7a751b69edfa4a1bf9959cd417b212e3e8428e5f2d0c45abadf7091599d5280430222a5c6cf1aeea8961f9e264e2e515d1c7d6ff22293d4dee3ec835fa30b1aab4f990c45e961f337e35a1e0c4b657918b4317a9b8e60dd3fac5a2eecbc015b1d29f88bad538b51bd6d6c37a1959ade520bea7d1a8ce7dba0d8f7948eb1d35ba6e515d1ec3e2753a46d47e62cebbd2c6763bd7a1f53d8cd2d36ea5e7394276e26b18e4e596e71a7c41ffc6dc1f30feb7d0f270b9bd4689e08890611277a9aaa49aca12c63b8e717aa1b08dc622dfa8bb88f1310a9f11d63d7a5024e4815f56a7beb6e2733f51629576e2762c8a03d644a07aab0b418ea55928e57949a260bdc57c46bd46bed731532edb4272073467b899a9077cc6189845d76448f369158848312d42ca0743cc22b6e608a64ea7c42a33986a36c422b6802b6a154b4345e004d6e0fadb526d82388123494346131394704ad32a645dd36532c81b2752449ebb0fcc1819221974c04906a5a4426bbd87bc050f1084f1089827141f5653a9fdc61f4e659ff001189c1e619411a9ccb56f9c0debcdb07b993a66d9f262c493a9e20c71219266b9fee3265cbb3fe2316d664eb3b0764635e539fee30cc7b9891c98a2b6d186e3be8894920d5c874a763cccb27121c67eed43c26d605bc0da8ee16b8d19886b51b321b2aed30b19a627652d724426e0cc6b5ed31ccbe45dc706e0cc334d76668764cb64ae19866dcf10029dc952ae36603d42e15a91b8394fc218a68c7ba47bbc7ccf44ffaafccf416e637e9af83a17ac721c633f69f69c7f2d5acb989e799d8bd4d4fd4a5bf89cbb2e9ecbd811ef16d4ae11ea296285c6db432aa3b449d1003373ecaa364ccc9771d4f81afa7ba460e623ddd5724d14ec25614f2cc6743e89d26be9fd6b1f0ba6804a561adb7df5f139efa7ba064e6758afebe42574d0064147f71be07f26765e9386bd36bb3a8dfb16dea0d9bfed1ec04b473db00e58f908ccc954bd719c2fdc7924fb42ba65b55f6d8d49fb5405e3c4abfa830ee61faea2c6b56de78fed1a8dfd21897e3e08368eddf2013cffac85649cf6b4438a51ca63ab54b964650762204c5b29ccedac1209258fc47b901bea9643b217f6890d07e86293601f51cecee5df25570448416edf884a702098c87bcb160493e04380964733226c2600d4d84838c89902604d84e38c8991302644e38ccf4f4f4e38c1100caadc313fb81ff0094613046e73593bb091ac1bd0049fc4deb67f2388d4d487d84d4d435c6a5540e72030cc3963b91e8ebdcc38d334b42d4859f400845144658b7231d6e4edb5415f8320fa35523c2a81246cbb321d97193407f711c4c3f4bfaf607b8b3ebc0df128e5c7b164ba8e3f17068b750472e5bf0a370bc760e40aaa3af7df9108c1c14c753dc011ed09e17851a139293ee4bdbe08c54dae648a87de6430f7990e3e65c199083e267b44c861f330d6003cce385bd76cae9e9f6b3f8d4a013b50c7c13b11ffac735994575ff00e183f71f93f11374ba7f5ff46a5fdddc3bbf89e53abc9dfaa8d51f0bf9b36b451f4e9737e4b862587f4f5eff00e11257b3b7f331653f4c003c01a9a6b4398f66c87b449a52e451eacaaabba6edff00703b1289f4d01f02748cec15cba0a313a956eabd02dc65efa8f70f89aba79fb70c4ed8bce509ea55f8840000e2060b56fa61a224bf586a34049fbbc895af52e30b2a6207b47df5205d4d0594b4e391c2fd44a6ab9b88af0145b68dfccb87ac3a792ccc04a8e32352f39039e4b0835d34fb7895eea391dec40936564395d7316becb732e98b5b968cd7c986d69f6c1684db08c117ed84c88a8109e0c92a6d1134b468cc21848b169ac30e569207220e878137ee868b033879270e26ead07066ead0a98bce2168d2507982a34210ec42262f24155b422b681d6da23e210865d302d05298450da3a82236c68c991b99607d9e465534211a03534215a546a2f80bacf3094681236e4f5b4865d20b5309a5bc4095a4f537328c2447984fc88d92c1da257f11f98cebb0c0c96476b9610c97444d1eb0c7c48abb46a1159dc172863892c10b63f12234ebda1aec009103dc6594d949530c837d19a9a8298784e3660794e177254db292a631e48afb4568655faa647d4720465d4323ed20189141b2de65272da82d35bb6497807d37c4f469f407c4f45bd566afdd51d07d49955a56dc89cd331c5b7b110ff52752bacc928490226ad89f327552e76a1ca238592515924051b26496589d35d2d57165ca41d0f0237e8d421054287bd86c93e107fe70f1d2e9ea99410555fd1a4036378f1ed15d9859f21f773cf606c3f5155d417a76c20baebf56328e4007f699d43d49d431ff00c3be8e41740ebc76fbca63e061558f4753a69ad7ef64a57b3edee1e5b892758cbff10e9c2eb5c2db528d0d6bb8403934a5b9a7c16da9b58582fbd330d2ce89450b6165ede09f327c5b0e19b2ab41017f69f3b113fa0b38e5e0057705d38d0f611d75820909f6edf807dc4ba9270528946b12699b74cb05f6dd6024ece8099bc2bdc558f121e9159c7b6cacf81ef37cf46ef014724f1253f6e591e48ab4b065163e3c43d60ca7b2c087e3cc281f8974b043369e135dcd84e38d84c89813338e3226c26a26e3c4e38c4f4da608f89c718983333c44e38d0cc6e78cd099620d5ed23c7302b2bbb22cff0031c8affe11ef1804dcd96b9cc94f00f4e385d00212102cdb859ab371b9c4187603cc03333128a99d980006e2ef527581878967d23fe6f81c7bca9d9d57232b1cabae8b0e4ee63f50eb54689b849fbb191dd3e8a772dde06b67a91dd9c004007edd7bcd717d40e0b9c8246bc6b9dc42a0fbebf13764d10c399e225f6975ae6a595f91b1f72a52c607abea770e414257d8c89fd4761ab90ddc4fb449dba3e26e554d5f00733a1f68b5cf399ff227ee542ff68c3ac5a2ee9e9629df3b318fa0f17b16fc9b9482c7b560dd37156ce9c438df778967e9b4ae3e3256be04f4ba184afba1aa9ffc57ee25a89a856ea8fc86d8884120ee0c5430e042409efa7da4107f77b4dc9437726627801d143a3e24592aad5c3efa09f278805f4b6f420a6a515c22cb0cacf51e8c97585d7831065f4dc8a09217b93e44b0fa83a9af4fa49b0ebdb712f4deba5cff0099ab2b334b4107745b933235fac8e966a22cd95f322b9c1520cb65f818bd46befc6215fe256ba8f4ebf1588753dbf30d6552817a7530b5662ca57a8b105aadc4a1656204b0f13ab750c7efacf128fd6713b1c9d402630d64a8e451c788b2e4ed32c37d7e62ccaa7f109162f3880d2da611b63af7288b69abef8e31974a2153147134b31f7225c6e630d4ca81bf12e9829569f703fa65646dc18c5abdf883db442c58bd95f1c032b4914c8990a9994dc2a6292884a98456608a799329d42a62b3885a993a371a8223c941f8844c5e510c5693234091fe64caff0012d904d0c6b793a5916a3c9d1cce2c98ceb784d6d1652fb86d4dc4ab6315f21d5b422b6e6028d0aa4ee0db19511ae21e63056d08bf11490219a3a940c9609d6dd11cc368bb88a744193a5ba121c724c26d318d96ee7ab71b807d7fccd7f51a3e646d2dea7391c3dc0279893a8e4e81e669919ba53cc4d95926c7d03298dbc9773dfc234bed6b5b536c7af441326c2c62fc9845d5f66844edb32cdad1e9fd38e59ed89e9aea7a0c7469ea5e8ddee5d57912a5620c7626c07b57933b0f56c70c8dc4e4feb3de212578ee33435108ec760be9e6e5250187a5dd722fb80d2a32773313fb44b4fa72ac7ea1d332a8ef0a6cbbfb5bb4951e2738f4733e45b920921190f319fa72dbeaeb38d8b4b90ad72a13bf93311deb87259ce4d274bcb49f63b7a61638c64e9f456ab585dff12a1d53a6e5d3ea4c7aeba45d4b9eed05d80a07b88fb2fead1ea0c4ad5f4ac9a3a318e40aedea75abb04b2b04a9de891ee216c8c6c58ed8680424e0f3df22cf4704aa9ea19a5052bf57b75ad6bfd3fd639ea01ad6a6e51b1e4ea7ba6d743f4dc8545e19d99947926418af6578c6e21be9eca8561ed291f6a517f9ff00325fb9e50d30ad5b81f9f1319258daabf1e2438050e9d015eef68512af67b77ac2f2d14ec477d5dfa234180e66b8cfb5d79d49ed2000cdefc4828afb093f33bc93e09c4dc4d04d964906e2640dcd479926e71c6546a66604cce38f4ccd66671c7a7b73066671c68fad7320d8df995af577ac29e8d94316aa8e45c00360075da0f8ff005959e97eb96c9eb04656aac561a55239111b3a9e9aab3d294b9edf90e57d3efb21ea28f075142353ccfa114d5d531fe98636a05fc980754eb3db51fa1e0ff71f11a9df5c16e6c5e354e4f090f2dca441b66114e6f5caaa6095a3dac7fe01c094bbbabd8f637717b3635bf0211d0999b26c2ccc1557b8efc4f3f6f5f8596c68a3bbf3f068c7a76c8b9d87babbd97e63b5ea4007ed1053c288c33ed6cb3dea9bd1d03f890578cf7376d75b3b6bf6a8dcf1baf8cedd4ca50f76e7c1a95351824f8c0328dafeee77a92804211c6a34aba43f78175889af217ee325bba790bda9f773c13ef39747d535b9c70525a9af384c43cf71d4f14e07e63fc6e882c05afee563e02c1aee8d9287852c8a7f703ed21f43d624a5b3299cb575378c8774a4229a55bd86cc7b53889b1476a8d436bb347933db6957a105132ae7be4d8d91b737302a2dfcc2830d799a95cf72149470cdecd33f274244ca09e4f133dccdbd0d81ef232ff3225625c9ca2ca6fae3d2795d731c2e2660a1436cf72ef7394e7267fa57a97e8b39831d772b0f0c3e67d1434dc7138c7f5db0f229cac0cd0aa7108356c790de7996a6c95725b1f0c475da685b07292e511749f50abe8a3f6b7f32d983d671f353e8e605e780d387635cc84156d4b174dea8c085b1bfd66ad3ae8cbdb69e7ecd1d953df43fd0e85d67a276a35b8df7d679e273eebd8074db5970e8bd7ecc7212e6efa1be7da35eb1d1e9ea386723134c08df10b7e978df0ec33a1ea8ac7e9d8b0d1c0b32935b90445f757b975f51f4a7a5d8f691a952b57b5b4624b8e19af24a4b280129d36f50d41a135d4912122c5a7136026c16642f13c3f30a98171322798033c4891f71844c1b89a3d209e263e88125066772e9809413076af531e24cc60d6102154c4aca5f8255692a3c0459a9256c58e80dcb29a1774bf01eac0c9937bd0e6630306dbd870752d5d37a19201610366b215f7639a5e8d7ea9fb560474d0eda3a85262587fb4cba627454006c08cabe8f5ebf68894baaa4f83d055f64a4e3ee6502bc5b17c8308ad58704197c3d1ab23f689037411be165d7528bee527f65a70fc2ca9d6ac7da198eaddc3832cb574655f22155f49407c0837d4e19c048fd9bb31dc578834bcc2491191e9c02f105b710a1e043435d5c815bd0ee8ae011a42cda935ca560acdcf31a85b1976664dda2b6b7ca326d321b6e207998b180117e4dfe4084dc857d379c18cac824e8198c3a5acb01226d8188f9360e0cb363f4d14d7b22257dde11afa1d265ee6438c82baf983651d9845cddada120b17b844136d9bae2a2887b84f4c7d333d09c823ac6657de844e3bfd54a1abcac655d720920cebf9391da2708fea6e53dbea360cfb0a38d7b4d0d54b6d0f22da459b560b07a290e3f45a9a9a83b3ab77aea21c6cabb13d455da6bed22d0c57f832fff00d395a97d2297681b0ef7167a57a21eb7d77abe5dcaa571c76a03ff0011dffd262db5b9c6091a909ed94f25f7d3dd6307ace50b6c0a6f45ee0df1f887f55c3b06550695670ce5859ff07f328fe96eac7a2e2ddd27282151631add7d893cce934d9f57047d23b60be3e65e0d5d0c4bbf90335e9cb8ec05d357230cb0f2acfe77e63db956dc5ec3ee228425531d483dee4f119802fc4201d32c2471b5a451e73966bd3eb34d043ff6f135a81193673be24d84c4d2c186cfc4d69ad56cee53a5035a9c97e1c119ee6f61fa94903c898a8ed46e45b3fa97ede57de48bc1964f3c904c2657933559228f7927191333c38133fc4e38c8fc4ccc09ee271c644f4c0999c71e83f51ca5c3c1bb21b5aad4b6be61128bfd53ea671f1b0f0ab621ad63636bfe15ff00d7fe916d66a169a895cfc20fa6a5df6c6b5e4a4bd8332dcacb7722db1fb893e79f3006a767b9b64fb130aa2d5707b828d9dcd8d7b6d1ff0094f98db74a7c9ebd3dbc0fba063a5b5fd5cdaea2068ab110aebd938f72255538620ff69e2570f72015973d83db7c492b2a0ec798eddd565f777a6843bf0dbee27f774ecf55bfc904d69f7aa8d924ea3a38b6d34fd3e02b727e603d2e973777f07438d896c5c6c7bb12a26e2ae7d8c67a474b76d7294b86fb78e3ff0045f55a9d924853860538d7d96a96a974001c1727f3f10dc02f7d2a4a0a6bdec2271feff30beab563d7d3fe954ea0ab7ed07ccc615360a5763b47e66f55a3744e35ae525fd4425729c5c8dc10ae10150c790bee617426b5c6cccad1a04b707db733b0aabe7734e15ec7962b296ee11301cecf9f89a381da41f8982c0898def8857340d4406bc521f5bfb77e60f706adca824ebdf5e6360744f8910afea6c71feb149d716b0bb86536b962fc7bc96f30efd6222edc8d08abab54f8886da81ecfee03da21b32dec3b26606bfab3e9dfc3c665fc876ad37aeb72ec5a323acb01db410a0fbc5e72ec63b2ec4ff315d766cf26128799e2b5bd5355aa9eeb26ff002f08723a7856b8431aba97d163658755a825a714fea37f50d7d509fe1d8941af169bbbbea31e5c8d81fc0e675f5abbe9b0b8fb08239f79f35faafa6b749f53e663f6f6d6cdde9fc19ec3eca6b276a95373e7f12ffa31fab56e3052876ecc968b78852641116632b1d42fe9b813d74d185043fe97d4fb484b0ed4cbb7a77ae3f4fb943377633f047c4e54ae50f3c47dd1fa878aec3c1f11bd16b5d2f64f98b12d7f4e57af52ae26bb33ac75fe8b8fd4b1bf518e01571be2722f547a76dc3767553db3a87a2faaf659fa3c83badb81b8e7d4dd191f1dc1505586c19a5a8a62fdd129d3758e6b6cf86b87f467cccdb5620cd91e39f53f4d3899afda38dc40760c47b1af2886a37b4dd87102aece6141f62122c0ed347323eee66efef203b97c9471250e27bba43b9a336a4ee28eb2667e3cc16e724e84c8258ea32c0e9c6e7048839dca0b2cbd5a495cf11405858766438d032d9d2ba093a2eb1b745e955d6a09512cb450140004cbbfa83ed13d2e8ba1c17bac176074d4a75f6c778e817400994aa114d5c89973be527967a3a74f5d4b114138f5efda31aaae3990e32e843e91f305ea3c9d64b0442ae6155d1c722488a249b00462160acecc8bf22bed3c4891b5e61b769a0562e8cbc96564256f3dcd8d934215e600d89a1054ca2934c2ed4c1b2f1c11c453763104f11fefbbcc1afac18c46e94794caba2b9f1345672aa600c5b562bdb7eb5c6e59f22807721c7a425a0ea335750976666eafecfd362df5f71bf42e9aa88091cc3fa8284ac8136e9f7284004db2d7ea2987f537f263bd3ba1ed654328916191fd41ae632cfc5f27510e4935b6a5e0b00a72c85f78f99e8b7eab4f42e411d7f3a92ca753e78f59d84f5dcd2e0f707d09f49e46852ec7d8133e7dc8a4752f50e6ab8f361f319d6cb754a3f52ba2589363bfe9ff005466e8af8c09ede78df225affa6eeb8f85d75958fea4b86d13c91a940e940f49ebc9563a964b0f6b0037b87f42eae7a77aac1ee22bb98d7621e37ccc953d9b7778668386fddb7ca3a2758e9546274ac7bf1ea53923fce248dec9e659b0ef5b71b1acc5652e501600f1b99c9c0c7ead8f55b4b90553b7b54f0c3d844fe9dc56c5ea5752edda8095ed27c9f3c4361c27c2e18be54a3cbe516bab7631761f701c496bb022a961c3f06094332ab83bfb5a101832023f6c2be7b03252a69bd597651bcfe24ac9aa99abfe753453dc826c8fa62bbe3e246d48ec80d361fa84904777b42b7a6134c8408e182f1bf224874c06a56194b0fb9697c92a99bf748d4cda5ca9b83360647323c6a71c6fb9e9a89b09c71b4ccd44c89c7199c67fa859cd99ea8bc2f294014aff00a727fe64cec57d82aa5ec3e15499c273e9becc8b721c126d62ff00c6cf9983f68159650aaad672f9fd0d5e92e31b1ce5e101d7676fb7dd08176f44b10441322bb6b07bd4236b7a63a80576e4dd90952045466ec0e0ef933c63d05de560f40ac84b94c78f92a8bdc49d7cc6dd17a6750ccb12e149af19b90f6704ff000237e95e91a52a5ff12b9f258688403b547fdccb7514809dc4f6d6bffdea6ee87ecfacefbdfe8656a3a9452db57ee2fc3e9e29501576df20438e39a11ed6017b57bb9f7927d715d8091daa3da01d43a835acd5d60767f1c99e91aaa9899599d8c06ccb14e6a5b62f7a03b611ce1f55c3b89fa36ab30f208e44af64258c43943a3ee249d23a5a177bec5d96e101f226747536c27ec594c66554251cc879665a83b041fccc2de18f279831e9e8481dcc37f077335e22273b6623e4c995d749e5a06a104831aed680d4905a81433710515fd4b005d81f1a8364b96ca35564f9d0e7c41d9a99c3dcff00245a35465c070bd4bfdbf3e261f21577a5d181a5167d520924a9f23c6a1089c371be747994575b2f182ce1146ddc5abd101c11cefe3e22fc9e8d8d6d6cd4afd2b0f2347887328ed2cbceb8d496b3fe586ede3c68ca4e8aef5b2e595f5ff38254e55f30782a2f4d98d79aad1a61ff00385520bb003c9961be8aee5edb114fe48f1fc401fa71a7bac43dc00e07bcf2bade816427ba9f747f9a5fd4723ab5358970c1ae6d28ac785d8e3dff0033957f57ba0656564e1e5e0633dce80ad9d839d4e9c87b890db936082728f769b7f317e8ba874eb636796f1fa7623534ab299419f30519052d28c0abaf041f2236c7b83000c6dfd66e9f8dd3fd681f11550dd507b1178e7e655a8bb404fa7b9ee593caba9c24e23c14d768d36a6ad8af41efaf951e60f8d93e371a517823460b392c9163f4ee67d4a9181ff31399d7ba564a756e87a6e5d46a7cfd81983173c761d213c89d63fa7f9c7eadd413f691b1367416bb2b754bbae518baca7d2d446d8f6970ff003f055bd63d13bee73dbb9cc7a9f4e7a2c3f699f4275dc75b19f6273eebfd296c562144a5f1f4e66b692cf5abcbee8e4eca55a4b5bc69d4ba735561fb788b0d441e4190997940df7b1352bb9a9044c87d4ba609af9356490b884970441ad700ca5935159094d3eacb089b1107702659fa581b1a12ab8cfb712d3d23da62ea2e7367b1e9fa28d51ce0b660376a88e319bb8c438cfc011ce17b445b363d3490e68a83010cae9103c67d0119e3b774a3159368928ab439931d2cf29d48ae2772a03993e4205ba13c6c3a832b6bccd83097dc46c3656d99adc3626c0003721b9e1d4f28b4573c1aa70799ad8c0cd7ba416310646461472c93bb466b69d8833b9dc9aa3b139c826cc7242e84c8fe8ecf021dda353caa0194c9753c116396acc6753f7af304280892504a98de9ae69e199daed3aba2daee672e80c878953ea78dab4cbad8775995aeac02927e26b2793c9ce2e2f0c4bfa79e9efd4cf4265033a3fac33dba7f45c8b94f214ea706e9d9d755d44e4bf3f536499d5bfabd96f574e4c6afcd875394e7e1d9815d22c20861b1a8c6bb3e9ac78e49d0a5bdfd426dc9bf232d5b1031c90ddcbdbceb52d78f875f5fe9899b5f62f53c5e722a035afcff00af9958f455765dea2c4ec3dba725c93afb00e65e7a2b63d7eb7cc4c60e8b7d7a0140d10265c16ee5f66f03f3f6f0bc7236fe9f75d7c4cc38592cc7ea1d26ccb6f57a7e95e963330a58ec328f065217a26427a911a80e2bab6cd685fd92e9d2bf5599d3dabb726bb991981daebb87b1fc4b57b9a75b5dbb01b36e54d0f30cabe3fda43770ff0079be22e90d7ad7278301e994b55829513fe6a927ff00486ab93f71e0c617386d7205f1c2254b006ec20820c90905fb871220fdc34dfef3cac41f991f99c496385001e41994208d898d860430e2791428d0f1279c9048a66e268b369c71999dcd66671c6c26c26a26419271b8999a8333b9c709bd5f9870fa0e43a9d3b0ec5e7dcce54731b8404a9d007d811f99d03d61553d5adab0ac770b59ef3dadafba524f43beac8ff2ec57453c778d9ff5995ac7294d6dec8d1d2ed8c39ee26cd2f75b60b5bbd382ce3fe917d6eb4f52a1d2b515abab040763830deabd3fa863258df44153b23447895ca73c0bc25a0a3fe6626a64e2f946bd11dcb8677ec5c9add16c5d10cbef37b6c4554e77ee6527d33d50e6555d15b12ea347f0258cd89596fa8fa1af27e66ad5addf0ca31ecd3b84f0c22cc817d878207b8f9133a41c680fe60b45bf551c85d2a9d027fba457fd515963c0f6113b6f6f337c848d7fedec36ae90e42af69e7c893ad614687fb88174a7fa7841cfee3c83f10baadee2179077e0c729b2b942327dd819a92935f04b52827f3ae7736541ee3466cc88bfddbf1347d77ec0d2f9f30b851586533930e5176ace013f3045c506e671a5d722116e3a5e3ee1c9fccc63d0d56c39d981b6976496565048494570f93146d4b6c925bccd96bd31d7bffce6ecac1b60680e7c4c86da923ffc4854aed2f0739f9442c187720e5586a69580e3b4061c78df8851edd72db23f13c2b520580f23c883952f3fe76254cd56b054120ec7044c85f039fcea4a012a4b1e40e26514af8f7878d6b281b90afa9f4d57acd950d3f9fe6572dca7c3aaeb947dc8848fe409772bddc0f1ee221eb9d343d4ef58d83fb9662f55e8d99ad5e9d624bba5e7ea35a5d52ffe767667c9399d572babf52c8ceea1735b916b924b1f1cf8ff0049255671197aff00d2d91e99eacf72a96e9b936135583fb49e7b4c4355bc4f431b236c14e1d9991656e12719771cd167318536ec4454d9e230c7b6064da676dca0977edb01ff0059d33fa7b965b371db7fb868ce5973fdc2740fe9abf765503e1e6a74f9ff00162676be19a9fe8754eab5f7b37e46e53f25031656975cf602c407dc4a8e62eb25c0f99a3ac8f0981e9b2f7ce2567a874a5bf7a595bcfe84c8490b3a4d350279126b3a725abca8882e0d67c9c572701ab24153175b432f813b0f50f4eabecaacabf52f4eb26fec8452072864e79692a39815b66da3beb78a71c9044adb37df12d4d997835ba7d097b98cba79fbc4b7f4be144a660be9c4b5e05e1544ceb11eab4fd8b5619e447f884768953c3c91c731be3667206e253636eb72458eb7d111a623f12b5564f88d3132091e651485edade07a1f666cc46a2e5bf5e64c2ddcba9644dc1a256919241986b06a47f5373b1e4b462c32b624486f067a979b5c415848cb0425890287d36a6b69e3723b1b4c6456dbc4221b8c7278b6cc229f10147db42eab001a946c24e38412a799b7693cc8958130b423b64a012e0d50fb19ed8078915874dc4ca9dcbc1344609decd56657bab5ca55847560ee42018873711ec63c4d5d3d8e4b079aea746c96e420ef9e8cbfc2dfe27a3386656493faedd4bf477d0be3df73926075cb3a8f50355b67700bf6833a97fed2789f663da04e0383915e0f51aefb41ed1e751bd445ca1c7c02d35ca1624ceb3e9fc91859bf5fb41fb0aebf912ddfd38296f5cc8baf27bc26901f6128fd25ebcbc45b6b6fb5882ad2ede8e5af21ac05be9e45435f1b9955f749fc9af7e1a6d7c1d770acc7bab2b4b85b35f7a9fee89e93fe1775cb6d041b4ed6d1ff004954e9bd42cb739ebbaf15e552dbaf9d77897ae9dd40758417355a3512841f9118ddea76e1f812d9b3bf60ca1f850fc3eb7fc88400480411a334081c02cbf70e01fc49110c21433583b6dfb192a899ad7e6481641c782cdd44c81241a9c41af6ccf6cd883afb75b9a8160f70643782523ddb3da91177562186bf89b92cc0686e53d445b6336d8f9980dccd3b491c8e66e95b7bc9536df621c5236dc5bd5faa57855f6ec1b987dabff79367e47e9d743f77fd224cd34955b1b6f638f27c895b6cda9a4f92d5c32f2c59459abcdb6b77313b24c8adb909775d0f7135a71ac4c9662c450073bf2678d6ae7e9d552f60f2c4f2665bb36ae4754536563d419aff0070243003de15d0fa3e1e3e1bd99955575d90a0b020300bf026dd57d39fab276d6a0f7607c43f1b1bf4d86b4d5fb2b5ed058ece84ccb2e92967038b1b31164b815262ff00fc6ad54781a1a8d29a1f25bf6863f11761312c3b81607e0788eb0ec554d86d1f1c4ad12ded6e7c03b72bb7732988cb669b83f02176e21b08a9c064d0fb7c19b576575af730dffacd9f331cbf71b514f8d13e269c6ba60b0df715729b7c108a3e83a29e174091f1340c16d7653b3bf8935d6537305dafcf703e62fc856c7b7bea20d47dfe0c15d255acc5709fec120b777ee351603b5d8fccd98ed47c4538d99fdc42efde31aac162ec9dc351a885f1f6b073adc1f212838df9fe66ff004bb86bda402df71e3f89b25ddcda1ff38e45c57005a7dcf5cbadaa79134ec6d2f6f8327ef0c37c71c4901057b75fc1f892e0a4c8dcd10d40ef404f56a45a46b43de6ca081c1e66ce439d81e6576a6b93b248554f066381beee245da4fdc76089b82bda7b8ec4bf620cab29d8106b5f5beef024c1402180e3e24570d8df91253e086b9394ff00573031bac7a6b3b1f0b9b557eaa8ff00fba9df13e6bc6c83ad1e08e27d29ea8b171732f40e197b8fff0089c2bab7a6d8755bacc77ff21d8b000723f130b45abf4ecb2bbf0b9cac76fa9a7a9d0cac84275720345dc8e630a2de40dc9a8f4bdc6a5b0584213dbbd83cff0013395d1b2705c6dd6c046f83cea3febd527c312968ae8aec15fe504ee7e491c4bcff004cbb8e653a1e6c9cfa9fb954303c7b4eaffd23c136662b907b514b9dcd3e9d1cdcbe862f51e2ac7cbc1d03aa396ea1557f0b1064565b2ecf8dc73ddf5faadf77f6af0269550ad6163ee66c6bb88c6266f47ccecb2cf1903c7c63c1d463453af32655551ed36561be26760de357a1587222cea5855fd16254788dfba2feb167662b1fc4e7d894b9384faf42d77b859cf59bef975f5ddddf98e37ef291afb8cce9f2cded32c4461867911d5391dbae621c66d424dfad40ca193674d660b6e1e5e946cc6f8593dcc39948c5ca3c0dcb074ab49604988cebc1b70e564bbe2377011ce1f8958c2bb404738f91db1679036d6df61c96326aacf63172640d4929b7b9b89d1ee2aeae0616371c41bea153cc955b626ae8088d28e503585c327a2dd89bbdbf981a6d6619cee46c23626f26322ce60ccc489b5e7620e5b40c224330584796ced6e4c992de78315df780fe64f896771837c0c387191de3d9b021a8dc45b8e2304202c22ec2362e4f372d3577ec1217b74d22b6c2d2c88506134dc0b68c9ae28abb3a8a859dad319992452798e69acdb233baae9f7559417f5ebfc4f4adfeacfc99e9a5ea9e4fd36587ff00686c65b7d3e96fbacf992cc65b69b175b6d6c19f50ff005df1afbfd2c5aa1b0bc99f3154e40d8f69a1949a4cceb22d2de863fd3eeaed564bf4bc82c56cff00c3f7ed33a962647e9c50e362cde98af96f906709b2d6c3ea49955027b5bb88075bfc4eb3e9ceb35e6f4c4bb44391a237bd4cabebd9335f4b7ab2b48b051976647532b51d56158b1239d4e8de8cb6ec0f49a6577b3ad96b1ed61e06f5c7fb4e487385391df4060bda50efc904733b3f4aa0e4fa27a3a6fee555d81efcc5ebcee78ef87fd066e494167b657f52d5896f7d6a5868b0dc2574a3cc57707aaa0e00ed03d8cdb1f2bead7bdf20e8c7b2970c43035fa8a3c99e6c845e4b08a6fb78d8315e65f615215b52ae6912a392c5fae577ed530fa8ec09ce69eaad8b988b7ec0275b976e9f942cad483b044885919762650711bacd8486b7dc98184c143c44c01a3369812b838cea784f4f4938a3f5eea7ff00ee39348ffc4ace87104c562406b1c998f53a14f545ddb5960e8adbf6deb5ff006925553d7cfd32c4f9f81fc4f356d93fbc4b73eccd68c22ab58f288b2f2592e3da005d6b464a2fa5281f4dc337982e6d76dd6fd83ed9eaa9d2aed7637e041db6c9cf182d182da6d6db6df51ff33b41f6123fa2a5fb3ee20f009f7303eb17da42d3428fbcf6963ec3fd21fd3138afb7903de2739a94b6f761d45c61b867d3b1c63d3daa4b0f3b3ef3d6fd34fd8adb2764fc7f10cc51cf03735cac3fa8e186ff003a9a71a7752945096ff7e642fc8b7ba92bb3bfc4afe45677dc8e760ef93b968b3136c12bd0e222ea14fd362471cf89e67ad692f8ff001bc2347496473b51b60751b00edb9d53b0707e632198d757dd591af7d8956b586f993605aeb6a85fd876083f103a3ea93925559fbf9fa0c59a48fe34593eaa3d2b6b56ac4f1c71a91b64b22fd3524865e00f9fcc829b3b51141daebdbe60f8eff5b24a3007bcebe0cd695f25b53e1be3fb8b2a972fc20cc7ea17254b59bbfbb5b61e2330ec29ef5b75edfccc57d368fa05590166f27ff292e374aaeb014d96301e031e04d1d3697531c45f2b1f2f814b2da5f2b8fd0f62dd6f61ef6d9f3f6fc421328b8dec7703e22d2ef8bd4cd606d5938e75c462101087403b0f68cd1393cc53e62f0f20ac8a587f211f589e4fbfb6a4b51d8db0280f23704ad48729dc37adf336bad6540876751c84da5990071f082dd8391cc8059c1078822e46db4a77edc4d321dc23768d71e60e7726b722556f380efa83b783bf6dee60bff95c9e62fc7b3e9d057b49b09e3f8851fb94161a30755ae5c932860a27a97a5539dd5ac34da95b9d025fc774ace5fa6aaa2dd66e755f4979b1695db9fc6e597d5365785d4193b4b1601f7bf9958cbc967054304576f1dbe373056aab8db253af32cfcbff00c36abaec75c712c2c0a3240a7b31fa72d75a3b802cb1776ebf9f124ebb4e161e08ae9ad59b7c5ceaa198fbf890e51af12ebacc865b868853ad0f1c1951eb7d4598373a51e07c434350e70706bdcf8fc86a1a64e69aecbf981e35ef7753fa29cb7f6e878e677ff4761ff837a69b2186afc81a5fe272dfe937a65fad7504cab508ac1e58fc4edb685cccc4aa91ac6a7ed5f8e3de7b9e93a7db5a9cbca5fb1f38ebfa95eb4a15f86d2fcdff00640407e97a782dff008969d48e9bb9d487abe50b7a9fd2acff00974aebfd6478c766135b3dd347748a9574f033ee2c2657735ac0d09bec454d436dc55ea17230dff88d37b8a7d443ff00727fe244bb130ee7cf7eae62d9cfbf932b07ccb47aac7fefd67f32b360d4ce7dcdea9e228deb6d4d99b7e0c0dacd4f2db3b03f44b0c3b1ec2ae39964e9d94140e65511f98c70ef208e62d6c327a5d3bdc917ee9f99dc4731fd170204e798798558732cfd3b37bc004c42706866ca78c9674bf635b8663d9ad18816f00887d3900af983c0b4eae07d5640f993fd50444097907cc2eab7b8798c47842b3a57718359a33467060a5f99e2f0f15907b306f7583503bae010999c863a8b32add54d08a21e11e00733340b75b8c3a6e48e39946ea79ad5e5f9e371af4bce2c179819c07f6660746c5b4301a30a3690221e977f720e634eed89651c233270c48919f666072645c89b21e642786760d6d1cc1b37669221ccbb1b8364a6d0c2c1fb85b578952d083467a1bf467a3d83c8ed475af59608ea1e9bcba4aefec3a9f1a6757fa4ea97d0e3415c89f735958b31ec42360a913e33fea8e20c3f57e62a8d02c4cd89f30cfc18d1596e2fc956cfa0a9deb625b3d2f938f95d1bf4d59fa37d249650393cf995ec661935fd2b0e9bd8c93a0d7662fa8281b2a1b6adfc45ef8a9c377c14d249d577a7f25aacccb4aaa574d8f67edf1e67d07fd27bf22ef49e2d3d42becb6a2ca013bdaef89c77a5d2b6e656fdbfe5f7eb9f247cceff00d229c7c0e9551560a817cc434c9b9b7f06dea5e2b517dd93f5db2bc7a804279f69be251d98e8c178b3ee3cf895eeb0cd75c9725fba77bd1e3c7b4371fad90f5a8ffc33c130fb96e6d8aed78c218df58df6807c6f715e6d4caac4186f55ce6a054513b9ac3a5004d72909af9f244ab69b6978256561b287d7ed2538e194ee5b3d13d47f5584a18fdcbc189bacf4e360d81cee7bd368d819e8013f4ac3afe0c5609d76ee7d98c49a9d78474cadf4073084b3717d6a7b41132b6953adcd06f02781a2bee6e2074bee12adcc920927bda7b705ea377d1c7277a2dc486f0b2c94b2f020eace8d977b2d64f81b03cea4188c1a90482ac3d8cca5a435a01da83c6e7bea8d1724051e7730e5cd9bdbfd07b388ed44372003447060b5a2d648237bf9f136cfcd0a9dddc35ec009056ed6769d824f98aea271dc920b5a78cb0a4c05657218127cf13c98e69d56a34179e21b483c2fbcd82779ee087f9308f4ea51e17253d569f2cdf107001e21dd9f691be641457da4710aed249f88f69ab718e180b25962e66ad2d01f96f6e3895beb16d7f58af702479d7b4b2750c56765ec3a03de54fac558d8aac3ea9371fbbb4fbc43aa464e971c2c0e68dade9f901aaafad6771e2bf1b30ffd1a005a956201d73ef1263de2925ae0e547ed0239c7ea29662a59f57b5b5a200f79e5f475d0b2a7dff99af77a9c38f6355b7e9d9da7f6b1d027c833d80d757d48694bd637cfc48cdd5357ab0ec31f3ae47e4437a3e7af6fd2b40207009ffac6a9b2b9d918ca58ff003b03b14a306d2c965c1bbed5daedbe21a6c05f7fddf12bf939bfa6285dbf7720fb4268ea09658a548ff79e929d6d707e949f28c7b28935b92e09fa9e0b64da9754e52c4f0bec6498d6835f1ad8f63264b7bfde40d8bfe635949ed66fdc3d8c3caa4a7ead2b97dffb838d9edd93f1d898580d9bedf1ef3173003d871217eeac9d03ad7260f7b1b7853c03c93ef293b5c134fb978c14b0d05d1f486f820cdcd6085f1da0f882635805817b406f7e61eec8175a20ebfe70954a338e4acd38b07fa60b311c68cd6c63d87b47326561da7f306cbc8ae8ad8dac40f91ed26518a8e484db78293ea8c2ce7ea7533f6fd0b5822d839edd0dff00e7357c0c2c7e95713fe75b66fb49f21c78d6ff00334f547abb08d1553807ea589682ee4680036081bf7e6574f59fd55e152c755d78f6dcc3dd4536b75fb9bf3f1935d42e9d71dcb097f42b5ea94cbc5c2a5b36b0013fb9581ff795ee81d1727d4fd5d28a55be8f70ef603fe425eb37a7ddd76e6e9b4d65cb900b8e40ff00d6741f4df43c4f4b60ae26022be711a7b3cfd3ff00d66af49e96ef9ef6bda847ab75d8e8f4ee0bf1bfe59febf082ba774fa7a0f4bafa5e0a8fac4016baff0068f885e5d89d2fa79d7fe2b8ff00684d14261d06ebf963cf3ee6553ae663645ae58f13db452c6d8f647cd6c9b6fd49f77dbe9ffa2fc672d6dd6b792631c4b398bf1ab3fa607fe23b87e1d441e6646a67bad67a9d056e1a78a1aa12544cf33d5f00084555f7194434f834ad4981f5ca4b61bff11ca55a121ea3507c661f892d70445f393e66f59545339f8f7953b7c4e8ff00d43c3fa794edaf79ce6e1c999d2e19b94bcc500bf99941377026011207ab78648a798c315098b51bee11a635aaab2925c1b345b28e301f50edd6cc6dd3b20ab7995f6c9f6126c5c821868c5a50c9bb54f7c70cbad795bd730da32fb7c9954a32c9d6cc34641ede0c5dd65e55968fd683ad18c313276b2954e4b77798e70b2b8025d430856dab82ca2fe66c6efcc5b5397e66f631021a08576855d7a953cc4f9768248066322c68b6eb5bbe14257015756e9f65cdde820980f651684b38963b33aaaa822c03c4a967672be4eebf9957865e9b26e4e2d70743e91943b179960a72030f339cf45ce660a25b70ee240949630567573c9600fdd3c9fba0d8a4b79862812890b4bdbc12f700b21b5815336b08d68482c3dabcc256bde21ac928d2d90ebf13d35fa83e67a68e0f25bcede8e0a91efa9f22ff005b30aec7f57643d83ed724833ea3c6cbef2399c7ff00f681e866fc34ea15aecaf99aee398b48c95c34cf9eeb72a410744479d17212dea58c6c1fe62ec03f3c4407868460dff43329b3d95a28f98b4122946d8c9f8677ff0048f4a3922bb1c704ee751ea1958b83d3531dac45bec522a563e4ce3dd2fd6f8fd1ba0d43b777d87b11cf81f99e1d5f232f22bcd7bcdd6af2acc7607e231a5d0ef8b71621d4bad474f628cd37cf2fc22c9fa8bdf02dc8eab67f968cc1426bb881f23f98c7d3d45cfe9039ac3ec7bc941e5826f5ff005dcab9eac3aa0636d75d3954b6fb3c8b147bfe44b37a6723272fa43596daa15af626a404041c686a21669dd73db2fa9af4ea236d6a70794f0cbd74fa322dc5adb21502efecdfeeedd7bfe6496d5f74de9cab156aaed51caec11253a73c79109b5630573c8a73295ed0488a6aa07d4d0f21b88fb3d7ecd4830717b90b11c83033865e02465843ee9cff00e4286f20499d15db8d6e0a36a95951ae3984d437cfbc32e7806fe4dab5ed32753ccc013c78964b0572101b8e657baf6677dcd50e12b1c9fc9907acbaf1e8fd2adfd2946ea162914231e3bbe4fe04e7f4faaf15b17131ba9e7d27aad88bf55071f7fbefe398a6aae8c16ccf2314d3297b922cd765f6d6dd9ceceb60c1d73c1215987c7303b1be9639eef1e7704ab56f77672db981739eeca1f828e30c62e059706054a93c2ee38c0a11b9f057c089b1ab557d3f2c470047382dae372fa7a7ddba4bb94b67c610dea40bcef8308a5428017c41519593cf98451fb40dcd9847b6045b26d73f89b29d1e4c8893347b3b367b87fbc2358e484c92d20fb4a475be954559593979a4d88c47673fb47c712c8fd4152d296f7f3eeaa488afaa648c8475b29b05646bef5d6e29a950b6387dc6b4ee55cb28a7e59ad9d569e01e07e24746f16feeb9375f8327cb23a664d37354d6560ed830f6ff00ce17d43330f230bbe806c471e0791fc89e5aed0a9373ce24bc1bf5ded2514b298b0656ec1dbc0f68562ddda4b920f6fb45b8b8b7d8fdd515da907b5846d8dd2af209b6efb4f2428d733369d05f63dd188c5b6d51e1b0a3940baae41efabcf3e44c23f6b7d4c260496d761e0990db89915a8d76d84f890deb713dbdca86b3b6d0f7f88caa6e836ac8ff007fdc02d925ed7fe7e459fa3f55faeed55cbf4ae53fb77e65868b86b60f32a5e9bc3b4e63646714660bf60f727e63b5aedadcb971f4f9227a4d0d96c2b52973ff0078fa98bab857ea3511b707cf3b83dd5d60966d0123a7214afee2445dd5323ea517203c81c46b55aa8469736b2028aa4e7b49322c09ab072e5bc7e24e2eda93cf07cff316f4fb2c4a3bb2594823edf91080cee40ad49403648f999da6b5d894fb67c0ddb051f6fc790c0ec5c686ff008897aee406a6f36376aa213bde843edb1e9eeb395d0f6ffa4e75d7faae4f59fd4f4be934d96dd602ace07037f98fdf34a0a18cb7e0ae9eadd2dd9c25ddfc1ce2dea1f5aeb2d2400cc4803c4b4fa4bd39d4fad5eb60414e18e5ac7e363f1f8fcc79e98fe9f62f4afa5775c75cbcad0618f5f853ff0079d228e9f6db520c8031717fb71d3cb7f30da1fb3ab8b353c2f816eaff006a21974e896e7f3e17f9f5fd85dd2f129e9d4fe9ba4af7391ab3248fff00e7ff0038e31f16ac4ac35836e7903dda4ddd4e2af6d48bdc3c28f03f98a3a865b3ec2b124f933d5c22925082c23c1db36e4edb5e6445d6734dc4a2b6fe75e256338ef81ef1a5bc031695fab928a3e615e21117827758b3e465898c051583f10a08ab37eced403e041ad7ed9e76726e4d9efab8a8412081600750ec570626ad893cc638adad4983e48b17036046a437fdc8c2783ed66a764c38a9c97fa95d3bb959c09c53310a5ac08f79f4ff00abba6feab11f437c4f9efd51d39b172df6ba1b88dd1c3c9b1a29ee582aee26a164ce26aa3e60533492c1a76f3265da8f337ad44ddd01f122468e9aedaf0c87bcee178afc883352546e6d5315306cdeaa795c0ea9b3910c17e8451559a599fae49f329c0dc77498f716d05a3ac46e44a8d191da4477d3f2f7ad99592f80b3af82df8b680a24e5c344f8b7ec0e635c70186e444ccb21b590e4aed781170a8b3f223f6a432c1ff4da6f12ce489a9f182b3d630cbd6752bd574f6366b53a265e286afc44eb8816cdea05d981bae69205e95826bd712d585590040b1500d46f42fdb237e45ad98c31f4164c5fe200b6153a84d47bbcc94d8a497964cbb2798bfaae47d31a10eb1c5684caef52bfea391b8d55079c981d5b50a30da88ff587e67a09db3d1ae4f2db8efd8d885344457ebce99fe23e9cc9a59767b0ea5831ac0480630bb1ebc8c675703446a6eca5b65c892f723e09ea98e7173eea5868a3910623897bfeb1746ff0af55e4f60d56eddc250fda2b28ed93411bcc532c3658d91d002ef66bd3098e81ea1c8e9ec149efa4f95322e83687aedc763e471146456d464ba11ad196aa4e3dbc09eb2b8d9f8970cebbd2baa62e6df8d763d9a70df7567cebdff913b57a768c618202aaf6b7267c9fe9bcafa5d6310b3697bf4c7f13ad7a7fd5797d3edba8b6d46c6001049fdb0d64fd59665dc1e86b5a5ab6c7b659dc48520053e06a154567cefda736f467abbfc672db1eb049ac9ee6df13a761905012601c564d34de32436e3b5957dc34db9ad55bd6c147ed3e47e6340c9ae7523ee4df044a6cc93b8dab5da0523893220133515226cc4013b076e3dad08abaef57a3a5637d4b987731ed44df2c7e20dea1f5574fe8e16bc8b777378451b6fe7539cfa87adff88f521736fe8d7aec56f8f9fe627abd5c688be7dc31452ed79f007d4972f3bad599b9761b037ecd1e107c6a26f507a7abea9dd6d0a13278d1f1bd7e65aebb6bbb5f4fb7bc28e3de6f995fd1a0b9fb1bb7bbe7532547d46db1d56b863073fe8bd4dba4e65abd46ec9b5557e9b027bb44467d53d51834e33598590ff55974bdaba20fe62acbaa9192cbd86d77d9248e4132b16746ea19365d4e205b3e88db3776878dea05c658db11b5b24f748e91e97f5be0df60aba83fd3b55490fe7b8fc6be65aba775dc1b5c916b2771d8ef06700e9b83938b9d5df91a6556df6ace9dd08d96f6abd2cb5b2ed1ceb98285938c9417245d4c31b91d4717a9e2b9289706d7b8e446945e8ca02b89cfba757f419fed2a49d7f31d90fbaabd905c800aff00d66a536cf1ca33675c73c32c597d4131ea720f7153a6d73afe628acd99858d760eeeedec1df1274c6ae8c0645b0b39624b3792613d30535e2a00c3637ddbf9849c656492976222d457030c3ad52a0bbee60345b536b6a5b2b2a74411ef3d4150bdc9c86f71317dab55619d82ece803ee634b0a3c81cf22fc9c14c8a0d36d68d59f2a445993d3e9c540b4638258eb4047cd60ed1bf26076b20b74fe7cf2606718be4342c922b795d26fa8f7a152c7fb01d6bfd619d2e8b6b56aee1b63c6fce8466ecc74d5afda4f0448f19320b3779fb98fb7c45953084f7443bbe528e180b6396be924945ac686879fc989ac44b33debaac25bbb9047fca3dc962b6dc5fed62ba1bfc4a8feb427503763b861bfddec7e667eba508a4bea37a7dd2cfe45db11515934c49ffa436f217edf3af9893a6658bef0548d9f88cecbc0feddff00da5e1745c1ed149c1a9722bac77b5e4332dfb035be3530efd94953fbc31054f9f307cfca5a2f2d490e4b72449d0be4d0b6db5f61eedfd4b0f6823f1f333e9a25a99baea8b72fcb8fdfe47acba1441596b497d4dabca45c7ec1aee6dfff00299374dea255056c86cb17c14fee8154b4a58ff4bea6458c77c0ed5ffccc3f1f032dd41b5970e93eca344ffdccf47a1e857c1a9df2db8e308f3dabebfa779869e2e7f5f1fb9366e60ededbcad608d7d31f739ff4f03fd647d37a75ae37894a60e39df75adfb9bffbfc4331e8c3c21dcb5866ff008ede49ff0049b5b9af73ff00960b30fee3e07f027a1ab4f0abf02e7e59e7afd6d97f164b8ff8afeffdbf727c7c7c5e9ebdd50dbfbdd6724ff0247765b3f7152554f963fb9a066ceeb74ee4b7bc8ee25b84fda3fe70ca397cf2c56526a3c2c2f844591731d85f1eff00880d8df30ab8854d71b80dc7c7e21e2846c6db20b8ec684d7a6d3dd9bbf659ab38049f886f49afb2a6b0f96315d54f6c19a9d2a9f52e41b6f8815956cc2d8eccd48131327b151c105756a1283b669b9eee9cb825ac8656f265300578456fb8452012812e5542da581e671afea2f461dceeab3b2d8fa494df55628caad86b72b72ca0ba46e333e70caa0d76104418a912e9ea3e8ef558cc178956b2aed241112c60df8bcaca03ee2b3cb7e9b99bd8922fa3b33b0310682d6d0eba980bcf1344a48126ad483cca389a74ea36f08dd7c4caa733ccc167abb0774a6d356ad426128918610218412a20810ec620195ec3dea6f88f7089d08ef0edd6844584de23ac45d9060a52139c5791d51caeccc391dd2247ed591b5bf740ca7c00847909b4029165cabdd08b72076ea016d9b3c402cb611704f59d18c31ede351554df30ba9b5184b8032791803dcd0ca4f68e62fa5e4b764044f30f08e4475372ae2db34ea795a520189365df66673323bd8f3075b79e23d0583c56b2f774f219a9e907d69e97c891f42e3904ec183fa8faf57d2ba7bbb30d812bd5754b69a89328deb2ea3775056424849b53b611f7485e1536f6a39a7aff00ac3f5fcebadb07ed27b650bc1225bfab0ad6fec047e655f32afa77b08946df51ee635a8d3bab8c706316e6c7c84b17d8ff00ca1fd6156decc8afdc73151e04b02e0bd9d045ca0901766163f89084e3ba0fe807d174d9646b7f692236bb31ad638d572cda05a57f02cfa79287679e2593d3f886eeb35071bd81ff00595b65b5368b6917a984fb1d8bfa47d10e26135a47dec764fccb17ae7d6ebe934a6b5516645bfb509f03e639f4963d58fd36bd686944e19fd65ce399eb27452192840a0087d3d69ae4a750be55c730e1b2e947f527233f5ac95a1be0af10bafd5bd55086190b629f8d10670caad2a78247e0c678bd4afa0829630d7e668d7e9f6714795bedd5e731b59de303d7994197eb1007e04796faa5ba8e15b4d194b45aeba5b0004a9f9d19c0f17d48e342e55b07c9f31ee1759c2bf5fe6b52ff009e442ba689f8c0b47a86be97994b70f6ff004975bb3aa0cafd7e3e6d6c7ee66255ff00ee21397d2efc5c3beec9160d70ca5760aebcec41b13a9dd5b6b1b2d5f8df0d1ad5d7f2d38b5430d7b89997f40a6e939c5f26bd1f6becad6db61fe7e9fd84fe9eebfd272af6a29ea38cd93bd04fa801ff006917f507aab6374a4c6a5cad96bebbeb6f61cf31ddd97d2f35c3e6f4cc7b2cff008fe982c3fd60397e9df4d751fb9eab696f9463119f42bab5883c9ada7fb51a3b649cb8ff003f4107a53205982f917582cb01edfbbcc6d6f7e2e157958e9aacbedc6b8994f466151532e0751b13677a61b845bd133c74a6c34cca9c13e48d7113ff004cd44161c7f6351759d1d8f2acfdc52b5d3d42e2bda8acfce96593a774b38785594666556fb413cfccac51e9febf819297e3d78d7953b1bb35ff00697bc6fab7f4facdcab8d95a1b5eed807dc6fde2d4e86ddcdd907919b35d434bd3b135f995eea17f50fd5afd22ca880b77aaeffd0cd6af58e60cfc30c6ab023056fa4bfb878e4184e69cdab350e3d0d62173dc4ebb750c4a3192f190b89ab14704273225a6b537b72bf465a3aaab1cb4ff00545b9fbdeadbebb7c82b0dc74a9f1597b4f79fee8831fa9ddf4951e8ed53e79ffac328cd1ca82106bc98dc60f3f85fec2ced8ffc97ee3baae4a2a55e343de0dd5117316aedc828b5b8b38f075ec62d7bc58341c6b7ad6f983e7fd0eded3600c06b5ddb12fe9d925b76f057d7aa2f2e48257aee2e57d618b777fd2d87e3c6a2cc8ead65db7a4ef40ea28c5a5e8b9994d615bc81ef37be82e8aaaddba3ce8798b3d26b2c585079fd8b3ea1a1ade5d8bfecb074ecd3fa540ec032feee771bd5994ec1ef51afcca48471c2b385f81c496ac6b3caf7331e6314749d6bc2924bf36237f5fd0c7f0b72fc90f3d43998ed45bdf684d0fde0ce559d93935583fc3f1afb40623410f22749c6e83999207663b6be48d08c71fd2c6be727229abff9b66167d02ab1eebece7e80abfb47a88a6b4f470fcb289e97cdeab6e6aae46236357ffc46f696ec8faad947b6efa8a090150791f98e5303a4e2736ded730f201d09e6eb3878a3b71284523dc0d98e51d2b4b4fe0837f9886a3aaeaac5fc5b147f2e5ff9fa8b70ba0e55aa0a53f493cf73f11957d1f0a85de5e41b9c7b2ffe716e67a86cb360b7fce2abfaa5966f64ea6a574ca2b6c7115f431add654dee9666fe64ff00a16a39f8d8a0ae2d75d7f91c9ff78059d49eeb08af96f926569efb6c6ffbc63d2507658cc7665dd5182cf9050d54ef9a87641ed781cb92edbf692d59a49ed2bd83e2095b00fda743e26992756923c0f794daa5c30feabad6e8933bff009879e218d62a51bd8f11626d86cf9939259347da59c41d76be5915b66f9304b5bcc232341001e60eaa0ab39f0b39bc222306e40cc3b9d507258c7552f656abf022de955fd6cb2e7c2c7bf4b6265eb65b9ed47a7e8f5ec8bb1f90363ccdb7b93351ccd057a310c60dbdd934eddc89d4830e4513d6560fb4971c9ca78015dee1b4a9d48d6bd342eb1a1a930456c98265390227c95fa9bdc79935f745b7d5db3a48b5722a9d63a3264d6c0289cc7d49e9fb31d99954ff00b4edc75bd403abf4aaf331dbed1b8094131eaaf7067cdb7d6d5b90c0ccd52efea8f4f1a2c6655950b286a98823c40be0d584b72e0deb50665d4012257d1997b36255ac85836982e413ed21a9c86e61857be4671f9d89d94b83534f2f2138d7f2371ad0e38892aa981119e386e2064b3d8d785a970cb0e036c8962c2e00dcac74f3ad6e3ca723435012590764b2f81c161a8358fa3204b8913dde0f9819473c02dfb48efb4883a5a09f3319f6055f300a2ddb4b461839d9943857d0e24d55bcf2600ac7b66a6d2a7ccba8bc8b59a88571cc98e3f521479835d97dfc6e2bb2f27de46961dc7ab86d5c9e3fa8f5077cb6c7b0791dc77374af7e2478efdc21d5d67cc237832083e919e86768f89e94dc49d23a95f4ad075a9cc3d57d556b474afc98e7ac7536fa2406942ea1bbac66731dd458e6f0826963183dd22b5942cb2d3636f7bdc0fa857df587f7f78eb2caa29d6a23b6f06c2ac783055bdac2df6bbf862f23da5dbd21998f7f45c8c1bd945a8a7b413ad8fc4a75e9daf21223b17ca6664f31caf937fdb6123fb5b897bf4b3ffef58b9206d76019411b12e9e82c80e2cc773ca9d8fe24dcb28168a5b64e277b7ebd574ce84d7d8e15553cff00a4f9e3ac7507ea5d572731c9ddae586fe25e7d6d7594fa619149ec620127de734078d472af6c57d4475f2739e3e0294f779932f8e0c0eb7e449d5c461332a4894b107c6ff892576907c91fcc1c36cc951b7e752c982947818d1996211a63fef1be275ac9a8822c6f8f32bc9a247b49ebfc342c64c52caa2fc170c6f51bf6a8b6b4603dfdcc694f5dc37fdd514fe0ca12b113716b086536292d345f83a862754e9d6007ebb26fd8c6946462bffe1e55677f2671f4c965f98557d41d7fb88ff590de7c92a1b7c1d9129b4ebb59187c8713165772f92409c913ab5cbad5adc7e6149d6f240d7d66d7f32bc84cc7eabf53a67f98490a7666df47200d9139b2f5acadec5ce37f9932f5acd27efc9b35fccec33b7a5ddb3a2ad5791f1375c4b58f9ff9ce7d5f5ac9ff00e331ff0058553d66c3cb5ac09fccedace56c5f0db2f43a73fbb2ff00f54953a60df2e83fd651d3ab1077f5093fcc213af58a35dedfc09189f8254e9ff77fd9735c0a81fbaeac7fac2e8e9f8a402f7123e144a0ff008df24fdc4fe4c94758b19349de0ff339c2c7e4b46fd345f2b2744fa3814a12b4bb91eec74200dea05c72cb8b5a2907fb44a33e664baed9dbf826462cb186cb1d488e9dbfc6f25a7d422b0a98edfd8b9dbea4c8b49fd45ec8bf0398b327ac97b7696395fccadfde49ef7fe0cdd7b00ed3b261634c63d856cd65962c36346ea6581d6e69faab6c07b411fe9015b0236ab50c75c9f899390cefe4ebf109b7e059d8fcb0f5525bfcc7d7e049919059a5049fcc5b5d9a0588e4f03f308c72cc39decf121a2d192f01d5936f737910bc6b8d28daf7f69b5550ab1b5ad71225ab7cc136a437b655e1aee109dcc4313cc2d53c0f7321c71dc40f8f785a00adb12ac2c13667e984238e66b61ed46fcc24807ee6304cc237c7883c8cecda80b26c3ad0f321badeda0a0331679d883d6a6fca4ac78df3293692094c1c9e1791ef45a7e9e3f711cb731935a14482bd256147b091d87731672729367b2a6a55d6a24ad748beaecc8caee6f4d7b328d064c26a04c9089bd6ba136d4ba40dbcb20ed9edea4ac26844e232637b104cbabb8710b02659762432d178621fa07bf9925cbd959e2336a803e20f7d7dc350780eace4a6759c44c90c19650fad7a7b7dccab3ace5611249022bbf07bb60ac5a50793529be2960e159bd32da18fda62d7ad94f20cee597e9d4c8dfd9e620ea3e8de095495dac6e1aa8278672d43a9321d9967caf4b5d5b1d29820e81729e54cab4390d447ba62eaab07518e3500810fc5e8371d7da631afa35b58e54c1b4c63ef71f917d49da24e8e77e619fa061c113cb80c0ee09c4b7df53eecf2d9a59ab5dadc92ca7b179805f6007529e9bc9596b62903e6dc589e6438efa69eb744c88b05975013b7aa6162234fd500ba917d6ee316b5bedb92e3bf3cc3d7148c4d4ea2cb7bb0f1ccdd1366468762178c9dc46e1ccd64b8cba223ec5ac35705c6c60442d185235b93838dbe97e27a69fa813d2b84715eeadd410395ee957ceea03b8e8c4d93d4dac724b40acbcdade615f2f26cd5a78c173dc3333376a79957ea1987eb7da7c186f52b7b2bf32bd6bf73132f5c73c89ea7119705af1ae19586afbfb870663513742cbfa57fd373f6b47b7276b43278e046d8a9728888f11b7a5f2bf4bd56b663a56fb4c563537a8f65d5b7c1856f31c08a8ecb1491d43d5d90977a61c779dfb09cdebb76a373a0578473fa13a68b304e273a2a6ab191b82a7463107982629aa58b5850620c9037cc847dca0fc4dab3cf30b1908d90e7809ac99321e7983d67c9df00f8dc981dc3262d24128de24c8d0456d193a9e6113179442c31d4dc41eb3a84290611007c1ba9d7c4d83687b4d07e26e39fe65d017dcdc3027c092ae88f690807892aefde490c99541f224aa352143f89303f12d804d92af3f10951c0d81055d9f6e64c84ecf1b9648049e43a815ff71024e7e9ff0069dc0909df024ca6c3c7024e01b7c609d180309aad038d1303d11cb1e66cbadcba5902f8631faa0f2fadfc0992ec46c0d0fc082d6eaa7709abef05acf03c09d8489dce46da2de37a98235a00f3f89b172c3434a3f89a78e479928e6fe093b822150764f992682281ee6064e8ee6e1f7f736ff33993190593f66fb401f0233e955f7b02dfb546c9899d8928a3fd65a7a1543f46c187dcdcf3036bdb11ed257ea598f836b2e07bbbb855f03e66287ef0da915f5ff98c3c884e157a81e121b69ca786118ca5579f3251676aecccf72a211c49022950c651c8621563b1e625c290788264b771d6e4f6b762962781e040acb068b4a3780bb73c01e75eb52103cc9fa0525bbae6f7f11359dd9b9e94a7209e65cb16814d4a8a380227aab30b69add328dd3763ec890ae9669a84761224653466760df646049a91ccc012551a966464994f13334066e24943066b37226a671c78099f6981363e2416442e3734ec997df74dd7c4a9240d5022057d0bf11a91c413250e8ea4345a326854e1526a7b5c6881339087660ddc56503773366052fbda88b32ba6d4adfb446a991af2641976a95f3292482d729260d898556bf6891751a12b53a510cc37d998ea351b138956b8e02464d4b92a3730fa9c092ad7dcbe2167009b3910c4c40abcc028bf23529a2b59f41ec3c4aae7864733a075244446dea52baa042e6524b059cd6d12fd5627527aaa2e263b17727adbb4712a8139470097d7d9b9150c7ba15782e66b4d1a612eb002524c618a0b010facf67307c44d2892da752fb84a71e431738a8d6e68f98ce7cc0546cc22aa4b11a13b736461225facdf33d37fd2b4f48c3232717ee627461952f6d7b31bf56e83663649d21d6e2aea3dd4504688318945a783d05738fa6ec10754bfbec237169e64f6877b09d1337a30722f602ba9c93f88d456118764b73c83292ac08f225c7a6b9cde9cae3974e0cd7a2fa17a9750652d594433a67a7ffa74d85816824f7b2ef9f990da29e3073223b4ea640ee2371975dc07c4ca7565ed2a74445a8791b848b14b22755f415c32309109df1da652bd6f83fe1fea2b907ecb07788c3fa7bd50e2f54343b00ae76bfcc3ff00ab0955d760e5d5c120a3ff0030d4bc45c05f591dca3622958ec0368f83253c7f30256e798507d81b868b33a4b2b04aa6115f882a9d1d19323e8c3c589cd3c840fe64a8799129d8e26e8daf30880490523684992c10553c7125461efe611317920a56137d8dee4087e6480ee5d304e29922eb7e7525afc9e76241365275c1d4be41b414a7f3a9321fcc12b3f91fcc9d09dcb2052412a7e4c991f9d6cc181df99ba9d4ba0124188faf1b932b33793c4094ee4c9f93241b4160aefcf337041902aa71c9264e3c789606d1223006155b173cf0a3cc0c6c422a3be366483ecc9c125fb6b1c4cb295e18f3364b12b52106dcfb9f69aa02c4b31d0f733b24b5e1773509dc767f68f7990416d0002899bac1dba5e17e3e6449b670a83926464b25878433e998ed9393b03607932db8b8ce83c151ae229e96a315106b93e6580dfde38e1578895b36df07a0d1d118439ee03918e50ef7b9251daa83644c5b935b1eddef5254abfc92fad6fe64678e4bec4e5ed233cb7327360d01be0400dc14e906c8f7320bf2987d80f27de43e4b45a88567d85c2853c7c44dd57345357629e7de4b979031b1fb98edc8893a7d0fd57a92a72501db1829c9456587ae12b24a31eecb1fa4b0b61b2ac1f7378dcb4aaf321c5a568a96b41a006a12804ca9cf7bc9eaa8a953050464f02444ecc95f4448c0020c2990b3c4e84da6ac389c41857e64e8d053c4d91f464a6435f0187c48c89e4b019bf99c5488f131dd2420485986e432c8cb733c0ea7872268e7520924ee91b90640f76a426e3b90d9383393502a623ccff2c98efea770d18a7a9d6581d4a4fb06a9f3c89edc820f1213633fbc9ff4e4ef736a28d3f22030d8e26920ae9e840d987300d231a54004d0bf6c22e1017cbc91dc8aa788bb332854a6139590003ccab75acbf3a30539603c3ea07d5fa896d806566f73631327c9b4bb1e640abb3156f2749e48c21922289b11ed3c4102710964d7b019e0429d4f1698009327251a0ec7b06a12958b4f1162ed619837eac1b85835e45ac8b0d18a539d710ba0041e24c595eb13095ee4cb87c013df547c4f4dfe8fe27a577327032ea1d169c9d92a372b59fe89a7258ec712f9602866aa76638e4d3e42a936b09944c4fe9d6129dba031fe07a57a6e111aa549fe258cf0b230037992ec6caa898a131e8502aad401f88425c0c84560c95691f328d96c145fea27a70655473b153ee03ef51ef38fe4546ab4a9e27d31928a6a28c36a783391fad3d3b4d59c5aa6ed57e75f10f5cb3c00b21c64a4f4d0ff00a856524107c896beac1fa8f4d61ddf502e98efc8333d33a65556391a048f79064526bc84ec62031d111a4b6adc2525bfd9f254594ab68f124adf4346583af74b5ab11f2108054ef52b6b0a212861e024311fc4911b70546e752453f76a5e32033826b21d5b10473c49c37cc051ff00de108fb10ca427288506d4955c1f780a58770856d8108981944311c03260ff0010156238d092ab6a113012805879b823e60a1899b8632e983710a46224c8f0446275e24a18efdb625d3052885abfc4915fce8c15589920265d302e216ada9356fcf260684fcf064ca3f2659305288723a0d1f264e2d2c74343f30146551e3664c1a4e403885f7afb9e648b66b91e606baf277270ff0077896c8368292c23e24b5f7587e14730404b11b3e66ef69ec289c2fbfe6736728fc9b5d6067e3c78118f4a5358faa002df98a6bdb36be231aee6a51029e0c1cdf8433a78a52decb4e077e4b01da018d2e295d5d8c4771e0c4fd12d62bdcc7cfc42721bead849f022b2ef83761c433e584d5fa5ab442edbe4c233f201c502bf78ad6b0477126079f94ca56b5d8f990d659db9c62d609aec90834bcb418dbd80bb1907779dc5bd5b2caaf680799594b04462df245d432df26f089b249d012f1e97e943070d59c7f9ae364c41e8ae9299361cbbc86edfda25ef5a999a9b77708f47d374bb23ea4bbb3651c4c8131bd09a927516469992d3da9a8e66dbd0928e361c48edb00123b6c220ecc5a0e52f82f18e4d9ade789a779dcf2a4dfb44827844f43ebcc311c1115972be2495de44b2960ab86462791216af6db91a5e4fb4983ec7896ce4a6307bc0905877256321790ce0774ee33534902108399bb0e24609006dac0b2ac5d730dcd21549958ea192c18ea0a6f0121c870b137ad884568846c6a559726cfa9e637c5c8728366094f90cd30fb1803f88bfa86625487913197732a932a3d632ac662373a53e0944d9fd586c80657b3730da4f3b9a142e4ecc953154eb7176db099005059a10b51d78872e22aaee495d22460ec8a99089ab9e233c9a06b7175aba3a90f82d92103664c8bc48c0d4954f12a433cca644ac51f7095e6417ae8cb64ac90c71b289006e37c67e0132b7884f7812c18ffb64b90ac97219f504f4827a46e2b83fffd9, 'Blue Keyboard USB', '186.44', 0, 2, 2, 28, 0, NULL);
INSERT INTO `order_used_product` (`product_id`, `current_quantity`, `product_code`, `product_image`, `product_name`, `rate`, `threshold`, `brand_id`, `category_id`, `product_entity_id`, `damage_quantity`, `product_content_type`) VALUES
(3, 102, '', NULL, 'Blue Wireless Combo Keyboard + mouse', '614.41', 10, 3, 3, 30, 0, NULL),
(4, 277, '', NULL, 'Blue Keyboard PS/2', '186.44', 0, 4, 4, 29, 0, NULL),
(5, 147, '', NULL, 'Blue USB Mouse B -203', '135.00', 10, 5, 5, 34, 0, NULL);
INSERT INTO `order_used_product` (`product_id`, `current_quantity`, `product_code`, `product_image`, `product_name`, `rate`, `threshold`, `brand_id`, `category_id`, `product_entity_id`, `damage_quantity`, `product_content_type`) VALUES
(6, 138, '', 0xffd8ffe000104a46494600010101004800480000ffdb00430006040506050406060506070706080a100a0a09090a140e0f0c1017141818171416161a1d251f1a1b231c1616202c20232627292a29191f2d302d283025282928ffdb0043010707070a080a130a0a13281a161a2828282828282828282828282828282828282828282828282828282828282828282828282828282828282828282828282828ffc0001108015e027103012200021101031101ffc4001c0000020203010100000000000000000000040503060102070008ffc4004010000202020103030303020404030705010102000304112105123106415113226114327107421523819152a1b1c133d1e10824538292f0f11625346272b2ffc4001b01000203010101000000000000000000000304010205000607ffc40033110002020103030301060505010000000000010203110412210531411322516106143271819123a1c1d1f0154252b1e133ffda000c03010002110311003f00e3f8b66888da8b36221c46dc718ded336c3d9e9a630563241b98c74dc3aba37ed17dc6c5330328c67be918dabc5d8f13cf887e259487216204c40418d1012a20f4e390de233c6a49d4b6f2d6c93590ae95493609d23d3757685dca8f47c5fb81d4be748515a890e793cff50b38c22db87c2099ca40eb03a725557cc93f52afef2ade4f32eb96ec8a333106c9d455757d9b968b806588fa826b7a8bd90c8ed126f8625b6c22671eed9e64592399054da6909611a0e1988dad21ab92f45a07d707f3015b3bb42583a153b6066874f866cc991ac7b20d16fc01aac43e0988ba410bf69b33ee612e4d19605978e1d4ec43cf891b8d89d09345648e71eace829915390a37388fa9fa1b62dcc42e84fa7fa954ac8773967ad7a7d6cae7b46e398564391669c5f07086aca31044caec46fd4f17b2d6d0f78b8d64449f0ce6b26f41e443eb5d8815034dcc6359e24a9147046a76a66caf23b9a43dfa844c5e4b0f01a2c13c5c40fea4f7d49392380a2fccc7d4829b2643cedc51c50586066eb0646932349dc46c0aafcc2e9e0c011a135d93b257b0ceb69306805564215f72c990c24d9a12dfe8ccb1f55413292dbed30ce819e71b35413a1b978496704e1ae4e8deb6a8ddd31c8e7ed9f2afadaa3565dbbe399f5a332f51e9440209ed9f38ff0055ba3d946458ca875b9d7c7da12a97f15338f1626fd0f9977f4be19b0a92256ba774e7b7286c1f33a6fa7707e856bc4f39d4356a95c1eaf45a7763e4b0f4dc25441b0238ad1547103c73a021d5733c76ab5965afb9e9b4fa78c11bfd3d89eaf18b583509ad771af4ac26b6d5e388845ca72db1ee333946b8e58dba0e35894823708ea2f62820ee597a4e004a06c7b40face103bd09e9a7a1b23a75b4f3eb55095af2526fbac1b23720aba85a8da24c7e7a7776f620397d396bd9d40e9f4b647dcc62cd454d6d16750cc6b6a20995b4a03e58623de39ea03b01022bc771fa803f334e1cbc3139cb6c783aafa194256baf89d12a3b4139b7a3ac0157997da6fed51ccdca562263cde6416c421dcdd195c79112f57cd34e3b38f69451eb734e7fd276f79794a31ee4c2b94ff09d42d5ed1b101b328237dc62fc5f50539189de586f529fea1f517d2b4f6180b6f8d6b216ba253783a563e4ab2f044c96db7139af40f548b1c2bb4be74fcdaef50410773abba36aca22ca655bc31b52c6100ee4150040d49c086026d3463a137f68a7aae6ae303b3a9594945659318b93c209b32154f2669fac507ccaad9d40dcff006985d459977b882d7a72c21c5a5c2cb1f5d988535b89b2ac0cc4c81cb7ccc6b6a62daab9d8b01aaa9401b2184d3172cd6e3991e5920c0d092f321c9c1e50fa829470cb9e1e59b10487aaa0ba86046f620fd27f60dc32fd11a9b55df355e5b32675c7760e41ea7e9ef5decea3de2ec0c8ed60af3a6f58e9cb7a36d7739bf5cc36c3b4b01a10ba4d7b94b6cc4b55a158df0187d45f99e95bfd79f99e9abeac4cef4a5f0712c5fb58031e620dea7bae7487e9d94415206e6dd3f9d4ccd445c1b4cf6da5b93591de0d5bd4778d8bb0388074d4dea59f06a1da22127c9a70d460829c3e3c491b0b63c47155435e24a6a1af1232311d495ffd168f8856363f691b118b54268da41ed29b985fbc392c07e032d7a8ee9ea0b5af994abb3be90f31764f5b2be1a163960beeaee6745b7ad2aff74970fac87703ba724b3adb337ee31a749eaac587dd2ee2d047d31289d929cd0e9e60d996070655fa77516651cc68327b9793263172322cd3fa3220ca1adc00b69a119778e798b9ed1bf30ca8f92d19e5610cb1db6c372d5d1f252b03665153242fbc2eaea4507063743548bdfa395e8ea74f51ac28fb84217a8d67fb84e4e7acb8feff00f9c969eb7603fbe32f551145d0e6fb1d57f5a87dc4d5f2d35c1139d55d62c6fee326ff0015b35e4caad5d6bb839f45b116bea398a10f339afab7395832c659bd4ec65236654baaabdec49d9867afad2c4403e897772a19c9f56c275165d8df8965bb14a9f104b31c7c4a2b14b933eed34a0f12457be89532404811a598df883be3cba6272ada006d9323221cd47e246d41974c5a5060677304984b527e2686a3f127251c4837320cdcd7f89e1599d92bb4ca34211a42b59dc9ebaccb64ae0955a115927534aa827da1f8f8a78d893928e1293334293185549d4df1f1f5ad88725600957318ab4adf7026af4b14e5b9a6d0c0eb51e64680310f541b060f78ead3a4b05fbd17d78322d5637e249eb8e815755c56b1141244e5981d45f0b2010c40dcea3e99f50579948aed60763de395cd5b1daccfba0e99e7c1c85fd3a70328ed3437f11be2d6100004e9dd77a2559559b2a5077f12859dd3acc5b0fda753c7758d1d90939783d674ad642c8a5e4da9e2194b7222caecd0e61587606b409e55d6e4f07a38d9b564b3749c337b0e2740e87d255154912b9e9a450149d4bf6158a106a7a7e95d3615fbe5dcc0d7eba537b576095a8569a0225ead605d831dd968ec950ebf91a63a336b538843833a9f748d16c53b8bba8fdc0ea414e49df26496d81c4453538e034b31655fa9d44ef8880ab5776c4b967d4a54c416e382e64469c3e0bbb72b038e81d63f4dda18ea5e7a7f5a17a8fba726b10a37db1cf4ccf6c7a892668d72715c8935965ffaf755ad709d598789c53ac64777522e87de32ebbd6ecbdca063fef13e2d3f5ee04fb9989d435ed4b6aec7a7e97a48c63ba45b7a1e75ef4050c75a84e46135e497d9dcdfa1632d68bc47c513f110b357be38c849d6a13ca4539f0adc5b3babd8d4b0f44ebd76332ab930eb284b06b5344e8aaec081a93a6d44d492883ba30947de8e83d07ab7eaab53be6592b6d81297e9dc65c750372e18e76a27ada9b714d9e6ed8a8c9e09cf8948f587d42e7b772eaee157932a7ea3657262dae7fc26174bff00d132bdd314800b79961c761da04ae53705b351de2b7728d19e7b4b672cd6ba3e426f5e362400e868984904ac12c521a1ad934f2063cf00972176995a15344c9d8841b300cdcb03c40a5149b619372e10fb05876f10cd77443d1f2bbc81b8ff00bc05dc7b4ed4e3c895b171911dd50287739bfaf912ba1d86a5f73f396badb99c8bfa85d58355600d29a8b615b5b7b85d3d32b739291fabfccf4ad7eb4fccf4bfde2447dcd1d7ff00aa1e961f7d95a7e78138f575363de5186b467d81ea6e9099d8cea57675380fac7d256e3643d95d640defc4f43aba7d58ef8f712d0ea363d922bfd2dc6c4b5e0d83b44a5e387c67ed7046a583072b81ccc09c5a7c9b6a59ec5a2b71a929b06a264cb007998b33801e60b0315b632b6e03de2ecccb550798b32fa8e81e621ea1d4ce8fdd2d08658fd51c85f52cfe4e8c457e59663cc5d979e589e60b5dc5da3b0ab08d4a7da37a9cbb8e6593a3a1d8dc41d369ee209967c3d54a0cb6cdc5351ad505b5168c1b456a366196755445d774a95d9c5574a62cbb35d9b9630d18a8231dd72be5965b727aa86de9a016754d7bcaeb6610bc9805dd436dc19cde4d2d36857c16e5ea9b3fba1033b63cca18cd6df061d8bd476344cabc9a2f44a2b25a4e79eef327af348f26576bbbb8ef7257bfb57cc5e4d8c57a78be0b7e0e7ec8e63fc5b858a399cd31331c3f1bd4b5748cc66d6e2f6317d568f0b28b3598e1c6c08bf27108f68eb018588370abb103af889bb1a7c18bebfa72daca3e4e2820f113e550509e25e72b048274225ea1804a9e239a7d5ed7860759a4af530cc7b9542a0cd4d1dded0ac8a1aab0ec49a85066cc679594790ba8d927190adf1f5ed207ac0f22591b19597c4579b8a46f42114c5a55262a35833dfa7dcd8828dcc22820c9de0fd04c0ce2fe263f49f88e56b5227be889dbc8fbba142e2fe24f5e3eb5c466940f692fe9bf13bd43969a2074d2043e9550041dd4a19a8bfb7de46f2f1a22866a409ad97003cc5e2f3f334b2ed0f33b96152489afbb7ef16669ee53317dff009833d8594c948ab624cf3dac4893747eab6625cba623fd645d457cc50188792a4e3ca052ad4f891dbfd37ea45bab54b5b7edcc7b9b838fd42a2c9ad9138874acd7a88218897ae89ea37abb55db88756d7a85b2c33eda2dd23df5f63dd67a259416640621c677a3200704733a3af51c7ceab4e549311f52e8e96317ab531b57d07ddea546a68fed0c5af4ed1af40cd02b5e65aa8ea810005a737a45b863df89eb3ad3a1d313214654ac341b7c2e798b3a97f8b065fdd13751b45e4f329b475bdff74618dd445a4732b2b77ac32d186d794196294f1057c9743ef18d605c26b66006f020363cfb436e4fb8aafc8664e628bafd3cb067620aea26533a85df4ed2213738f721414bb06bd9dd22bb20d7591b81539835c981752cc1da74634a69c720141a910e45c1add931af49652e366536ecc3f53cc69d33a80523998dabd32b1336f4f7ca0b0753e9f72041cc61f5c1f0651fa567b5aca034b862d45aa0c662cf4b38fe11e5745fe21c6069c8263955d2f11374d1a31c1b5517930f442552cb15ba4a6f08df1ef74b401bd4b8f4b72f4827e252a8b51ac07896de957a8ac0dcf45d32f73586ccbd6578e5236ea96ba83a956ea2cf603b968ea5623af04188adac36c6a535d972c265b4ad259c158ed6fabfeb2c1d294903734fd06db604638957d3f6993a7a24acdcc72eb538e10491a12074061647748d92684e1b84a32c0ab31480752bbd40904cb66528ec3b957ea2a1ac2045adae3143fa79659bf49b4ab031d5d9fdb5f995ea1854bb81f50ea3a5201e62376a3d15b62cbcaaf525937ebfd5fe9d4df77b4e47ea4cab33ee645d9d9969eaad7e63955d9dc27a07a55aeb95ed43e7de33a1d15bab9a935c15bf5d4e8ab7cf2732ff0002bffe033d3bff00ff00a5e9ff00804f4f4ffe9479cff5e3ad3a061a310f5ae854e6d6c19012658019960088dc66e2570706f54fa24a33bd49fed2819585760d84303c4fa9ba86225d590ca0ce5feb1f4fd67bd9560efd346d8ee5dc6f4fab941e2472519640e4c1afcd3f30eeabd3da976d095fc9add7d8cc6952e2f0cdda6f52594632b2c907989336f2dbe615786e62ebd189f12f0860d185b8027625bcc33a7aedc13046420f22158ce123514d933d6b8ac16ac17545109b73801a0656973b5c6e6eb91dede64be0ad0bd57ba43a3965e44d76b9305461dbe60f9161f00ca3e4d4a9453c04646402340c099b990963ef31dd21bc1b146d4b825efd4d92c2a78322452cc00049f812efe95fe9ef57ebfdaf5d46aa8ff7309cb32ec16fd555a78efba4922bd8b9aca3930aab24dae06e754abfa1b91f4416cc02cd7895fcdfe98f59e99d412a15fd5463c3a89d3ada59684f4fd73a7d8da8cd64518350204b1f4e409a225b3a27f4caff00a4ad94e54fc46597e81b71ab2d459dc47b40cb4d36b38336debfa4b25b378bfa3bec812cf4d41ab953a69bb02f097a95225a3a7e4074132e71dada6666b567df1ec47938c34788a72f141078965750c2019146e2bbb0c0537b450babe06c12a224a6a64b3444e819b8a0ec111065e1857d81ccddd05b95b58af54a94e3ea441b1e8ee5e66b95840a98cb1ba7e53aeeba9888453d3b2eed815371f89ab8479cc944cfc02092045c11ea6e44ea167a632eeafb8d7a89ba9fa57268acbb5648fe255b8fc929b2a09780399bae483c6e673708d648d104451697a9b993b4edc58f1ad53adc635856594ea33fb3de38c1ea41c81b92910e436bb17bc70201760383c0961e9ddb681b8e060a3a6f425f6e48dc73ab68b2bf20c12c0e4eb997bea1d3d39fb624b30007f13b183b392bd5e1bda7910d1d348af6447b8d8c89ad8109b8562b2389c460e6fd671cd7b959b387979f51a021b528d943561956880dc37f1190bca0d8312e23730e66fb22ed6241db528e18e70bacd94b0fb8cb4f4df5087003b09cccbe9bcc96bcb6acf0669537ca3c33ceeb74509bcae19d8eac8c7cb4e75cc1333a2a5db6ae73cc1eb765447dc659ba77a9c8d0731b71aaefc48caf52fd2bcc5f04b93d1afa7657733d3d2faad01818f713ae6364001c88ca85c4b8823b625774a8cb980fe9fed0493c584fd249641b8e553ede64185554a076910d6d76f1107a0b2b36abea94dbe44fd4d3bab602737ebf8ecb6b1d4ea3949dc0caa75dc0ef563a8adb44bca3468d4c1f66739b6d6ac1f68a7332c9d82636eb6a69761da65572ec249e0c0a8c970c6b745f28c5b6f3e66d8b7b1b4053ef165961df327e9b90ab949ddf32b25c178b79c1d4fd2b8b6b847d19d028360a8268c47e83c8c6b31901d6f53a26162516107881a946ccf25ac7287716e0ab226da0f9d91616d26e5833b1552b3d915e1502cc8d38f780d568dcd28c584a350a2f748d7a4d77d8c360cb196b71eae370fc2c7a29ac1d082752ccab4546a5a3a47a3ab3bb9225a957cf1804a732cb1f4c630ac776a24aed536f1a8f70ec508366034f6cee7ee64de943b0763d435c8929a175c411b2953de48998ac3ccd38edc6045b7dc9457a9ad9a026e96a9106cbb7ed3a97753c7057d44bb80750b0052256b2016b0c7590965ac4733d474c2c76d157d3eebdfc078ebeaa5772b76d7638d283224e8d65edf7032ef5f4fa6b1b6d4c5b75148e351ed3f42af72959cb33755d6e49623c15ec2f4ed55e99d446cab462a69401a8365f531c8589b2b31df7ccf4ba7d2c6b588ac1e4759d45cde5bc8f7f5ebf227a55beb37c99e8d7a4677df247660678b803cc85dfb4457d43a82d20f331e35b93e0f70e780dcaca550766543d419096ab0e207d53ae004fdd2b797d50da4e8c3492ad130cc9e44dd67155ddb425672ba706278968c8b0b9d982b2063c8885915263d55b2814ebba483ed02bba400092b2f6d8ea7da079b8c5ab29521773e028d983f490d2d648e57d62b5a09d711425dbe04e9abfd33f517a8727fcbc638d413fbec1a9d0fd31fd17e8fd112abbac5af99967c21e165947e0b3d52ef26718f497a37abfa9b2026152457ef630d013aff44fe856915ba97506dfb8ac4ea7d130b13a6eabc6ad2b51e1504b2520b0d9e24aad79292ea56ae2be11cd313fa33d029402d7c8b4fc96d49dbfa3be9a3e6abfff00ae74b55e3ccd82896f4e3f001ebb50ff00dece5195fd15f4f5a8454d9159f90db959eadfd092367a6f513fff009b1677d2b305643ae2fc07abab6b2a798cd9c7fd1bfd25c1e956adbd449c8bc73c8e275ac0c4a71695ae8454503400124280f91361c78968c6315842da9d5ddaa96fba5964b30e8adad80489853b9b491733a02417107ed9ebdca01f10777fbbccab659214fa93a4559986cc00160e4194de9ced5b9adf8653a9d1caada077ecea0991d1f0ef7ef35056f95e267eab472bde63846a693a82a60eab32d7fd08e93dca261abd98faae914a700b1fe60b9d82687daf286646a3a7dd547d468243575ce588b2b99d47da48114e263d7667aadde372d5751dea6277c409901cf047894d2dae3621df514ea945961ad6aaa90115400219875d657b954731225c7e9e8993e367fd1d03e27a377a4f93cefa6c73b5fa9dbad4cd98d5daa55d41066b5babf6b0f30953dc273e4af6295d73d118b94b6d94ed6c3c8138ff005ee877e2655945b59d8f7d4fa58c53d4ba2e2e67735952973efa92ac713b6e4f983fc26c2fc031bf4ee94e84120ee767abd1f87558c5d01d991677a62a44de3a7328b5b0ddb5ac17f41e329943c046a00dc6a9d4828ed91f50a1b1ac35d8bda6075d219f71e8bcaca1592e4681ff00503c48adc1d8d810ce9e88a06e34d5457da4b472651f3aab2a07b4189adb2eee20ee742cbc5aeddf0228bfa5a6c9d48c16ce4e7bd56b67ac92252fa857db619d5face005a9b42738eb3476d8d2ace1363b69a321f72450c7b1a174646868ca4a3e51ca7e0f5dc3484bcdefb437881b3f30d5a33f532c20a16185e3dadf31621dc2a96d11188f0663e5f238ab36ca88d318e707ae5b591f71959076049aa6d6a355cd99da9d3c5bec742c1f5458a06d818f31bd52a40ef9cb6b73af3275b9d7c3461493ee20ea9c7f0b3ae55d768b472c26f6dd8f92baee1cce495e75aa7f74368eb16a7f7191b212ee8b2bf515f665c7a87a728cb62411cc4f91e85adc1ed02418fea0b575f798cb1fd4b60d6cee525a4aa5e0343aaea2bf2caf64ff004f98efb562bb3fa7b90967722b4e8d4fa954fee0231c7ebd8efad8581974fa9f81cabafde9fe22afe97e859783da0f7684e8bd34df5a8eedc068eb18df0b0eabab639f1a9996742a9cb31e0d8afed2dbb712e46c6e77af4d044564b3b8091af54a4fb89baf51a3e44bc3a4c63dd932ebb29780e397694d08ab26bbed7279862750a3e449abea18e0f3a9d774a85ab1226aeb538bca17e361de181d18eb1eab828077329d53180e3536ff0018a478d4157d26aabb20f2eaf3b3bb376c6b1be64f8d8acbe4c09faca8f105b7ad1f68cc74505e004fa8bf92c8aa15796905f6d63cb0956b7ad58dc0304b7a85afe4c663a5484acea4df62d2f9b527c41edeaeabbed9556c8763e663b89f261d52908cf5b37d87791d5ddb6018b6ecab2c3c983cdbda1631485676ca7dd9e624f9905ada12476e20b6926150a4967823effe67a69a33d27722be8c8ed394dda8673cf57f52fd386d34b8f59ce5a29624f8138afac7ab7ea721d50f1b99317e9c7733e8318ef9600f2baab5d61fbb89263e406f2655bea377f118e1dcc35b884ed727c8f46b49163d82246ec04046569630f4fe13756ce5a87711be540f2242793bb12f4bc1c8ea77fd3a1743dd8f813a8fa27d2f8d8486fb505b69fee61ff4928e89474fe9e94e30eced1dd630f27f12cbd2b4b895a0fddad996c61e01b79092b5d637a0008b7331ebc956c8efd300403e66dd51ecac3907ed0371674ec96282b3c961fed393f0411f48c5ec767625893e4c7c8788356151468422b20f8f3252c1cc901e26e18cd04d84e20d8319b6e6826c271c64733c44c8999c71a73ed3753b9ed4c6b5e271c66c40e8418a196caec2a549d7831c03b106cbd687cca4a392c9e016a240fba4aadcf990702495f265136732757ede77c4f160c87637b90d809e7d84c125546cec4b6591803caa807275a062acca468923c461d533531d17bb9d98a6fcd4bd4aa83b331afd14bd5df05c31fa35092e7b8156ed61d229d6f508fd05eeeaae0aee478b6ddfacac538969a53cb11ad9963b2d7b6ad0acf77f2388f42b8d89e73c029c9c5e7e48f07a7df428eebbb87c42839af87e07cc002f520085d6bdb913d7a751b69edfa4a1bf9959cd417b212e3e8428e5f2d0c45abadf7091599d5280430222a5c6cf1aeea8961f9e264e2e515d1c7d6ff22293d4dee3ec835fa30b1aab4f990c45e961f337e35a1e0c4b657918b4317a9b8e60dd3fac5a2eecbc015b1d29f88bad538b51bd6d6c37a1959ade520bea7d1a8ce7dba0d8f7948eb1d35ba6e515d1ec3e2753a46d47e62cebbd2c6763bd7a1f53d8cd2d36ea5e7394276e26b18e4e596e71a7c41ffc6dc1f30feb7d0f270b9bd4689e08890611277a9aaa49aca12c63b8e717aa1b08dc622dfa8bb88f1310a9f11d63d7a5024e4815f56a7beb6e2733f51629576e2762c8a03d644a07aab0b418ea55928e57949a260bdc57c46bd46bed731532edb4272073467b899a9077cc6189845d76448f369158848312d42ca0743cc22b6e608a64ea7c42a33986a36c422b6802b6a154b4345e004d6e0fadb526d82388123494346131394704ad32a645dd36532c81b2752449ebb0fcc1819221974c04906a5a4426bbd87bc050f1084f1089827141f5653a9fdc61f4e659ff001189c1e619411a9ccb56f9c0debcdb07b993a66d9f262c493a9e20c71219266b9fee3265cbb3fe2316d664eb3b0764635e539fee30cc7b9891c98a2b6d186e3be8894920d5c874a763cccb27121c67eed43c26d605bc0da8ee16b8d19886b51b321b2aed30b19a627652d724426e0cc6b5ed31ccbe45dc706e0cc334d76668764cb64ae19866dcf10029dc952ae36603d42e15a91b8394fc218a68c7ba47bbc7ccf44ffaafccf416e637e9af83a17ac721c633f69f69c7f2d5acb989e799d8bd4d4fd4a5bf89cbb2e9ecbd811ef16d4ae11ea296285c6db432aa3b449d1003373ecaa364ccc9771d4f81afa7ba460e623ddd5724d14ec25614f2cc6743e89d26be9fd6b1f0ba6804a561adb7df5f139efa7ba064e6758afebe42574d0064147f71be07f26765e9386bd36bb3a8dfb16dea0d9bfed1ec04b473db00e58f908ccc954bd719c2fdc7924fb42ba65b55f6d8d49fb5405e3c4abfa830ee61faea2c6b56de78fed1a8dfd21897e3e08368eddf2013cffac85649cf6b4438a51ca63ab54b964650762204c5b29ccedac1209258fc47b901bea9643b217f6890d07e86293601f51cecee5df25570448416edf884a702098c87bcb160493e04380964733226c2600d4d84838c89902604d84e38c8991302644e38ccf4f4f4e38c1100caadc313fb81ff0094613046e73593bb091ac1bd0049fc4deb67f2388d4d487d84d4d435c6a5540e72030cc3963b91e8ebdcc38d334b42d4859f400845144658b7231d6e4edb5415f8320fa35523c2a81246cbb321d97193407f711c4c3f4bfaf607b8b3ebc0df128e5c7b164ba8e3f17068b750472e5bf0a370bc760e40aaa3af7df9108c1c14c753dc011ed09e17851a139293ee4bdbe08c54dae648a87de6430f7990e3e65c199083e267b44c861f330d6003cce385bd76cae9e9f6b3f8d4a013b50c7c13b11ffac735994575ff00e183f71f93f11374ba7f5ff46a5fdddc3bbf89e53abc9dfaa8d51f0bf9b36b451f4e9737e4b862587f4f5eff00e11257b3b7f331653f4c003c01a9a6b4398f66c87b449a52e451eacaaabba6edff00703b1289f4d01f02748cec15cba0a313a956eabd02dc65efa8f70f89aba79fb70c4ed8bce509ea55f8840000e2060b56fa61a224bf586a34049fbbc895af52e30b2a6207b47df5205d4d0594b4e391c2fd44a6ab9b88af0145b68dfccb87ac3a792ccc04a8e32352f39039e4b0835d34fb7895eea391dec40936564395d7316becb732e98b5b968cd7c986d69f6c1684db08c117ed84c88a8109e0c92a6d1134b468cc21848b169ac30e569207220e878137ee868b033879270e26ead07066ead0a98bce2168d2507982a34210ec42262f24155b422b681d6da23e210865d302d05298450da3a82236c68c991b99607d9e465534211a03534215a546a2f80bacf3094681236e4f5b4865d20b5309a5bc4095a4f537328c2447984fc88d92c1da257f11f98cebb0c0c96476b9610c97444d1eb0c7c48abb46a1159dc172863892c10b63f12234ebda1aec009103dc6594d949530c837d19a9a8298784e3660794e177254db292a631e48afb4568655faa647d4720465d4323ed20189141b2de65272da82d35bb6497807d37c4f469f407c4f45bd566afdd51d07d49955a56dc89cd331c5b7b110ff52752bacc928490226ad89f327552e76a1ca238592515924051b26496589d35d2d57165ca41d0f0237e8d421054287bd86c93e107fe70f1d2e9ea99410555fd1a4036378f1ed15d9859f21f773cf606c3f5155d417a76c20baebf56328e4007f699d43d49d431ff00c3be8e41740ebc76fbca63e061558f4753a69ad7ef64a57b3edee1e5b892758cbff10e9c2eb5c2db528d0d6bb8403934a5b9a7c16da9b58582fbd330d2ce89450b6165ede09f327c5b0e19b2ab41017f69f3b113fa0b38e5e0057705d38d0f611d75820909f6edf807dc4ba9270528946b12699b74cb05f6dd6024ece8099bc2bdc558f121e9159c7b6cacf81ef37cf46ef014724f1253f6e591e48ab4b065163e3c43d60ca7b2c087e3cc281f8974b043369e135dcd84e38d84c89813338e3226c26a26e3c4e38c4f4da608f89c718983333c44e38d0cc6e78cd099620d5ed23c7302b2bbb22cff0031c8affe11ef1804dcd96b9cc94f00f4e385d00212102cdb859ab371b9c4187603cc03333128a99d980006e2ef527581878967d23fe6f81c7bca9d9d57232b1cabae8b0e4ee63f50eb54689b849fbb191dd3e8a772dde06b67a91dd9c004007edd7bcd717d40e0b9c8246bc6b9dc42a0fbebf13764d10c399e225f6975ae6a595f91b1f72a52c607abea770e414257d8c89fd4761ab90ddc4fb449dba3e26e554d5f00733a1f68b5cf399ff227ee542ff68c3ac5a2ee9e9629df3b318fa0f17b16fc9b9482c7b560dd37156ce9c438df778967e9b4ae3e3256be04f4ba184afba1aa9ffc57ee25a89a856ea8fc86d8884120ee0c5430e042409efa7da4107f77b4dc9437726627801d143a3e24592aad5c3efa09f278805f4b6f420a6a515c22cb0cacf51e8c97585d7831065f4dc8a09217b93e44b0fa83a9af4fa49b0ebdb712f4deba5cff0099ab2b334b4107745b933235fac8e966a22cd95f322b9c1520cb65f818bd46befc6215fe256ba8f4ebf1588753dbf30d6552817a7530b5662ca57a8b105aadc4a1656204b0f13ab750c7efacf128fd6713b1c9d402630d64a8e451c788b2e4ed32c37d7e62ccaa7f109162f3880d2da611b63af7288b69abef8e31974a2153147134b31f7225c6e630d4ca81bf12e9829569f703fa65646dc18c5abdf883db442c58bd95f1c032b4914c8990a9994dc2a6292884a98456608a799329d42a62b3885a993a371a8223c941f8844c5e510c5693234091fe64caff0012d904d0c6b793a5916a3c9d1cce2c98ceb784d6d1652fb86d4dc4ab6315f21d5b422b6e6028d0aa4ee0db19511ae21e63056d08bf11490219a3a940c9609d6dd11cc368bb88a744193a5ba121c724c26d318d96ee7ab71b807d7fccd7f51a3e646d2dea7391c3dc0279893a8e4e81e669919ba53cc4d95926c7d03298dbc9773dfc234bed6b5b536c7af441326c2c62fc9845d5f66844edb32cdad1e9fd38e59ed89e9aea7a0c7469ea5e8ddee5d57912a5620c7626c07b57933b0f56c70c8dc4e4feb3de212578ee33435108ec760be9e6e5250187a5dd722fb80d2a32773313fb44b4fa72ac7ea1d332a8ef0a6cbbfb5bb4951e2738f4733e45b920921190f319fa72dbeaeb38d8b4b90ad72a13bf93311deb87259ce4d274bcb49f63b7a61638c64e9f456ab585dff12a1d53a6e5d3ea4c7aeba45d4b9eed05d80a07b88fb2fead1ea0c4ad5f4ac9a3a318e40aedea75abb04b2b04a9de891ee216c8c6c58ed8680424e0f3df22cf4704aa9ea19a5052bf57b75ad6bfd3fd639ea01ad6a6e51b1e4ea7ba6d743f4dc8545e19d99947926418af6578c6e21be9eca8561ed291f6a517f9ff00325fb9e50d30ad5b81f9f1319258daabf1e2438050e9d015eef68512af67b77ac2f2d14ec477d5dfa234180e66b8cfb5d79d49ed2000cdefc4828afb093f33bc93e09c4dc4d04d964906e2640dcd479926e71c6546a66604cce38f4ccd66671c7a7b73066671c68fad7320d8df995af577ac29e8d94316aa8e45c00360075da0f8ff005959e97eb96c9eb04656aac561a55239111b3a9e9aab3d294b9edf90e57d3efb21ea28f075142353ccfa114d5d531fe98636a05fc980754eb3db51fa1e0ff71f11a9df5c16e6c5e354e4f090f2dca441b66114e6f5caaa6095a3dac7fe01c094bbbabd8f637717b3635bf0211d0999b26c2ccc1557b8efc4f3f6f5f8596c68a3bbf3f068c7a76c8b9d87babbd97e63b5ea4007ed1053c288c33ed6cb3dea9bd1d03f890578cf7376d75b3b6bf6a8dcf1baf8cedd4ca50f76e7c1a95351824f8c0328dafeee77a92804211c6a34aba43f78175889af217ee325bba790bda9f773c13ef39747d535b9c70525a9af384c43cf71d4f14e07e63fc6e882c05afee563e02c1aee8d9287852c8a7f703ed21f43d624a5b3299cb575378c8774a4229a55bd86cc7b53889b1476a8d436bb347933db6957a105132ae7be4d8d91b737302a2dfcc2830d799a95cf72149470cdecd33f274244ca09e4f133dccdbd0d81ef232ff3225625c9ca2ca6fae3d2795d731c2e2660a1436cf72ef7394e7267fa57a97e8b39831d772b0f0c3e67d1434dc7138c7f5db0f229cac0cd0aa7108356c790de7996a6c95725b1f0c475da685b07292e511749f50abe8a3f6b7f32d983d671f353e8e605e780d387635cc84156d4b174dea8c085b1bfd66ad3ae8cbdb69e7ecd1d953df43fd0e85d67a276a35b8df7d679e273eebd8074db5970e8bd7ecc7212e6efa1be7da35eb1d1e9ea386723134c08df10b7e978df0ec33a1ea8ac7e9d8b0d1c0b32935b90445f757b975f51f4a7a5d8f691a952b57b5b4624b8e19af24a4b280129d36f50d41a135d4912122c5a7136026c16642f13c3f30a98171322798033c4891f71844c1b89a3d209e263e88125066772e9809413076af531e24cc60d6102154c4aca5f8255692a3c0459a9256c58e80dcb29a1774bf01eac0c9937bd0e6630306dbd870752d5d37a19201610366b215f7639a5e8d7ea9fb560474d0eda3a85262587fb4cba627454006c08cabe8f5ebf68894baaa4f83d055f64a4e3ee6502bc5b17c8308ad58704197c3d1ab23f689037411be165d7528bee527f65a70fc2ca9d6ac7da198eaddc3832cb574655f22155f49407c0837d4e19c048fd9bb31dc578834bcc2491191e9c02f105b710a1e043435d5c815bd0ee8ae011a42cda935ca560acdcf31a85b1976664dda2b6b7ca326d321b6e207998b180117e4dfe4084dc857d379c18cac824e8198c3a5acb01226d8188f9360e0cb363f4d14d7b22257dde11afa1d265ee6438c82baf983651d9845cddada120b17b844136d9bae2a2887b84f4c7d333d09c823ac6657de844e3bfd54a1abcac655d720920cebf9391da2708fea6e53dbea360cfb0a38d7b4d0d54b6d0f22da459b560b07a290e3f45a9a9a83b3ab77aea21c6cabb13d455da6bed22d0c57f832fff00d395a97d2297681b0ef7167a57a21eb7d77abe5dcaa571c76a03ff0011dffd262db5b9c6091a909ed94f25f7d3dd6307ace50b6c0a6f45ee0df1f887f55c3b06550695670ce5859ff07f328fe96eac7a2e2ddd27282151631add7d893cce934d9f57047d23b60be3e65e0d5d0c4bbf90335e9cb8ec05d357230cb0f2acfe77e63db956dc5ec3ee228425531d483dee4f119802fc4201d32c2471b5a451e73966bd3eb34d043ff6f135a81193673be24d84c4d2c186cfc4d69ad56cee53a5035a9c97e1c119ee6f61fa94903c898a8ed46e45b3fa97ede57de48bc1964f3c904c2657933559228f7927191333c38133fc4e38c8fc4ccc09ee271c644f4c0999c71e83f51ca5c3c1bb21b5aad4b6be61128bfd53ea671f1b0f0ab621ad63636bfe15ff00d7fe916d66a169a895cfc20fa6a5df6c6b5e4a4bd8332dcacb7722db1fb893e79f3006a767b9b64fb130aa2d5707b828d9dcd8d7b6d1ff0094f98db74a7c9ebd3dbc0fba063a5b5fd5cdaea2068ab110aebd938f72255538620ff69e2570f72015973d83db7c492b2a0ec798eddd565f777a6843bf0dbee27f774ecf55bfc904d69f7aa8d924ea3a38b6d34fd3e02b727e603d2e973777f07438d896c5c6c7bb12a26e2ae7d8c67a474b76d7294b86fb78e3ff0045f55a9d924853860538d7d96a96a974001c1727f3f10dc02f7d2a4a0a6bdec2271feff30beab563d7d3fe954ea0ab7ed07ccc615360a5763b47e66f55a3744e35ae525fd4425729c5c8dc10ae10150c790bee617426b5c6cccad1a04b707db733b0aabe7734e15ec7962b296ee11301cecf9f89a381da41f8982c0898def8857340d4406bc521f5bfb77e60f706adca824ebdf5e6360744f8910afea6c71feb149d716b0bb86536b962fc7bc96f30efd6222edc8d08abab54f8886da81ecfee03da21b32dec3b26606bfab3e9dfc3c665fc876ad37aeb72ec5a323acb01db410a0fbc5e72ec63b2ec4ff315d766cf26128799e2b5bd5355aa9eeb26ff002f08723a7856b8431aba97d163658755a825a714fea37f50d7d509fe1d8941af169bbbbea31e5c8d81fc0e675f5abbe9b0b8fb08239f79f35faafa6b749f53e663f6f6d6cdde9fc19ec3eca6b276a95373e7f12ffa31fab56e3052876ecc968b78852641116632b1d42fe9b813d74d185043fe97d4fb484b0ed4cbb7a77ae3f4fb943377633f047c4e54ae50f3c47dd1fa878aec3c1f11bd16b5d2f64f98b12d7f4e57af52ae26bb33ac75fe8b8fd4b1bf518e01571be2722f547a76dc3767553db3a87a2faaf659fa3c83badb81b8e7d4dd191f1dc1505586c19a5a8a62fdd129d3758e6b6cf86b87f467cccdb5620cd91e39f53f4d3899afda38dc40760c47b1af2886a37b4dd87102aece6141f62122c0ed347323eee66efef203b97c9471250e27bba43b9a336a4ee28eb2667e3cc16e724e84c8258ea32c0e9c6e7048839dca0b2cbd5a495cf11405858766438d032d9d2ba093a2eb1b745e955d6a09512cb450140004cbbfa83ed13d2e8ba1c17bac176074d4a75f6c778e817400994aa114d5c89973be527967a3a74f5d4b114138f5efda31aaae3990e32e843e91f305ea3c9d64b0442ae6155d1c722488a249b00462160acecc8bf22bed3c4891b5e61b769a0562e8cbc96564256f3dcd8d934215e600d89a1054ca2934c2ed4c1b2f1c11c453763104f11fefbbcc1afac18c46e94794caba2b9f1345672aa600c5b562bdb7eb5c6e59f22807721c7a425a0ea335750976666eafecfd362df5f71bf42e9aa88091cc3fa8284ac8136e9f7284004db2d7ea2987f537f263bd3ba1ed654328916191fd41ae632cfc5f27510e4935b6a5e0b00a72c85f78f99e8b7eab4f42e411d7f3a92ca753e78f59d84f5dcd2e0f707d09f49e46852ec7d8133e7dc8a4752f50e6ab8f361f319d6cb754a3f52ba2589363bfe9ff005466e8af8c09ede78df225affa6eeb8f85d75958fea4b86d13c91a940e940f49ebc9563a964b0f6b0037b87f42eae7a77aac1ee22bb98d7621e37ccc953d9b7778668386fddb7ca3a2758e9546274ac7bf1ea53923fce248dec9e659b0ef5b71b1acc5652e501600f1b99c9c0c7ead8f55b4b90553b7b54f0c3d844fe9dc56c5ea5752edda8095ed27c9f3c4361c27c2e18be54a3cbe516bab7631761f701c496bb022a961c3f06094332ab83bfb5a101832023f6c2be7b03252a69bd597651bcfe24ac9aa99abfe753453dc826c8fa62bbe3e246d48ec80d361fa84904777b42b7a6134c8408e182f1bf224874c06a56194b0fb9697c92a99bf748d4cda5ca9b83360647323c6a71c6fb9e9a89b09c71b4ccd44c89c7199c67fa859cd99ea8bc2f294014aff00a727fe64cec57d82aa5ec3e15499c273e9becc8b721c126d62ff00c6cf9983f68159650aaad672f9fd0d5e92e31b1ce5e101d7676fb7dd08176f44b10441322bb6b07bd4236b7a63a80576e4dd90952045466ec0e0ef933c63d05de560f40ac84b94c78f92a8bdc49d7cc6dd17a6750ccb12e149af19b90f6704ff000237e95e91a52a5ff12b9f258688403b547fdccb7514809dc4f6d6bffdea6ee87ecfacefbdfe8656a3a9452db57ee2fc3e9e29501576df20438e39a11ed6017b57bb9f7927d715d8091daa3da01d43a835acd5d60767f1c99e91aaa9899599d8c06ccb14e6a5b62f7a03b611ce1f55c3b89fa36ab30f208e44af64258c43943a3ee249d23a5a177bec5d96e101f226747536c27ec594c66554251cc879665a83b041fccc2de18f279831e9e8481dcc37f077335e22273b6623e4c995d749e5a06a104831aed680d4905a81433710515fd4b005d81f1a8364b96ca35564f9d0e7c41d9a99c3dcff00245a35465c070bd4bfdbf3e261f21577a5d181a5167d520924a9f23c6a1089c371be747994575b2f182ce1146ddc5abd101c11cefe3e22fc9e8d8d6d6cd4afd2b0f2347887328ed2cbceb8d496b3fe586ede3c68ca4e8aef5b2e595f5ff38254e55f30782a2f4d98d79aad1a61ff00385520bb003c9961be8aee5edb114fe48f1fc401fa71a7bac43dc00e07bcf2bade816427ba9f747f9a5fd4723ab5358970c1ae6d28ac785d8e3dff0033957f57ba0656564e1e5e0633dce80ad9d839d4e9c87b890db936082728f769b7f317e8ba874eb636796f1fa7623534ab299419f30519052d28c0abaf041f2236c7b83000c6dfd66e9f8dd3fd681f11550dd507b1178e7e655a8bb404fa7b9ee593caba9c24e23c14d768d36a6ad8af41efaf951e60f8d93e371a517823460b392c9163f4ee67d4a9181ff31399d7ba564a756e87a6e5d46a7cfd81983173c761d213c89d63fa7f9c7eadd413f691b1367416bb2b754bbae518baca7d2d446d8f6970ff003f055bd63d13bee73dbb9cc7a9f4e7a2c3f699f4275dc75b19f6273eebfd296c562144a5f1f4e66b692cf5abcbee8e4eca55a4b5bc69d4ba735561fb788b0d441e4190997940df7b1352bb9a9044c87d4ba609af9356490b884970441ad700ca5935159094d3eacb089b1107702659fa581b1a12ab8cfb712d3d23da62ea2e7367b1e9fa28d51ce0b660376a88e319bb8c438cfc011ce17b445b363d3490e68a83010cae9103c67d0119e3b774a3159368928ab439931d2cf29d48ae2772a03993e4205ba13c6c3a832b6bccd83097dc46c3656d99adc3626c0003721b9e1d4f28b4573c1aa70799ad8c0cd7ba416310646461472c93bb466b69d8833b9dc9aa3b139c826cc7242e84c8fe8ecf021dda353caa0194c9753c116396acc6753f7af304280892504a98de9ae69e199daed3aba2daee672e80c878953ea78dab4cbad8775995aeac02927e26b2793c9ce2e2f0c4bfa79e9efd4cf4265033a3fac33dba7f45c8b94f214ea706e9d9d755d44e4bf3f536499d5bfabd96f574e4c6afcd875394e7e1d9815d22c20861b1a8c6bb3e9ac78e49d0a5bdfd426dc9bf232d5b1031c90ddcbdbceb52d78f875f5fe9899b5f62f53c5e722a035afcff00af9958f455765dea2c4ec3dba725c93afb00e65e7a2b63d7eb7cc4c60e8b7d7a0140d10265c16ee5f66f03f3f6f0bc7236fe9f75d7c4cc38592cc7ea1d26ccb6f57a7e95e963330a58ec328f065217a26427a911a80e2bab6cd685fd92e9d2bf5599d3dabb726bb991981daebb87b1fc4b57b9a75b5dbb01b36e54d0f30cabe3fda43770ff0079be22e90d7ad7278301e994b55829513fe6a927ff00486ab93f71e0c617386d7205f1c2254b006ec20820c90905fb871220fdc34dfef3cac41f991f99c496385001e41994208d898d860430e2791428d0f1279c9048a66e268b369c71999dcd66671c6c26c26a26419271b8999a8333b9c709bd5f9870fa0e43a9d3b0ec5e7dcce54731b8404a9d007d811f99d03d61553d5adab0ac770b59ef3dadafba524f43beac8ff2ec57453c778d9ff5995ac7294d6dec8d1d2ed8c39ee26cd2f75b60b5bbd382ce3fe917d6eb4f52a1d2b515abab040763830deabd3fa863258df44153b23447895ca73c0bc25a0a3fe6626a64e2f946bd11dcb8677ec5c9add16c5d10cbef37b6c4554e77ee6527d33d50e6555d15b12ea347f0258cd89596fa8fa1af27e66ad5addf0ca31ecd3b84f0c22cc817d878207b8f9133a41c680fe60b45bf551c85d2a9d027fba457fd515963c0f6113b6f6f337c848d7fedec36ae90e42af69e7c893ad614687fb88174a7fa7841cfee3c83f10baadee2179077e0c729b2b942327dd819a92935f04b52827f3ae7736541ee3466cc88bfddbf1347d77ec0d2f9f30b851586533930e5176ace013f3045c506e671a5d722116e3a5e3ee1c9fccc63d0d56c39d981b6976496565048494570f93146d4b6c925bccd96bd31d7bffce6ecac1b60680e7c4c86da923ffc4854aed2f0739f9442c187720e5586a69580e3b4061c78df8851edd72db23f13c2b520580f23c883952f3fe76254cd56b054120ec7044c85f039fcea4a012a4b1e40e26514af8f7878d6b281b90afa9f4d57acd950d3f9fe6572dca7c3aaeb947dc8848fe409772bddc0f1ee221eb9d343d4ef58d83fb9662f55e8d99ad5e9d624bba5e7ea35a5d52ffe767667c9399d572babf52c8ceea1735b916b924b1f1cf8ff0049255671197aff00d2d91e99eacf72a96e9b936135583fb49e7b4c4355bc4f431b236c14e1d9991656e12719771cd167318536ec4454d9e230c7b6064da676dca0977edb01ff0059d33fa7b965b371db7fb868ce5973fdc2740fe9abf765503e1e6a74f9ff00162676be19a9fe8754eab5f7b37e46e53f25031656975cf602c407dc4a8e62eb25c0f99a3ac8f0981e9b2f7ce2567a874a5bf7a595bcfe84c8490b3a4d350279126b3a725abca8882e0d67c9c572701ab24153175b432f813b0f50f4eabecaacabf52f4eb26fec8452072864e79692a39815b66da3beb78a71c9044adb37df12d4d997835ba7d097b98cba79fbc4b7f4be144a660be9c4b5e05e1544ceb11eab4fd8b5619e447f884768953c3c91c731be3667206e253636eb72458eb7d111a623f12b5564f88d3132091e651485edade07a1f666cc46a2e5bf5e64c2ddcba9644dc1a256919241986b06a47f5373b1e4b462c32b624486f067a979b5c415848cb0425890287d36a6b69e3723b1b4c6456dbc4221b8c7278b6cc229f10147db42eab001a946c24e38412a799b7693cc8958130b423b64a012e0d50fb19ed8078915874dc4ca9dcbc1344609decd56657bab5ca55847560ee42018873711ec63c4d5d3d8e4b079aea746c96e420ef9e8cbfc2dfe27a3386656493faedd4bf477d0be3df73926075cb3a8f50355b67700bf6833a97fed2789f663da04e0383915e0f51aefb41ed1e751bd445ca1c7c02d35ca1624ceb3e9fc91859bf5fb41fb0aebf912ddfd38296f5cc8baf27bc26901f6128fd25ebcbc45b6b6fb5882ad2ede8e5af21ac05be9e45435f1b9955f749fc9af7e1a6d7c1d770acc7bab2b4b85b35f7a9fee89e93fe1775cb6d041b4ed6d1ff004954e9bd42cb739ebbaf15e552dbaf9d77897ae9dd40758417355a3512841f9118ddea76e1f812d9b3bf60ca1f850fc3eb7fc88400480411a334081c02cbf70e01fc49110c21433583b6dfb192a899ad7e6481641c782cdd44c81241a9c41af6ccf6cd883afb75b9a8160f70643782523ddb3da91177562186bf89b92cc0686e53d445b6336d8f9980dccd3b491c8e66e95b7bc9536df621c5236dc5bd5faa57855f6ec1b987dabff79367e47e9d743f77fd224cd34955b1b6f638f27c895b6cda9a4f92d5c32f2c59459abcdb6b77313b24c8adb909775d0f7135a71ac4c9662c450073bf2678d6ae7e9d552f60f2c4f2665bb36ae4754536563d419aff0070243003de15d0fa3e1e3e1bd99955575d90a0b020300bf026dd57d39fab276d6a0f7607c43f1b1bf4d86b4d5fb2b5ed058ece84ccb2e92967038b1b31164b815262ff00fc6ad54781a1a8d29a1f25bf6863f11761312c3b81607e0788eb0ec554d86d1f1c4ad12ded6e7c03b72bb7732988cb669b83f02176e21b08a9c064d0fb7c19b576575af730dffacd9f331cbf71b514f8d13e269c6ba60b0df715729b7c108a3e83a29e174091f1340c16d7653b3bf8935d6537305dafcf703e62fc856c7b7bea20d47dfe0c15d255acc5709fec120b777ee351603b5d8fccd98ed47c4538d99fdc42efde31aac162ec9dc351a885f1f6b073adc1f212838df9fe66ff004bb86bda402df71e3f89b25ddcda1ff38e45c57005a7dcf5cbadaa79134ec6d2f6f8327ef0c37c71c4901057b75fc1f892e0a4c8dcd10d40ef404f56a45a46b43de6ca081c1e66ce439d81e6576a6b93b248554f066381beee245da4fdc76089b82bda7b8ec4bf620cab29d8106b5f5beef024c1402180e3e24570d8df91253e086b9394ff00573031bac7a6b3b1f0b9b557eaa8ff00fba9df13e6bc6c83ad1e08e27d29ea8b171732f40e197b8fff0089c2bab7a6d8755bacc77ff21d8b000723f130b45abf4ecb2bbf0b9cac76fa9a7a9d0cac84275720345dc8e630a2de40dc9a8f4bdc6a5b0584213dbbd83cff0013395d1b2705c6dd6c046f83cea3febd527c312968ae8aec15fe504ee7e491c4bcff004cbb8e653a1e6c9cfa9fb954303c7b4eaffd23c136662b907b514b9dcd3e9d1cdcbe862f51e2ac7cbc1d03aa396ea1557f0b1064565b2ecf8dc73ddf5faadf77f6af0269550ad6163ee66c6bb88c6266f47ccecb2cf1903c7c63c1d463453af32655551ed36561be26760de357a1587222cea5855fd16254788dfba2feb167662b1fc4e7d894b9384faf42d77b859cf59bef975f5ddddf98e37ef291afb8cce9f2cded32c4461867911d5391dbae621c66d424dfad40ca193674d660b6e1e5e946cc6f8593dcc39948c5ca3c0dcb074ab49604988cebc1b70e564bbe2377011ce1f8958c2bb404738f91db1679036d6df61c96326aacf63172640d4929b7b9b89d1ee2aeae0616371c41bea153cc955b626ae8088d28e503585c327a2dd89bbdbf981a6d6619cee46c23626f26322ce60ccc489b5e7620e5b40c224330584796ced6e4c992de78315df780fe64f896771837c0c387191de3d9b021a8dc45b8e2304202c22ec2362e4f372d3577ec1217b74d22b6c2d2c88506134dc0b68c9ae28abb3a8a859dad319992452798e69acdb233baae9f7559417f5ebfc4f4adfeacfc99e9a5ea9e4fd36587ff00686c65b7d3e96fbacf992cc65b69b175b6d6c19f50ff005df1afbfd2c5aa1b0bc99f3154e40d8f69a1949a4cceb22d2de863fd3eeaed564bf4bc82c56cff00c3f7ed33a962647e9c50e362cde98af96f906709b2d6c3ea49955027b5bb88075bfc4eb3e9ceb35e6f4c4bb44391a237bd4cabebd9335f4b7ab2b48b051976647532b51d56158b1239d4e8de8cb6ec0f49a6577b3ad96b1ed61e06f5c7fb4e487385391df4060bda50efc904733b3f4aa0e4fa27a3a6fee555d81efcc5ebcee78ef87fd066e494167b657f52d5896f7d6a5868b0dc2574a3cc57707aaa0e00ed03d8cdb1f2bead7bdf20e8c7b2970c43035fa8a3c99e6c845e4b08a6fb78d8315e65f615215b52ae6912a392c5fae577ed530fa8ec09ce69eaad8b988b7ec0275b976e9f942cad483b044885919762650711bacd8486b7dc98184c143c44c01a3369812b838cea784f4f4938a3f5eea7ff00ee39348ffc4ace87104c562406b1c998f53a14f545ddb5960e8adbf6deb5ff006925553d7cfd32c4f9f81fc4f356d93fbc4b73eccd68c22ab58f288b2f2592e3da005d6b464a2fa5281f4dc337982e6d76dd6fd83ed9eaa9d2aed7637e041db6c9cf182d182da6d6db6df51ff33b41f6123fa2a5fb3ee20f009f7303eb17da42d3428fbcf6963ec3fd21fd3138afb7903de2739a94b6f761d45c61b867d3b1c63d3daa4b0f3b3ef3d6fd34fd8adb2764fc7f10cc51cf03735cac3fa8e186ff003a9a71a7752945096ff7e642fc8b7ba92bb3bfc4afe45677dc8e760ef93b968b3136c12bd0e222ea14fd362471cf89e67ad692f8ff001bc2347496473b51b60751b00edb9d53b0707e632198d757dd591af7d8956b586f993605aeb6a85fd876083f103a3ea93925559fbf9fa0c59a48fe34593eaa3d2b6b56ac4f1c71a91b64b22fd3524865e00f9fcc829b3b51141daebdbe60f8eff5b24a3007bcebe0cd695f25b53e1be3fb8b2a972fc20cc7ea17254b59bbfbb5b61e2330ec29ef5b75edfccc57d368fa05590166f27ff292e374aaeb014d96301e031e04d1d3697531c45f2b1f2f814b2da5f2b8fd0f62dd6f61ef6d9f3f6fc421328b8dec7703e22d2ef8bd4cd606d5938e75c462101087403b0f68cd1393cc53e62f0f20ac8a587f211f589e4fbfb6a4b51d8db0280f23704ad48729dc37adf336bad6540876751c84da5990071f082dd8391cc8059c1078822e46db4a77edc4d321dc23768d71e60e7726b722556f380efa83b783bf6dee60bff95c9e62fc7b3e9d057b49b09e3f8851fb94161a30755ae5c932860a27a97a5539dd5ac34da95b9d025fc774ace5fa6aaa2dd66e755f4979b1695db9fc6e597d5365785d4193b4b1601f7bf9958cbc967054304576f1dbe373056aab8db253af32cfcbff00c36abaec75c712c2c0a3240a7b31fa72d75a3b802cb1776ebf9f124ebb4e161e08ae9ad59b7c5ceaa198fbf890e51af12ebacc865b868853ad0f1c1951eb7d4598373a51e07c434350e70706bdcf8fc86a1a64e69aecbf981e35ef7753fa29cb7f6e878e677ff4761ff837a69b2186afc81a5fe272dfe937a65fad7504cab508ac1e58fc4edb685cccc4aa91ac6a7ed5f8e3de7b9e93a7db5a9cbca5fb1f38ebfa95eb4a15f86d2fcdff00640407e97a782dff008969d48e9bb9d487abe50b7a9fd2acff00974aebfd6478c766135b3dd347748a9574f033ee2c2657735ac0d09bec454d436dc55ea17230dff88d37b8a7d443ff00727fe244bb130ee7cf7eae62d9cfbf932b07ccb47aac7fefd67f32b360d4ce7dcdea9e228deb6d4d99b7e0c0dacd4f2db3b03f44b0c3b1ec2ae39964e9d94140e65511f98c70ef208e62d6c327a5d3bdc917ee9f99dc4731fd170204e798798558732cfd3b37bc004c42706866ca78c9674bf635b8663d9ad18816f00887d3900af983c0b4eae07d5640f993fd50444097907cc2eab7b8798c47842b3a57718359a33467060a5f99e2f0f15907b306f7583503bae010999c863a8b32add54d08a21e11e00733340b75b8c3a6e48e39946ea79ad5e5f9e371af4bce2c179819c07f6660746c5b4301a30a3690221e977f720e634eed89651c233270c48919f666072645c89b21e642786760d6d1cc1b37669221ccbb1b8364a6d0c2c1fb85b578952d083467a1bf467a3d83c8ed475af59608ea1e9bcba4aefec3a9f1a6757fa4ea97d0e3415c89f735958b31ec42360a913e33fea8e20c3f57e62a8d02c4cd89f30cfc18d1596e2fc956cfa0a9deb625b3d2f938f95d1bf4d59fa37d249650393cf995ec661935fd2b0e9bd8c93a0d7662fa8281b2a1b6adfc45ef8a9c377c14d249d577a7f25aacccb4aaa574d8f67edf1e67d07fd27bf22ef49e2d3d42becb6a2ca013bdaef89c77a5d2b6e656fdbfe5f7eb9f247cceff00d229c7c0e9551560a817cc434c9b9b7f06dea5e2b517dd93f5db2bc7a804279f69be251d98e8c178b3ee3cf895eeb0cd75c9725fba77bd1e3c7b4371fad90f5a8ffc33c130fb96e6d8aed78c218df58df6807c6f715e6d4caac4186f55ce6a054513b9ac3a5004d72909af9f244ab69b6978256561b287d7ed2538e194ee5b3d13d47f5584a18fdcbc189bacf4e360d81cee7bd368d819e8013f4ac3afe0c5609d76ee7d98c49a9d78474cadf4073084b3717d6a7b41132b6953adcd06f02781a2bee6e2074bee12adcc920927bda7b705ea377d1c7277a2dc486f0b2c94b2f020eace8d977b2d64f81b03cea4188c1a90482ac3d8cca5a435a01da83c6e7bea8d1724051e7730e5cd9bdbfd07b388ed44372003447060b5a2d648237bf9f136cfcd0a9dddc35ec009056ed6769d824f98aea271dc920b5a78cb0a4c05657218127cf13c98e69d56a34179e21b483c2fbcd82779ee087f9308f4ea51e17253d569f2cdf107001e21dd9f691be641457da4710aed249f88f69ab718e180b25962e66ad2d01f96f6e3895beb16d7f58af702479d7b4b2750c56765ec3a03de54fac558d8aac3ea9371fbbb4fbc43aa464e971c2c0e68dade9f901aaafad6771e2bf1b30ffd1a005a956201d73ef1263de2925ae0e547ed0239c7ea29662a59f57b5b5a200f79e5f475d0b2a7dff99af77a9c38f6355b7e9d9da7f6b1d027c833d80d757d48694bd637cfc48cdd5357ab0ec31f3ae47e4437a3e7af6fd2b40207009ffac6a9b2b9d918ca58ff003b03b14a306d2c965c1bbed5daedbe21a6c05f7fddf12bf939bfa6285dbf7720fb4268ea09658a548ff79e929d6d707e949f28c7b28935b92e09fa9e0b64da9754e52c4f0bec6498d6835f1ad8f63264b7bfde40d8bfe635949ed66fdc3d8c3caa4a7ead2b97dffb838d9edd93f1d898580d9bedf1ef3173003d871217eeac9d03ad7260f7b1b7853c03c93ef293b5c134fb978c14b0d05d1f486f820cdcd6085f1da0f882635805817b406f7e61eec8175a20ebfe70954a338e4acd38b07fa60b311c68cd6c63d87b47326561da7f306cbc8ae8ad8dac40f91ed26518a8e484db78293ea8c2ce7ea7533f6fd0b5822d839edd0dff00e7357c0c2c7e95713fe75b66fb49f21c78d6ff00334f547abb08d1553807ea589682ee4680036081bf7e6574f59fd55e152c755d78f6dcc3dd4536b75fb9bf3f1935d42e9d71dcb097f42b5ea94cbc5c2a5b36b0013fb9581ff795ee81d1727d4fd5d28a55be8f70ef603fe425eb37a7ddd76e6e9b4d65cb900b8e40ff00d6741f4df43c4f4b60ae26022be711a7b3cfd3ff00d66af49e96ef9ef6bda847ab75d8e8f4ee0bf1bfe59febf082ba774fa7a0f4bafa5e0a8fac4016baff0068f885e5d89d2fa79d7fe2b8ff00684d14261d06ebf963cf3ee6553ae663645ae58f13db452c6d8f647cd6c9b6fd49f77dbe9ffa2fc672d6dd6b792631c4b398bf1ab3fa607fe23b87e1d441e6646a67bad67a9d056e1a78a1aa12544cf33d5f00084555f7194434f834ad4981f5ca4b61bff11ca55a121ea3507c661f892d70445f393e66f59545339f8f7953b7c4e8ff00d43c3fa794edaf79ce6e1c999d2e19b94bcc500bf99941377026011207ab78648a798c315098b51bee11a635aaab2925c1b345b28e301f50edd6cc6dd3b20ab7995f6c9f6126c5c821868c5a50c9bb54f7c70cbad795bd730da32fb7c9954a32c9d6cc34641ede0c5dd65e55968fd683ad18c313276b2954e4b77798e70b2b8025d430856dab82ca2fe66c6efcc5b5397e66f631021a08576855d7a953cc4f9768248066322c68b6eb5bbe14257015756e9f65cdde820980f651684b38963b33aaaa822c03c4a967672be4eebf9957865e9b26e4e2d70743e91943b179960a72030f339cf45ce660a25b70ee240949630567573c9600fdd3c9fba0d8a4b79862812890b4bdbc12f700b21b5815336b08d68482c3dabcc256bde21ac928d2d90ebf13d35fa83e67a68e0f25bcede8e0a91efa9f22ff005b30aec7f57643d83ed724833ea3c6cbef2399c7ff00f681e866fc34ea15aecaf99aee398b48c95c34cf9eeb72a410744479d17212dea58c6c1fe62ec03f3c4407868460dff43329b3d95a28f98b4122946d8c9f8677ff0048f4a3922bb1c704ee751ea1958b83d3531dac45bec522a563e4ce3dd2fd6f8fd1ba0d43b777d87b11cf81f99e1d5f232f22bcd7bcdd6af2acc7607e231a5d0ef8b71621d4bad474f628cd37cf2fc22c9fa8bdf02dc8eab67f968cc1426bb881f23f98c7d3d45cfe9039ac3ec7bc941e5826f5ff005dcab9eac3aa0636d75d3954b6fb3c8b147bfe44b37a6723272fa43596daa15af626a404041c686a21669dd73db2fa9af4ea236d6a70794f0cbd74fa322dc5adb21502efecdfeeedd7bfe6496d5f74de9cab156aaed51caec11253a73c79109b5630573c8a73295ed0488a6aa07d4d0f21b88fb3d7ecd4830717b90b11c83033865e02465843ee9cff00e4286f20499d15db8d6e0a36a95951ae3984d437cfbc32e7806fe4dab5ed32753ccc013c78964b0572101b8e657baf6677dcd50e12b1c9fc9907acbaf1e8fd2adfd2946ea162914231e3bbe4fe04e7f4faaf15b17131ba9e7d27aad88bf55071f7fbefe398a6aae8c16ccf2314d3297b922cd765f6d6dd9ceceb60c1d73c1215987c7303b1be9639eef1e7704ab56f77672db981739eeca1f828e30c62e059706054a93c2ee38c0a11b9f057c089b1ab557d3f2c470047382dae372fa7a7ddba4bb94b67c610dea40bcef8308a5428017c41519593cf98451fb40dcd9847b6045b26d73f89b29d1e4c8893347b3b367b87fbc2358e484c92d20fb4a475be954559593979a4d88c47673fb47c712c8fd4152d296f7f3eeaa488afaa648c8475b29b05646bef5d6e29a950b6387dc6b4ee55cb28a7e59ad9d569e01e07e24746f16feeb9375f8327cb23a664d37354d6560ed830f6ff00ce17d43330f230bbe806c471e0791fc89e5aed0a9373ce24bc1bf5ded2514b298b0656ec1dbc0f68562ddda4b920f6fb45b8b8b7d8fdd515da907b5846d8dd2af209b6efb4f2428d733369d05f63dd188c5b6d51e1b0a3940baae41efabcf3e44c23f6b7d4c260496d761e0990db89915a8d76d84f890deb713dbdca86b3b6d0f7f88caa6e836ac8ff007fdc02d925ed7fe7e459fa3f55faeed55cbf4ae53fb77e65868b86b60f32a5e9bc3b4e63646714660bf60f727e63b5aedadcb971f4f9227a4d0d96c2b52973ff0078fa98bab857ea3511b707cf3b83dd5d60966d0123a7214afee2445dd5323ea517203c81c46b55aa8469736b2028aa4e7b49322c09ab072e5bc7e24e2eda93cf07cff316f4fb2c4a3bb2594823edf91080cee40ad49403648f999da6b5d894fb67c0ddb051f6fc790c0ec5c686ff008897aee406a6f36376aa213bde843edb1e9eeb395d0f6ffa4e75d7faae4f59fd4f4be934d96dd602ace07037f98fdf34a0a18cb7e0ae9eadd2dd9c25ddfc1ce2dea1f5aeb2d2400cc4803c4b4fa4bd39d4fad5eb60414e18e5ac7e363f1f8fcc79e98fe9f62f4afa5775c75cbcad0618f5f853ff0079d228e9f6db520c8031717fb71d3cb7f30da1fb3ab8b353c2f816eaff006a21974e896e7f3e17f9f5fd85dd2f129e9d4fe9ba4af7391ab3248fff00e7ff0038e31f16ac4ac35836e7903dda4ddd4e2af6d48bdc3c28f03f98a3a865b3ec2b124f933d5c22925082c23c1db36e4edb5e6445d6734dc4a2b6fe75e256338ef81ef1a5bc031695fab928a3e615e21117827758b3e465898c051583f10a08ab37eced403e041ad7ed9e76726e4d9efab8a8412081600750ec570626ad893cc638adad4983e48b17036046a437fdc8c2783ed66a764c38a9c97fa95d3bb959c09c53310a5ac08f79f4ff00abba6feab11f437c4f9efd51d39b172df6ba1b88dd1c3c9b1a29ee582aee26a164ce26aa3e60533492c1a76f3265da8f337ad44ddd01f122468e9aedaf0c87bcee178afc883352546e6d5315306cdeaa795c0ea9b3910c17e8451559a599fae49f329c0dc77498f716d05a3ac46e44a8d191da4477d3f2f7ad99592f80b3af82df8b680a24e5c344f8b7ec0e635c70186e444ccb21b590e4aed781170a8b3f223f6a432c1ff4da6f12ce489a9f182b3d630cbd6752bd574f6366b53a265e286afc44eb8816cdea05d981bae69205e95826bd712d585590040b1500d46f42fdb237e45ad98c31f4164c5fe200b6153a84d47bbcc94d8a497964cbb2798bfaae47d31a10eb1c5684caef52bfea391b8d55079c981d5b50a30da88ff587e67a09db3d1ae4f2db8efd8d885344457ebce99fe23e9cc9a59767b0ea5831ac0480630bb1ebc8c675703446a6eca5b65c892f723e09ea98e7173eea5868a3910623897bfeb1746ff0af55e4f60d56eddc250fda2b28ed93411bcc532c3658d91d002ef66bd3098e81ea1c8e9ec149efa4f95322e83687aedc763e471146456d464ba11ad196aa4e3dbc09eb2b8d9f8970cebbd2baa62e6df8d763d9a70df7567cebdff913b57a768c618202aaf6b7267c9fe9bcafa5d6310b3697bf4c7f13ad7a7fd5797d3edba8b6d46c6001049fdb0d64fd59665dc1e86b5a5ab6c7b659dc48520053e06a154567cefda736f467abbfc672db1eb049ac9ee6df13a761905012601c564d34de32436e3b5957dc34db9ad55bd6c147ed3e47e6340c9ae7523ee4df044a6cc93b8dab5da0523893220133515226cc4013b076e3dad08abaef57a3a5637d4b987731ed44df2c7e20dea1f5574fe8e16bc8b777378451b6fe7539cfa87adff88f521736fe8d7aec56f8f9fe627abd5c688be7dc31452ed79f007d4972f3bad599b9761b037ecd1e107c6a26f507a7abea9dd6d0a13278d1f1bd7e65aebb6bbb5f4fb7bc28e3de6f995fd1a0b9fb1bb7bbe7532547d46db1d56b863073fe8bd4dba4e65abd46ec9b5557e9b027bb44467d53d51834e33598590ff55974bdaba20fe62acbaa9192cbd86d77d9248e4132b16746ea19365d4e205b3e88db3776878dea05c658db11b5b24f748e91e97f5be0df60aba83fd3b55490fe7b8fc6be65aba775dc1b5c916b2771d8ef06700e9b83938b9d5df91a6556df6ace9dd08d96f6abd2cb5b2ed1ceb98285938c9417245d4c31b91d4717a9e2b9289706d7b8e446945e8ca02b89cfba757f419fed2a49d7f31d90fbaabd905c800aff00d66a536cf1ca33675c73c32c597d4131ea720f7153a6d73afe628acd99858d760eeeedec1df1274c6ae8c0645b0b39624b3792613d30535e2a00c3637ddbf9849c656492976222d457030c3ad52a0bbee60345b536b6a5b2b2a74411ef3d4150bdc9c86f71317dab55619d82ece803ee634b0a3c81cf22fc9c14c8a0d36d68d59f2a445993d3e9c540b4638258eb4047cd60ed1bf26076b20b74fe7cf2606718be4342c922b795d26fa8f7a152c7fb01d6bfd619d2e8b6b56aee1b63c6fce8466ecc74d5afda4f0448f19320b3779fb98fb7c45953084f7443bbe528e180b6396be924945ac686879fc989ac44b33debaac25bbb9047fca3dc962b6dc5fed62ba1bfc4a8feb427503763b861bfddec7e667eba508a4bea37a7dd2cfe45db11515934c49ffa436f217edf3af9893a6658bef0548d9f88cecbc0feddff00da5e1745c1ed149c1a9722bac77b5e4332dfb035be3530efd94953fbc31054f9f307cfca5a2f2d490e4b72449d0be4d0b6db5f61eedfd4b0f6823f1f333e9a25a99baea8b72fcb8fdfe47acba1441596b497d4dabca45c7ec1aee6dfff00299374dea255056c86cb17c14fee8154b4a58ff4bea6458c77c0ed5ffccc3f1f032dd41b5970e93eca344ffdccf47a1e857c1a9df2db8e308f3dabebfa779869e2e7f5f1fb9366e60ededbcad608d7d31f739ff4f03fd647d37a75ae37894a60e39df75adfb9bffbfc4331e8c3c21dcb5866ff008ede49ff0049b5b9af73ff00960b30fee3e07f027a1ab4f0abf02e7e59e7afd6d97f164b8ff8afeffdbf727c7c7c5e9ebdd50dbfbdd6724ff0247765b3f7152554f963fb9a066ceeb74ee4b7bc8ee25b84fda3fe70ca397cf2c56526a3c2c2f844591731d85f1eff00880d8df30ab8854d71b80dc7c7e21e2846c6db20b8ec684d7a6d3dd9bbf659ab38049f886f49afb2a6b0f96315d54f6c19a9d2a9f52e41b6f8815956cc2d8eccd48131327b151c105756a1283b669b9eee9cb825ac8656f265300578456fb8452012812e5542da581e671afea2f461dceeab3b2d8fa494df55628caad86b72b72ca0ba46e333e70caa0d76104418a912e9ea3e8ef558cc178956b2aed241112c60df8bcaca03ee2b3cb7e9b99bd8922fa3b33b0310682d6d0eba980bcf1344a48126ad483cca389a74ea36f08dd7c4caa733ccc167abb0774a6d356ad426128918610218412a20810ec620195ec3dea6f88f7089d08ef0edd6844584de23ac45d9060a52139c5791d51caeccc391dd2247ed591b5bf740ca7c00847909b4029165cabdd08b72076ea016d9b3c402cb611704f59d18c31ede351554df30ba9b5184b8032791803dcd0ca4f68e62fa5e4b764044f30f08e4475372ae2db34ea795a520189365df66673323bd8f3075b79e23d0583c56b2f774f219a9e907d69e97c891f42e3904ec183fa8faf57d2ba7bbb30d812bd5754b69a89328deb2ea3775056424849b53b611f7485e1536f6a39a7aff00ac3f5fcebadb07ed27b650bc1225bfab0ad6fec047e655f32afa77b08946df51ee635a8d3bab8c706316e6c7c84b17d8ff00ca1fd6156decc8afdc73151e04b02e0bd9d045ca0901766163f89084e3ba0fe807d174d9646b7f692236bb31ad638d572cda05a57f02cfa79287679e2593d3f886eeb35071bd81ff00595b65b5368b6917a984fb1d8bfa47d10e26135a47dec764fccb17ae7d6ebe934a6b5516645bfb509f03e639f4963d58fd36bd686944e19fd65ce399eb27452192840a0087d3d69ae4a750be55c730e1b2e947f527233f5ac95a1be0af10bafd5bd55086190b629f8d10670caad2a78247e0c678bd4afa0829630d7e668d7e9f6714795bedd5e731b59de303d7994197eb1007e04796faa5ba8e15b4d194b45aeba5b0004a9f9d19c0f17d48e342e55b07c9f31ee1759c2bf5fe6b52ff009e442ba689f8c0b47a86be97994b70f6ff004975bb3aa0cafd7e3e6d6c7ee66255ff00ee21397d2efc5c3beec9160d70ca5760aebcec41b13a9dd5b6b1b2d5f8df0d1ad5d7f2d38b5430d7b89997f40a6e939c5f26bd1f6becad6db61fe7e9fd84fe9eebfd272af6a29ea38cd93bd04fa801ff006917f507aab6374a4c6a5cad96bebbeb6f61cf31ddd97d2f35c3e6f4cc7b2cff008fe982c3fd60397e9df4d751fb9eab696f9463119f42bab5883c9ada7fb51a3b649cb8ff003f4107a53205982f917582cb01edfbbcc6d6f7e2e157958e9aacbedc6b8994f466151532e0751b13677a61b845bd133c74a6c34cca9c13e48d7113ff004cd44161c7f6351759d1d8f2acfdc52b5d3d42e2bda8acfce96593a774b38785594666556fb413cfccac51e9febf819297e3d78d7953b1bb35ff00697bc6fab7f4facdcab8d95a1b5eed807dc6fde2d4e86ddcdd907919b35d434bd3b135f995eea17f50fd5afd22ca880b77aaeffd0cd6af58e60cfc30c6ab023056fa4bfb878e4184e69cdab350e3d0d62173dc4ebb750c4a3192f190b89ab14704273225a6b537b72bf465a3aaab1cb4ff00545b9fbdeadbebb7c82b0dc74a9f1597b4f79fee8831fa9ddf4951e8ed53e79ffac328cd1ca82106bc98dc60f3f85fec2ced8ffc97ee3baae4a2a55e343de0dd5117316aedc828b5b8b38f075ec62d7bc58341c6b7ad6f983e7fd0eded3600c06b5ddb12fe9d925b76f057d7aa2f2e48257aee2e57d618b777fd2d87e3c6a2cc8ead65db7a4ef40ea28c5a5e8b9994d615bc81ef37be82e8aaaddba3ce8798b3d26b2c585079fd8b3ea1a1ade5d8bfecb074ecd3fa540ec032feee771bd5994ec1ef51afcca48471c2b385f81c496ac6b3caf7331e6314749d6bc2924bf36237f5fd0c7f0b72fc90f3d43998ed45bdf684d0fde0ce559d93935583fc3f1afb40623410f22749c6e83999207663b6be48d08c71fd2c6be727229abff9b66167d02ab1eebece7e80abfb47a88a6b4f470fcb289e97cdeab6e6aae46236357ffc46f696ec8faad947b6efa8a090150791f98e5303a4e2736ded730f201d09e6eb3878a3b71284523dc0d98e51d2b4b4fe0837f9886a3aaeaac5fc5b147f2e5ff9fa8b70ba0e55aa0a53f493cf73f11957d1f0a85de5e41b9c7b2ffe716e67a86cb360b7fce2abfaa5966f64ea6a574ca2b6c7115f431add654dee9666fe64ff00a16a39f8d8a0ae2d75d7f91c9ff78059d49eeb08af96f926569efb6c6ffbc63d2507658cc7665dd5182cf9050d54ef9a87641ed781cb92edbf692d59a49ed2bd83e2095b00fda743e26992756923c0f794daa5c30feabad6e8933bff009879e218d62a51bd8f11626d86cf9939259347da59c41d76be5915b66f9304b5bcc232341001e60eaa0ab39f0b39bc222306e40cc3b9d507258c7552f656abf022de955fd6cb2e7c2c7bf4b6265eb65b9ed47a7e8f5ec8bb1f90363ccdb7b93351ccd057a310c60dbdd934eddc89d4830e4513d6560fb4971c9ca78015dee1b4a9d48d6bd342eb1a1a930456c98265390227c95fa9bdc79935f745b7d5db3a48b5722a9d63a3264d6c0289cc7d49e9fb31d99954ff00b4edc75bd403abf4aaf331dbed1b8094131eaaf7067cdb7d6d5b90c0ccd52efea8f4f1a2c6655950b286a98823c40be0d584b72e0deb50665d4012257d1997b36255ac85836982e413ed21a9c86e61857be4671f9d89d94b83534f2f2138d7f2371ad0e38892aa981119e386e2064b3d8d785a970cb0e036c8962c2e00dcac74f3ad6e3ca723435012590764b2f81c161a8358fa3204b8913dde0f9819473c02dfb48efb4883a5a09f3319f6055f300a2ddb4b461839d9943857d0e24d55bcf2600ac7b66a6d2a7ccba8bc8b59a88571cc98e3f521479835d97dfc6e2bb2f27de46961dc7ab86d5c9e3fa8f5077cb6c7b0791dc77374af7e2478efdc21d5d67cc237832083e919e86768f89e94dc49d23a95f4ad075a9cc3d57d556b474afc98e7ac7536fa2406942ea1bbac66731dd458e6f0826963183dd22b5942cb2d3636f7bdc0fa857df587f7f78eb2caa29d6a23b6f06c2ac783055bdac2df6bbf862f23da5dbd21998f7f45c8c1bd945a8a7b413ad8fc4a75e9daf21223b17ca6664f31caf937fdb6123fb5b897bf4b3ffef58b9206d76019411b12e9e82c80e2cc773ca9d8fe24dcb28168a5b64e277b7ebd574ce84d7d8e15553cff00a4f9e3ac7507ea5d572731c9ddae586fe25e7d6d7594fa619149ec620127de734078d472af6c57d4475f2739e3e0294f779932f8e0c0eb7e449d5c461332a4894b107c6ff892576907c91fcc1c36cc951b7e752c982947818d1996211a63fef1be275ac9a8822c6f8f32bc9a247b49ebfc342c64c52caa2fc170c6f51bf6a8b6b4603dfdcc694f5dc37fdd514fe0ca12b113716b086536292d345f83a862754e9d6007ebb26fd8c6946462bffe1e55677f2671f4c965f98557d41d7fb88ff590de7c92a1b7c1d9129b4ebb59187c8713165772f92409c913ab5cbad5adc7e6149d6f240d7d66d7f32bc84cc7eabf53a67f98490a7666df47200d9139b2f5acadec5ce37f9932f5acd27efc9b35fccec33b7a5ddb3a2ad5791f1375c4b58f9ff9ce7d5f5ac9ff00e331ff0058553d66c3cb5ac09fccedace56c5f0db2f43a73fbb2ff00f54953a60df2e83fd651d3ab1077f5093fcc213af58a35dedfc09189f8254e9ff77fd9735c0a81fbaeac7fac2e8e9f8a402f7123e144a0ff008df24fdc4fe4c94758b19349de0ff339c2c7e4b46fd345f2b2744fa3814a12b4bb91eec74200dea05c72cb8b5a2907fb44a33e664baed9dbf826462cb186cb1d488e9dbfc6f25a7d422b0a98edfd8b9dbea4c8b49fd45ec8bf0398b327ac97b7696395fccadfde49ef7fe0cdd7b00ed3b261634c63d856cd65962c36346ea6581d6e69faab6c07b411fe9015b0236ab50c75c9f899390cefe4ebf109b7e059d8fcb0f5525bfcc7d7e049919059a5049fcc5b5d9a0588e4f03f308c72cc39decf121a2d192f01d5936f737910bc6b8d28daf7f69b5550ab1b5ad71225ab7cc136a437b655e1aee109dcc4313cc2d53c0f7321c71dc40f8f785a00adb12ac2c13667e984238e66b61ed46fcc24807ee6304cc237c7883c8cecda80b26c3ad0f321badeda0a0331679d883d6a6fca4ac78df3293692094c1c9e1791ef45a7e9e3f711cb731935a14482bd256147b091d87731672729367b2a6a55d6a24ad748beaecc8caee6f4d7b328d064c26a04c9089bd6ba136d4ba40dbcb20ed9edea4ac26844e232637b104cbabb8710b02659762432d178621fa07bf9925cbd959e2336a803e20f7d7dc350780eace4a6759c44c90c19650fad7a7b7dccab3ace5611249022bbf07bb60ac5a50793529be2960e159bd32da18fda62d7ad94f20cee597e9d4c8dfd9e620ea3e8de095495dac6e1aa8278672d43a9321d9967caf4b5d5b1d29820e81729e54cab4390d447ba62eaab07518e3500810fc5e8371d7da631afa35b58e54c1b4c63ef71f917d49da24e8e77e619fa061c113cb80c0ee09c4b7df53eecf2d9a59ab5dadc92ca7b179805f6007529e9bc9596b62903e6dc589e6438efa69eb744c88b05975013b7aa6162234fd500ba917d6ee316b5bedb92e3bf3cc3d7148c4d4ea2cb7bb0f1ccdd1366468762178c9dc46e1ccd64b8cba223ec5ac35705c6c60442d185235b93838dbe97e27a69fa813d2b84715eeadd410395ee957ceea03b8e8c4d93d4dac724b40acbcdade615f2f26cd5a78c173dc3333376a79957ea1987eb7da7c186f52b7b2bf32bd6bf73132f5c73c89ea7119705af1ae19586afbfb870663513742cbfa57fd373f6b47b7276b43278e046d8a9728888f11b7a5f2bf4bd56b663a56fb4c563537a8f65d5b7c1856f31c08a8ecb1491d43d5d90977a61c779dfb09cdebb76a373a0578473fa13a68b304e273a2a6ab191b82a7463107982629aa58b5850620c9037cc847dca0fc4dab3cf30b1908d90e7809ac99321e7983d67c9df00f8dc981dc3262d24128de24c8d0456d193a9e6113179442c31d4dc41eb3a84290611007c1ba9d7c4d83687b4d07e26e39fe65d017dcdc3027c092ae88f690807892aefde490c99541f224aa352143f89303f12d804d92af3f10951c0d81055d9f6e64c84ecf1b9648049e43a815ff71024e7e9ff0069dc0909df024ca6c3c7024e01b7c609d180309aad038d1303d11cb1e66cbadcba5902f8631faa0f2fadfc0992ec46c0d0fc082d6eaa7709abef05acf03c09d8489dce46da2de37a98235a00f3f89b172c3434a3f89a78e479928e6fe093b822150764f992682281ee6064e8ee6e1f7f736ff33993190593f66fb401f0233e955f7b02dfb546c9899d8928a3fd65a7a1543f46c187dcdcf3036bdb11ed257ea598f836b2e07bbbb855f03e66287ef0da915f5ff98c3c884e157a81e121b69ca786118ca5579f3251676aecccf72a211c49022950c651c8621563b1e625c290788264b771d6e4f6b762962781e040acb068b4a3780bb73c01e75eb52103cc9fa0525bbae6f7f11359dd9b9e94a7209e65cb16814d4a8a380227aab30b69add328dd3763ec890ae9669a84761224653466760df646049a91ccc012551a966464994f13334066e24943066b37226a671c78099f6981363e2416442e3734ec997df74dd7c4a9240d5022057d0bf11a91c413250e8ea4345a326854e1526a7b5c6881339087660ddc56503773366052fbda88b32ba6d4adfb446a991af2641976a95f3292482d729260d898556bf6891751a12b53a510cc37d998ea351b138956b8e02464d4b92a3730fa9c092ad7dcbe2167009b3910c4c40abcc028bf23529a2b59f41ec3c4aae7864733a075244446dea52baa042e6524b059cd6d12fd5627527aaa2e263b17727adbb4712a8139470097d7d9b9150c7ba15782e66b4d1a612eb002524c618a0b010facf67307c44d2892da752fb84a71e431738a8d6e68f98ce7cc0546cc22aa4b11a13b736461225facdf33d37fd2b4f48c3232717ee627461952f6d7b31bf56e83663649d21d6e2aea3dd4504688318945a783d05738fa6ec10754bfbec237169e64f6877b09d1337a30722f602ba9c93f88d456118764b73c83292ac08f225c7a6b9cde9cae3974e0cd7a2fa17a9750652d594433a67a7ffa74d85816824f7b2ef9f990da29e3073223b4ea640ee2371975dc07c4ca7565ed2a74445a8791b848b14b22755f415c32309109df1da652bd6f83fe1fea2b907ecb07788c3fa7bd50e2f54343b00ae76bfcc3ff00ab0955d760e5d5c120a3ff0030d4bc45c05f591dca3622958ec0368f83253c7f30256e798507d81b868b33a4b2b04aa6115f882a9d1d19323e8c3c589cd3c840fe64a8799129d8e26e8daf30880490523684992c10553c7125461efe611317920a56137d8dee4087e6480ee5d304e29922eb7e7525afc9e76241365275c1d4be41b414a7f3a9321fcc12b3f91fcc9d09dcb2052412a7e4c991f9d6cc181df99ba9d4ba0124188faf1b932b33793c4094ee4c9f93241b4160aefcf337041902aa71c9264e3c789606d1223006155b173cf0a3cc0c6c422a3be366483ecc9c125fb6b1c4cb295e18f3364b12b52106dcfb9f69aa02c4b31d0f733b24b5e1773509dc767f68f7990416d0002899bac1dba5e17e3e6449b670a83926464b25878433e998ed9393b03607932db8b8ce83c151ae229e96a315106b93e6580dfde38e1578895b36df07a0d1d118439ee03918e50ef7b9251daa83644c5b935b1eddef5254abfc92fad6fe64678e4bec4e5ed233cb7327360d01be0400dc14e906c8f7320bf2987d80f27de43e4b45a88567d85c2853c7c44dd57345357629e7de4b979031b1fb98edc8893a7d0fd57a92a72501db1829c9456587ae12b24a31eecb1fa4b0b61b2ac1f7378dcb4aaf321c5a568a96b41a006a12804ca9cf7bc9eaa8a953050464f02444ecc95f4448c0020c2990b3c4e84da6ac389c41857e64e8d053c4d91f464a6435f0187c48c89e4b019bf99c5488f131dd2420485986e432c8cb733c0ea7872268e7520924ee91b90640f76a426e3b90d9383393502a623ccff2c98efea770d18a7a9d6581d4a4fb06a9f3c89edc820f1213633fbc9ff4e4ef736a28d3f22030d8e26920ae9e840d987300d231a54004d0bf6c22e1017cbc91dc8aa788bb332854a6139590003ccab75acbf3a30539603c3ea07d5fa896d806566f73631327c9b4bb1e640abb3156f2749e48c21922289b11ed3c4102710964d7b019e0429d4f1698009327251a0ec7b06a12958b4f1162ed619837eac1b85835e45ac8b0d18a539d710ba0041e24c595eb13095ee4cb87c013df547c4f4dfe8fe27a577327032ea1d169c9d92a372b59fe89a7258ec712f9602866aa76638e4d3e42a936b09944c4fe9d6129dba031fe07a57a6e111aa549fe258cf0b230037992ec6caa898a131e8502aad401f88425c0c84560c95691f328d96c145fea27a70655473b153ee03ef51ef38fe4546ab4a9e27d31928a6a28c36a783391fad3d3b4d59c5aa6ed57e75f10f5cb3c00b21c64a4f4d0ff00a856524107c896beac1fa8f4d61ddf502e98efc8333d33a65556391a048f79064526bc84ec62031d111a4b6adc2525bfd9f254594ab68f124adf4346583af74b5ab11f2108054ef52b6b0a212861e024311fc4911b70546e752453f76a5e32033826b21d5b10473c49c37cc051ff00de108fb10ca427288506d4955c1f780a58770856d8108981944311c03260ff0010156238d092ab6a113012805879b823e60a1899b8632e983710a46224c8f0446275e24a18efdb625d3052885abfc4915fce8c15589920265d302e216ada9356fcf260684fcf064ca3f2659305288723a0d1f264e2d2c74343f30146551e3664c1a4e403885f7afb9e648b66b91e606baf277270ff0077896c8368292c23e24b5f7587e14730404b11b3e66ef69ec289c2fbfe6736728fc9b5d6067e3c78118f4a5358faa002df98a6bdb36be231aee6a51029e0c1cdf8433a78a52decb4e077e4b01da018d2e295d5d8c4771e0c4fd12d62bdcc7cfc42721bead849f022b2ef83761c433e584d5fa5ab442edbe4c233f201c502bf78ad6b0477126079f94ca56b5d8f990d659db9c62d609aec90834bcb418dbd80bb1907779dc5bd5b2caaf680799594b04462df245d432df26f089b249d012f1e97e943070d59c7f9ae364c41e8ae9299361cbbc86edfda25ef5a999a9b77708f47d374bb23ea4bbb3651c4c8131bd09a927516469992d3da9a8e66dbd0928e361c48edb00123b6c220ecc5a0e52f82f18e4d9ade789a779dcf2a4dfb44827844f43ebcc311c1115972be2495de44b2960ab86462791216af6db91a5e4fb4983ec7896ce4a6307bc0905877256321790ce0774ee33534902108399bb0e24609006dac0b2ac5d730dcd21549958ea192c18ea0a6f0121c870b137ad884568846c6a559726cfa9e637c5c8728366094f90cd30fb1803f88bfa86625487913197732a932a3d632ac662373a53e0944d9fd586c80657b3730da4f3b9a142e4ecc953154eb7176db099005059a10b51d78872e22aaee495d22460ec8a99089ab9e233c9a06b7175aba3a90f82d92103664c8bc48c0d4954f12a433cca644ac51f7095e6417ae8cb64ac90c71b289006e37c67e0132b7884f7812c18ffb64b90ac97219f504f4827a46e2b83fffd9, 'Blue Keyboard USB', '186.44', 0, 6, 6, 28, 0, NULL);
INSERT INTO `order_used_product` (`product_id`, `current_quantity`, `product_code`, `product_image`, `product_name`, `rate`, `threshold`, `brand_id`, `category_id`, `product_entity_id`, `damage_quantity`, `product_content_type`) VALUES
(7, 102, '', NULL, 'Blue Wireless Combo Keyboard + mouse', '614.41', 10, 7, 7, 30, 0, NULL),
(8, 147, '', NULL, 'Blue USB Mouse B -203', '135.00', 10, 8, 8, 34, 0, NULL),
(9, 173, '', NULL, 'Blue Spike Guard 114 ( 4x4 ) 2 Mtr', '299.00', 10, 9, 9, 37, 0, NULL),
(10, 109, '', NULL, 'Blue USB Mouse B -202', '114.41', 0, 10, 10, 33, 0, NULL),
(11, 102, '', NULL, 'Blue Wireless Combo Keyboard + mouse', '614.41', 10, 11, 11, 30, 0, NULL),
(12, 138, '', NULL, 'Blue Keyboard USB', '169.49', 0, 12, 12, 28, 0, NULL),
(13, 337, '', NULL, 'Blue Spike Guard 114 ( 4x4 ) 5 Mtr', '295.76', 10, 13, 13, 38, 0, NULL),
(14, 109, '', NULL, 'Blue USB Mouse B -202', '114.41', 0, 14, 14, 33, 0, NULL),
(15, 173, '', NULL, 'Blue Spike Guard 114 ( 4x4 ) 2 Mtr', '299.00', 10, 15, 15, 37, 0, NULL),
(16, 138, '', NULL, 'Blue Keyboard USB', '169.49', 0, 16, 16, 28, 0, NULL),
(17, 109, '', NULL, 'Blue USB Mouse B -202', '114.41', 0, 17, 17, 33, 0, NULL),
(18, 147, '', NULL, 'Blue USB Mouse B -203', '135.59', 10, 18, 18, 34, 0, NULL),
(19, 87, '', NULL, 'Blue Wireless Mouse 2.4GHZ', '254.24', 10, 19, 19, 31, 0, NULL),
(20, 109, '', NULL, 'Blue USB Mouse B -202', '114.41', 0, 20, 20, 33, 0, NULL),
(21, 138, '', NULL, 'Blue Keyboard USB', '169.49', 0, 21, 21, 28, 0, NULL),
(22, 138, '', NULL, 'Blue Keyboard USB', '169.49', 0, 22, 22, 28, 0, NULL),
(23, 138, '', NULL, 'Blue Keyboard USB', '169.49', 0, 23, 23, 28, 0, NULL),
(24, 138, '', NULL, 'Blue Keyboard USB', '169.49', 0, 24, 24, 28, 0, NULL),
(25, 138, '', NULL, 'Blue Keyboard USB', '169.49', 0, 25, 25, 28, 0, NULL),
(26, 102, '', NULL, 'Blue Wireless Combo Keyboard + mouse', '614.41', 10, 26, 26, 30, 0, NULL),
(27, 138, '', NULL, 'Blue Keyboard USB', '169.49', 0, 27, 27, 28, 0, NULL),
(28, 277, '', NULL, 'Blue Keyboard PS/2', '186.44', 0, 28, 28, 29, 0, NULL),
(29, 25, '', NULL, 'Blue USB Mouse B -201', '165.25', 10, 29, 29, 32, 0, NULL),
(30, 138, '', NULL, 'Blue Keyboard USB', '169.49', 0, 30, 30, 28, 0, NULL),
(31, 90, '', NULL, 'Blue  USB Mouse Mini BS 220', '100.00', 10, 31, 31, 36, 0, NULL),
(32, 138, '', NULL, 'Blue Keyboard USB', '178.57', 0, 32, 32, 28, 0, NULL),
(37, 138, '', NULL, 'Blue Keyboard USB', '178.57', 0, 37, 37, 28, 0, NULL),
(38, 337, '', NULL, 'Blue Spike Guard 114 ( 4x4 ) 5 Mtr', '311.61', 10, 38, 38, 38, 0, NULL),
(39, 147, '', NULL, 'Blue USB Mouse B -203', '135.59', 10, 39, 39, 34, 0, NULL),
(40, 277, '', NULL, 'Blue Keyboard PS/2', '196.43', 0, 40, 40, 29, 0, NULL),
(41, 102, '', NULL, 'Blue Wireless Combo Keyboard + mouse', '647.32', 10, 41, 41, 30, 0, NULL),
(47, 138, '', NULL, 'Blue Keyboard USB', '178.57', 0, 47, 47, 28, 0, NULL),
(48, 337, '', NULL, 'Blue Spike Guard 114 ( 4x4 ) 5 Mtr', '311.61', 10, 48, 48, 38, 0, NULL),
(49, 147, '', NULL, 'Blue USB Mouse B -203', '135.59', 10, 49, 49, 34, 0, NULL),
(50, 277, '', NULL, 'Blue Keyboard PS/2', '196.43', 0, 50, 50, 29, 0, NULL),
(51, 173, '', NULL, 'Blue Spike Guard 114 ( 4x4 ) 2 Mtr', '315.02', 10, 51, 51, 37, 0, NULL),
(59, 138, '', NULL, 'Blue Keyboard USB', '178.57', 0, 59, 59, 28, 0, NULL),
(69, 337, '', NULL, 'Blue Spike Guard 114 ( 4x4 ) 5 Mtr', '311.61', 10, 69, 69, 38, 0, NULL),
(70, 277, '', NULL, 'Blue Keyboard PS/2', '196.43', 0, 70, 70, 29, 0, NULL),
(71, 138, '', NULL, 'Blue Keyboard USB', '178.57', 0, 71, 71, 28, 0, NULL),
(72, 0, '8544', '', 'Blue LAN Cable 20 Mtr Cat 5', '169.50', 10, 72, 72, 70, 0, NULL),
(73, 138, '', NULL, 'Blue Keyboard USB', '178.57', 0, 73, 73, 28, 0, NULL),
(74, 138, '', NULL, 'Blue Keyboard USB', '178.57', 0, 74, 74, 28, 0, NULL),
(75, 277, '', NULL, 'Blue Keyboard PS/2', '196.43', 0, 75, 75, 29, 0, NULL),
(76, 102, '', NULL, 'Blue Wireless Combo Keyboard + mouse', '647.32', 10, 76, 76, 30, 0, NULL),
(77, 25, '', NULL, 'Blue USB Mouse B -201', '165.25', 10, 77, 77, 32, 0, NULL),
(78, 2, '8471', NULL, 'Blue keyboard USB MINI', '236.61', 10, 78, 78, 52, 0, NULL),
(79, 102, '', NULL, 'Blue Wireless Combo Keyboard + mouse', '647.32', 10, 79, 79, 30, 0, NULL),
(80, 102, '', NULL, 'Blue Wireless Combo Keyboard + mouse', '647.32', 10, 80, 80, 30, 0, NULL),
(81, 277, '', NULL, 'Blue Keyboard PS/2', '196.43', 0, 81, 81, 29, 0, NULL),
(82, 25, '', NULL, 'Blue USB Mouse B -201', '165.25', 10, 82, 82, 32, 0, NULL),
(83, 138, '', NULL, 'Blue Keyboard USB', '178.57', 0, 83, 83, 28, 0, NULL),
(84, 138, '', 0xffd8ffe000104a46494600010101004800480000ffdb0043000503040404030504040405050506070c08070707070f0b0b090c110f1212110f111113161c1713141a1511111821181a1d1d1f1f1f13172224221e241c1e1f1effdb0043010505050706070e08080e1e1411141e1e1e1e1e1e1e1e1e1e1e1e1e1e1e1e1e1e1e1e1e1e1e1e1e1e1e1e1e1e1e1e1e1e1e1e1e1e1e1e1e1e1e1e1e1e1e1e1e1effc0001108002a005003012200021101031101ffc4001f0000010501010101010100000000000000000102030405060708090a0bffc400b5100002010303020403050504040000017d01020300041105122131410613516107227114328191a1082342b1c11552d1f02433627282090a161718191a25262728292a3435363738393a434445464748494a535455565758595a636465666768696a737475767778797a838485868788898a92939495969798999aa2a3a4a5a6a7a8a9aab2b3b4b5b6b7b8b9bac2c3c4c5c6c7c8c9cad2d3d4d5d6d7d8d9dae1e2e3e4e5e6e7e8e9eaf1f2f3f4f5f6f7f8f9faffc4001f0100030101010101010101010000000000000102030405060708090a0bffc400b51100020102040403040705040400010277000102031104052131061241510761711322328108144291a1b1c109233352f0156272d10a162434e125f11718191a262728292a35363738393a434445464748494a535455565758595a636465666768696a737475767778797a82838485868788898a92939495969798999aa2a3a4a5a6a7a8a9aab2b3b4b5b6b7b8b9bac2c3c4c5c6c7c8c9cad2d3d4d5d6d7d8d9dae2e3e4e5e6e7e8e9eaf2f3f4f5f6f7f8f9faffda000c03010002110311003f00f8ca8adbff0084575fff009f0ffc8c9ffc551ff08aebff00f3e1ff009193ff008aac3eb543f9d7de8f5bfb0335ff00a06a9ff804bfc8c4a2b6ff00e115d7ff00e7c3ff002327ff001547fc22baff00fcf87fe464ff00e2a8fad50fe75f7a0fec0cd7fe81aa7fe012ff0023128adbff0084575fff009f0ffc8c9ffc551ff08aebff00f3e1ff009193ff008aa3eb543f9d7de83fb0335ffa06a9ff00804bfc8c4a2b6ffe115d7ffe7c3ff2327ff1547fc22bafff00cf87fe464ffe2a8fad50fe75f7a0fec0cd7fe81aa7fe012ff23128adbff84575ff00f9f0ff00c8c9ff00c551ff0008aebfff003e1ff9193ff8aa3eb543f9d7de83fb0335ff00a06a9ff804bfc8f4fa2bda7fe1447fd4d5ff0094ff00fed947fc288ffa9abff29fff00db2bf2dff59b2bff009fbf84bfc8fdfbfd63cb7fe7e7e12ff23c5a8af69ff8511ff5357fe53fff00b651ff000a23fea6affca7ff00f6ca3fd66caffe7efe12ff0020ff0058f2dff9f9f84bfc8f16a2bda7fe1447fd4d5ff94fff00ed947fc288ff00a9abff0029ff00fdb28ff59b2bff009fbf84bfc83fd63cb7fe7e7e12ff0023c5a8af69ff008511ff005357fe53ff00fb651ff0a23fea6aff00ca7fff006ca3fd66caff00e7efe12ff20ff58f2dff009f9f84bfc8f16a2bda7fe1447fd4d5ff0094ff00fed947fc288ffa9abff29fff00db28ff0059b2bff9fbf84bfc83fd63cb7fe7e7e12ff23da28a28afc98fcb428a28a0028a28a0028a28a0028a28a00fffd9, 'Blue Keyboard USB', '178.57', 0, 84, 84, 28, 0, 'image/jpeg'),
(85, 138, '', 0xffd8ffe000104a46494600010101004800480000ffdb0043000503040404030504040405050506070c08070707070f0b0b090c110f1212110f111113161c1713141a1511111821181a1d1d1f1f1f13172224221e241c1e1f1effdb0043010505050706070e08080e1e1411141e1e1e1e1e1e1e1e1e1e1e1e1e1e1e1e1e1e1e1e1e1e1e1e1e1e1e1e1e1e1e1e1e1e1e1e1e1e1e1e1e1e1e1e1e1e1e1e1e1effc0001108002a005003012200021101031101ffc4001f0000010501010101010100000000000000000102030405060708090a0bffc400b5100002010303020403050504040000017d01020300041105122131410613516107227114328191a1082342b1c11552d1f02433627282090a161718191a25262728292a3435363738393a434445464748494a535455565758595a636465666768696a737475767778797a838485868788898a92939495969798999aa2a3a4a5a6a7a8a9aab2b3b4b5b6b7b8b9bac2c3c4c5c6c7c8c9cad2d3d4d5d6d7d8d9dae1e2e3e4e5e6e7e8e9eaf1f2f3f4f5f6f7f8f9faffc4001f0100030101010101010101010000000000000102030405060708090a0bffc400b51100020102040403040705040400010277000102031104052131061241510761711322328108144291a1b1c109233352f0156272d10a162434e125f11718191a262728292a35363738393a434445464748494a535455565758595a636465666768696a737475767778797a82838485868788898a92939495969798999aa2a3a4a5a6a7a8a9aab2b3b4b5b6b7b8b9bac2c3c4c5c6c7c8c9cad2d3d4d5d6d7d8d9dae2e3e4e5e6e7e8e9eaf2f3f4f5f6f7f8f9faffda000c03010002110311003f00f8ca8adbff0084575fff009f0ffc8c9ffc551ff08aebff00f3e1ff009193ff008aac3eb543f9d7de8f5bfb0335ff00a06a9ff804bfc8c4a2b6ff00e115d7ff00e7c3ff002327ff001547fc22baff00fcf87fe464ff00e2a8fad50fe75f7a0fec0cd7fe81aa7fe012ff0023128adbff0084575fff009f0ffc8c9ffc551ff08aebff00f3e1ff009193ff008aa3eb543f9d7de83fb0335ffa06a9ff00804bfc8c4a2b6ffe115d7ffe7c3ff2327ff1547fc22bafff00cf87fe464ffe2a8fad50fe75f7a0fec0cd7fe81aa7fe012ff23128adbff84575ff00f9f0ff00c8c9ff00c551ff0008aebfff003e1ff9193ff8aa3eb543f9d7de83fb0335ff00a06a9ff804bfc8f4fa2bda7fe1447fd4d5ff0094ff00fed947fc288ffa9abff29fff00db2bf2dff59b2bff009fbf84bfc8fdfbfd63cb7fe7e7e12ff23c5a8af69ff8511ff5357fe53fff00b651ff000a23fea6affca7ff00f6ca3fd66caffe7efe12ff0020ff0058f2dff9f9f84bfc8f16a2bda7fe1447fd4d5ff94fff00ed947fc288ff00a9abff0029ff00fdb28ff59b2bff009fbf84bfc83fd63cb7fe7e7e12ff0023c5a8af69ff008511ff005357fe53ff00fb651ff0a23fea6aff00ca7fff006ca3fd66caff00e7efe12ff20ff58f2dff009f9f84bfc8f16a2bda7fe1447fd4d5ff0094ff00fed947fc288ffa9abff29fff00db28ff0059b2bff9fbf84bfc83fd63cb7fe7e7e12ff23da28a28afc98fcb428a28a0028a28a0028a28a0028a28a00fffd9, 'Blue Keyboard USB', '178.57', 0, 85, 85, 28, 0, 'image/jpeg'),
(86, 109, '', NULL, 'Blue USB Mouse B -202', '114.41', 0, 86, 86, 33, 0, NULL),
(87, 147, '', NULL, 'Blue USB Mouse B -203', '135.59', 10, 87, 87, 34, 0, NULL),
(88, 138, '', 0xffd8ffe000104a46494600010101004800480000ffdb0043000503040404030504040405050506070c08070707070f0b0b090c110f1212110f111113161c1713141a1511111821181a1d1d1f1f1f13172224221e241c1e1f1effdb0043010505050706070e08080e1e1411141e1e1e1e1e1e1e1e1e1e1e1e1e1e1e1e1e1e1e1e1e1e1e1e1e1e1e1e1e1e1e1e1e1e1e1e1e1e1e1e1e1e1e1e1e1e1e1e1e1effc0001108002a005003012200021101031101ffc4001f0000010501010101010100000000000000000102030405060708090a0bffc400b5100002010303020403050504040000017d01020300041105122131410613516107227114328191a1082342b1c11552d1f02433627282090a161718191a25262728292a3435363738393a434445464748494a535455565758595a636465666768696a737475767778797a838485868788898a92939495969798999aa2a3a4a5a6a7a8a9aab2b3b4b5b6b7b8b9bac2c3c4c5c6c7c8c9cad2d3d4d5d6d7d8d9dae1e2e3e4e5e6e7e8e9eaf1f2f3f4f5f6f7f8f9faffc4001f0100030101010101010101010000000000000102030405060708090a0bffc400b51100020102040403040705040400010277000102031104052131061241510761711322328108144291a1b1c109233352f0156272d10a162434e125f11718191a262728292a35363738393a434445464748494a535455565758595a636465666768696a737475767778797a82838485868788898a92939495969798999aa2a3a4a5a6a7a8a9aab2b3b4b5b6b7b8b9bac2c3c4c5c6c7c8c9cad2d3d4d5d6d7d8d9dae2e3e4e5e6e7e8e9eaf2f3f4f5f6f7f8f9faffda000c03010002110311003f00f8ca8adbff0084575fff009f0ffc8c9ffc551ff08aebff00f3e1ff009193ff008aac3eb543f9d7de8f5bfb0335ff00a06a9ff804bfc8c4a2b6ff00e115d7ff00e7c3ff002327ff001547fc22baff00fcf87fe464ff00e2a8fad50fe75f7a0fec0cd7fe81aa7fe012ff0023128adbff0084575fff009f0ffc8c9ffc551ff08aebff00f3e1ff009193ff008aa3eb543f9d7de83fb0335ffa06a9ff00804bfc8c4a2b6ffe115d7ffe7c3ff2327ff1547fc22bafff00cf87fe464ffe2a8fad50fe75f7a0fec0cd7fe81aa7fe012ff23128adbff84575ff00f9f0ff00c8c9ff00c551ff0008aebfff003e1ff9193ff8aa3eb543f9d7de83fb0335ff00a06a9ff804bfc8f4fa2bda7fe1447fd4d5ff0094ff00fed947fc288ffa9abff29fff00db2bf2dff59b2bff009fbf84bfc8fdfbfd63cb7fe7e7e12ff23c5a8af69ff8511ff5357fe53fff00b651ff000a23fea6affca7ff00f6ca3fd66caffe7efe12ff0020ff0058f2dff9f9f84bfc8f16a2bda7fe1447fd4d5ff94fff00ed947fc288ff00a9abff0029ff00fdb28ff59b2bff009fbf84bfc83fd63cb7fe7e7e12ff0023c5a8af69ff008511ff005357fe53ff00fb651ff0a23fea6aff00ca7fff006ca3fd66caff00e7efe12ff20ff58f2dff009f9f84bfc8f16a2bda7fe1447fd4d5ff0094ff00fed947fc288ffa9abff29fff00db28ff0059b2bff9fbf84bfc83fd63cb7fe7e7e12ff23da28a28afc98fcb428a28a0028a28a0028a28a0028a28a00fffd9, 'Blue Keyboard USB', '178.57', 0, 88, 88, 28, 0, 'image/jpeg'),
(89, 138, '', 0xffd8ffe000104a46494600010101004800480000ffdb0043000503040404030504040405050506070c08070707070f0b0b090c110f1212110f111113161c1713141a1511111821181a1d1d1f1f1f13172224221e241c1e1f1effdb0043010505050706070e08080e1e1411141e1e1e1e1e1e1e1e1e1e1e1e1e1e1e1e1e1e1e1e1e1e1e1e1e1e1e1e1e1e1e1e1e1e1e1e1e1e1e1e1e1e1e1e1e1e1e1e1e1effc0001108002a005003012200021101031101ffc4001f0000010501010101010100000000000000000102030405060708090a0bffc400b5100002010303020403050504040000017d01020300041105122131410613516107227114328191a1082342b1c11552d1f02433627282090a161718191a25262728292a3435363738393a434445464748494a535455565758595a636465666768696a737475767778797a838485868788898a92939495969798999aa2a3a4a5a6a7a8a9aab2b3b4b5b6b7b8b9bac2c3c4c5c6c7c8c9cad2d3d4d5d6d7d8d9dae1e2e3e4e5e6e7e8e9eaf1f2f3f4f5f6f7f8f9faffc4001f0100030101010101010101010000000000000102030405060708090a0bffc400b51100020102040403040705040400010277000102031104052131061241510761711322328108144291a1b1c109233352f0156272d10a162434e125f11718191a262728292a35363738393a434445464748494a535455565758595a636465666768696a737475767778797a82838485868788898a92939495969798999aa2a3a4a5a6a7a8a9aab2b3b4b5b6b7b8b9bac2c3c4c5c6c7c8c9cad2d3d4d5d6d7d8d9dae2e3e4e5e6e7e8e9eaf2f3f4f5f6f7f8f9faffda000c03010002110311003f00f8ca8adbff0084575fff009f0ffc8c9ffc551ff08aebff00f3e1ff009193ff008aac3eb543f9d7de8f5bfb0335ff00a06a9ff804bfc8c4a2b6ff00e115d7ff00e7c3ff002327ff001547fc22baff00fcf87fe464ff00e2a8fad50fe75f7a0fec0cd7fe81aa7fe012ff0023128adbff0084575fff009f0ffc8c9ffc551ff08aebff00f3e1ff009193ff008aa3eb543f9d7de83fb0335ffa06a9ff00804bfc8c4a2b6ffe115d7ffe7c3ff2327ff1547fc22bafff00cf87fe464ffe2a8fad50fe75f7a0fec0cd7fe81aa7fe012ff23128adbff84575ff00f9f0ff00c8c9ff00c551ff0008aebfff003e1ff9193ff8aa3eb543f9d7de83fb0335ff00a06a9ff804bfc8f4fa2bda7fe1447fd4d5ff0094ff00fed947fc288ffa9abff29fff00db2bf2dff59b2bff009fbf84bfc8fdfbfd63cb7fe7e7e12ff23c5a8af69ff8511ff5357fe53fff00b651ff000a23fea6affca7ff00f6ca3fd66caffe7efe12ff0020ff0058f2dff9f9f84bfc8f16a2bda7fe1447fd4d5ff94fff00ed947fc288ff00a9abff0029ff00fdb28ff59b2bff009fbf84bfc83fd63cb7fe7e7e12ff0023c5a8af69ff008511ff005357fe53ff00fb651ff0a23fea6aff00ca7fff006ca3fd66caff00e7efe12ff20ff58f2dff009f9f84bfc8f16a2bda7fe1447fd4d5ff0094ff00fed947fc288ffa9abff29fff00db28ff0059b2bff9fbf84bfc83fd63cb7fe7e7e12ff23da28a28afc98fcb428a28a0028a28a0028a28a0028a28a00fffd9, 'Blue Keyboard USB', '178.57', 0, 89, 89, 28, 0, 'image/jpeg'),
(90, 100, '', NULL, 'Blue Spike Guard 116 ( 6X6 ) 2 Mtr', '367.70', 10, 90, 90, 40, 0, NULL),
(91, 147, '', NULL, 'Blue USB Mouse B -203', '135.59', 10, 91, 91, 34, 0, NULL),
(92, 138, '', 0xffd8ffe000104a46494600010101004800480000ffdb0043000503040404030504040405050506070c08070707070f0b0b090c110f1212110f111113161c1713141a1511111821181a1d1d1f1f1f13172224221e241c1e1f1effdb0043010505050706070e08080e1e1411141e1e1e1e1e1e1e1e1e1e1e1e1e1e1e1e1e1e1e1e1e1e1e1e1e1e1e1e1e1e1e1e1e1e1e1e1e1e1e1e1e1e1e1e1e1e1e1e1e1effc0001108002a005003012200021101031101ffc4001f0000010501010101010100000000000000000102030405060708090a0bffc400b5100002010303020403050504040000017d01020300041105122131410613516107227114328191a1082342b1c11552d1f02433627282090a161718191a25262728292a3435363738393a434445464748494a535455565758595a636465666768696a737475767778797a838485868788898a92939495969798999aa2a3a4a5a6a7a8a9aab2b3b4b5b6b7b8b9bac2c3c4c5c6c7c8c9cad2d3d4d5d6d7d8d9dae1e2e3e4e5e6e7e8e9eaf1f2f3f4f5f6f7f8f9faffc4001f0100030101010101010101010000000000000102030405060708090a0bffc400b51100020102040403040705040400010277000102031104052131061241510761711322328108144291a1b1c109233352f0156272d10a162434e125f11718191a262728292a35363738393a434445464748494a535455565758595a636465666768696a737475767778797a82838485868788898a92939495969798999aa2a3a4a5a6a7a8a9aab2b3b4b5b6b7b8b9bac2c3c4c5c6c7c8c9cad2d3d4d5d6d7d8d9dae2e3e4e5e6e7e8e9eaf2f3f4f5f6f7f8f9faffda000c03010002110311003f00f8ca8adbff0084575fff009f0ffc8c9ffc551ff08aebff00f3e1ff009193ff008aac3eb543f9d7de8f5bfb0335ff00a06a9ff804bfc8c4a2b6ff00e115d7ff00e7c3ff002327ff001547fc22baff00fcf87fe464ff00e2a8fad50fe75f7a0fec0cd7fe81aa7fe012ff0023128adbff0084575fff009f0ffc8c9ffc551ff08aebff00f3e1ff009193ff008aa3eb543f9d7de83fb0335ffa06a9ff00804bfc8c4a2b6ffe115d7ffe7c3ff2327ff1547fc22bafff00cf87fe464ffe2a8fad50fe75f7a0fec0cd7fe81aa7fe012ff23128adbff84575ff00f9f0ff00c8c9ff00c551ff0008aebfff003e1ff9193ff8aa3eb543f9d7de83fb0335ff00a06a9ff804bfc8f4fa2bda7fe1447fd4d5ff0094ff00fed947fc288ffa9abff29fff00db2bf2dff59b2bff009fbf84bfc8fdfbfd63cb7fe7e7e12ff23c5a8af69ff8511ff5357fe53fff00b651ff000a23fea6affca7ff00f6ca3fd66caffe7efe12ff0020ff0058f2dff9f9f84bfc8f16a2bda7fe1447fd4d5ff94fff00ed947fc288ff00a9abff0029ff00fdb28ff59b2bff009fbf84bfc83fd63cb7fe7e7e12ff0023c5a8af69ff008511ff005357fe53ff00fb651ff0a23fea6aff00ca7fff006ca3fd66caff00e7efe12ff20ff58f2dff009f9f84bfc8f16a2bda7fe1447fd4d5ff0094ff00fed947fc288ffa9abff29fff00db28ff0059b2bff9fbf84bfc83fd63cb7fe7e7e12ff23da28a28afc98fcb428a28a0028a28a0028a28a0028a28a00fffd9, 'Blue Keyboard USB', '178.57', 0, 92, 92, 28, 0, 'image/jpeg');
INSERT INTO `order_used_product` (`product_id`, `current_quantity`, `product_code`, `product_image`, `product_name`, `rate`, `threshold`, `brand_id`, `category_id`, `product_entity_id`, `damage_quantity`, `product_content_type`) VALUES
(93, 277, '', 0xffd8ffe000104a46494600010100000100010000ffdb00430006040506050406060506070706080a100a0a09090a140e0f0c1017141818171416161a1d251f1a1b231c1616202c20232627292a29191f2d302d283025282928ffdb0043010707070a080a130a0a13281a161a2828282828282828282828282828282828282828282828282828282828282828282828282828282828282828282828282828ffc0001108013b033c03012200021101031101ffc4001f0000010501010101010100000000000000000102030405060708090a0bffc400b5100002010303020403050504040000017d01020300041105122131410613516107227114328191a1082342b1c11552d1f02433627282090a161718191a25262728292a3435363738393a434445464748494a535455565758595a636465666768696a737475767778797a838485868788898a92939495969798999aa2a3a4a5a6a7a8a9aab2b3b4b5b6b7b8b9bac2c3c4c5c6c7c8c9cad2d3d4d5d6d7d8d9dae1e2e3e4e5e6e7e8e9eaf1f2f3f4f5f6f7f8f9faffc4001f0100030101010101010101010000000000000102030405060708090a0bffc400b51100020102040403040705040400010277000102031104052131061241510761711322328108144291a1b1c109233352f0156272d10a162434e125f11718191a262728292a35363738393a434445464748494a535455565758595a636465666768696a737475767778797a82838485868788898a92939495969798999aa2a3a4a5a6a7a8a9aab2b3b4b5b6b7b8b9bac2c3c4c5c6c7c8c9cad2d3d4d5d6d7d8d9dae2e3e4e5e6e7e8e9eaf2f3f4f5f6f7f8f9faffda000c03010002110311003f00b1451457dd1f9e0514514005145140051451400514514005145140051451400514514005145140051451400514514005145140051451400514514005145140051451400514514005145140051451400514514005145140051451400514514005145140051451400514514005145140051451400514514005145140051451400514514005145140051451400514514005145140051451400514514005145140051451400514514005145140051451400514514005145140051451400514514005145140051451400514514005145140051451400514514005145140051451400514514005145140051451400521e869691bee9fa5023a2f18e80745b8b59210df63ba85648c939c3606e5cfd79fa1ae7abdeb5bd0d35df084568702610a3c2c7f85c2f1f9f4fc6bc1e58de195e2954a488c5594f5047515c380c57b7834f747a398e13eaf34e3f0cbfa686d14515dc79e14514500145145001451450014514500145145001451450014514500145145001451450014514500145145001451450014514500145145001451450014514500145145001451450014514500145145001451450014514500145145001451450014514500145145001451450014514500145145001451450014514500145145001451450014514500145145001451450014514500145145001451450014514500145145001451450014514500145145001451450014514500145145001451450014514500148df74d2d21e86811f4be95ff0020cb4ffae29ffa08af2bf8b7a07d92f9356b74fdcdc1d9363b3f63f88fd457ab697ff20eb5ff00ae49fc8545ad69d0eaba65c595c8cc5321527b83d88f7079af90c3621e1eb73f4ebe87dbe2f0cb134393af4f53e6ca2ad6a763369ba85c59dd2e2685ca9f7f71ec473556beb93525747c534e2ecf70a28a298828a28a0028a28a0028a28a0028a28a0028a28a0028a28a0028a28a0028a28a0028a28a0028a28a0028a28a0028a28a0028a28a0028a28a0028a28a0028a28a00290f009f4a5a46fbadf4a047a00f036970d8d95c6a3e224b36ba89655492351d4027196e719a8ffe110f0eff00d0df6dff007ca7ff001547c4cff905f85bfebcbff654ae12bcfa11ad5a0a6ea357bf45dfd0f4f113a346a3a6a9276b757dafdcf41b3f036897b70b059f8a629e66ced48d14938ebc6eae1f53b5165a95dda872e2095a30c463760919c7e15d0fc2ff00f91dac3fdd93ff0040358fe25ff918b55ffafa93ff004235a51752359d394aeac9f4eefb19d654e7415484795ddaebd9773368a28aec38428a28a0028a28a0028a28a0028a28a0028a28a0028a28a0028a28a0028a28a0028a28a0028a28a0028a28a0028a28a0028a28a0028a28a0028a28a0028a28a0028a28a0028a28a0028a28a0028a28a0028a28a0028a28a0028a28a0028a28a0028a28a0028a28a0028a28a0028a28a00290f434b41e86811f4c69831a7db0ff00a649fc8559aafa6ffc785b7fd725fe42ac57c34b767e850f851e67f17b41f3208f58b74f9e2c473e0755ecdf81e3f1af2aafa6eeede2bab69609d03c52294653dc1eb5f3c789f479342d6ae2c64c9553ba373fc487a1fe9f515f4394e279e1ec65badbd0f99ce709c93f6d1d9efebff04cba28a2bd83c40a28a2800a28a2800a28a2800a28a2800a28a2800a28a2800a28a2800a28a2800a28a2800a28a2800a28a2800a28a2800a28a2800aea7c1a34bd42fed74ebcd22391d95cb4fe7b863852dd071db15cb56ef822e61b4f12db4d752a4512ac80bb9c0194603f5ac7109ba52b6f6e86f859255637b59b57bdbbf98fd39b4ed5f5fd2ad63d2e3b48649d5250933bf9809e9cf4fc297c4ba3471f8820b7d2908b6bd08d6ea4e7193b48fc181aa5e159a3b7f1269734eeb1c51dc2333b1c0500f535d0d86ad64ba7dcdc4d3a7db74d9e76b353d6412e718ff75b2d5854e7a73bc2ed5bcdef7fd6df237a4a1569da764efbe8b6b7e97f999fe39d374fd3aeac174b522192df73316277b07652dcfae2b9aadcf11dcc33d9684b0cab234562124c1c956dec707deb0eb7c3a6a9a52dff00e09cf8971751b8ab2d3f20a46fbadf4a5a423208ad8c0ef3e261034bf0b64ffcb97feca95c1e47a8aef63f1fdb9b2b4b7bbd02d6ebecd12c4ad2b86e800e32bc6715bfa56b3a5df785b54d5cf876c10d936d116c53bf807aede3ad7994ead5c35351953ebdd7567ad528d2c55573854e9d9f45afe471bf0bc8ff0084dac391f764ff00d00d647897fe462d57febea4ff00d08d75d6df106ced66596dbc336514abd1e360ac3f10b5c3ea575f6dd46eae8a6c33cad26dce71924e2b7a2aa4ab3a938d9592dd3ea73d674a3415284b99ddbd9ae8bb95e8a28aec38828a28a0028ae97c3be178f5cb6678357b58e68e332cb0b46e5a35071927a1fc299a2f86e1d5f5596c6cf57b7775c189c4321128c6491c70074e6b1788a6af77b6fa337586a8f96cbe2db55fe673b456ddee8b696da95b59a6b56739926f26574560b0f38dc49e08fa554d7f4f8b4cd5ae2cedeee3bc8e323132743919f7e45546ac64d25f9322546504dbe9a6e8cfa28a2b4330a28a2800a2b6742f0f5cead05c5d1961b4d3edff00d6dd4e708bec3d4fb559ff008472def1641a1eb106a1731a9736e61685d80ea5377defa75ac9d7826d37b7e1eaf646d1c3d492524b7f4d7d16efe473b451456a6214514500145145001451450014559d32ca6d4750b7b3b6199a7708b9e833dcfb0eb5048bb2474273b58ae7d70714aeaf61d9dafd06d14514c4145157b48b382fae4c5737f0d90c0daf2a330639c63e5a52928abb1c62e4ec8a345759a9f846df4cbd3677be21b086e40076491b8183d39c62b1b5fd12f343ba486f421122ef8a58db7248bea0d670af4ea34a2f735a987a94d3725b6fb69eb63328a28ad4c428a92de3135c451b48b12bb852edd14138c9f6157fc47a643a4eab25a5b5ec77b1aaab0963e9c8e9c13cfe352e694b97a94a0dc5cfa1994515b7e17d0975fbafb2a5fc56d74c4f971bc6cdbc0192723818f7a2738c22e52d9053a72a92518eecc4a29f346629a48c9c9462b9f5c1c532a890a28a2800a28a2800a2b6fc31a126bd722d935186deed890913c6cc5c019272381f8d63cf1986796224131b94c8ef838a85522e4e2b745ba7251537b319451455901451450075fe07f072f896d6ea692f1edc42e10058c3678cf735d2ff00c2a987fe82d2ff00df81fe352fc14ff9066a7ff5dd7ff41af48af9dc663abd3af2846564bd0fa8c065f87ab878ce71bb7e6fb9e65ff0aa61ff00a0b4bff7e07f8d1ff0aa61ff00a0b4bff7e07f8d7a6d15cbfda589fe7fc17f91d7fd9785fe4fc5ff0099e65ff0aa61ff00a0b4bff7e07f8d1ff0aa61ff00a0b4bff7e07f8d7a6d147f69627f9ff05fe41fd9785fe4fc5ff99e65ff000aa61ffa0b4bff007e07f8d1ff000aa61ffa0b4bff007e07f8d7a6d147f69627f9ff0005fe41fd9785fe4fc5ff0099e65ff0aa61ff00a0b4bff7e07f8d57bef85722405acb53124a3a2cb16d07f104e2bd568a1665894fe2fc109e55856adcbf8bff0033e67d4ac2e74dbc92d6fa168674eaadfcc7a8f7aaa7a1af6df8a1a02ea7a235dc299bbb305c6072c9fc4bfd7f0af12ed5f4582c52c4d3e6ebd4f99c7611e16af274e87d35a7ff00c78dbffd735fe5562a0b018b2807fd335fe553d7c83dd9f6d1d905790fc681ff00138d38ff00d306ff00d0abd7abc8be347fc85f4eff00ae0dff00a157a195ff00bcaf9fe47999c7fbacbe5f99e77451457d49f20145145001451450014e893cc9634ce37305cfd4e29b53e9e375fda8f59907fe3c29376438abbb1e9bff000aa61ffa0b4bff007e07f8d1ff000aa61ffa0b4bff007e07f8d7a62f4a5af94fed2c4ff3fe0bfc8fb2fecbc2ff0027e2ff00ccf32ff85530ff00d05a5ffbf03fc6bcd353b6165a95dda872e2095a30c463382466be983d2be70f120c788b541ff4f327fe846bd3caf1556bca4aa3bd8f2336c251c3c22e946d77e666d14515ec9e185777e11f0147af68915fbea1240ceccbb044180c1c75cd7095ee3f0a3fe44eb6ff00ae927fe846bcfccab4e8d2e6a6ecee7a59550a75eb38545756ff00230bfe154c3ff41697fefc0ff1a3fe154c3ff41697fefc0ff1af4da2bc3fed2c4ff3fe0bfc8fa1fecbc2ff0027e2ff00ccf0ef1bf8363f0d595bce97af70659366d68c2e38ce7ad61f8634c4d635db4b096478d2624164c646013dfe95e91f1a7fe411a7ff00d7c1ff00d04d70df0ebfe473d33fdf6ffd04d7b586af527847524f5b33c0c561e9d3c6aa515eedd7e276ff00f0aaec7fe82377ff007ca7f852ff00c2abb1ff00a08ddffdf29fe15e8c3a515e27f68627f9ff0023e83fb330bfc9f99e73ff000aaec7fe82377ff7ca7f851ff0aaec7fe82377ff007ca7f857a35147f68627f9ff0020feccc2ff0027e679cffc2abb1ffa08ddff00df29fe147fc2abb1ff00a08ddffdf29fe15e8d451fda189fe7fc83fb330bfc9f99e73ff0aaec7fe82377ff007ca7f851ff000aaec7fe82377ff7ca7f857a35147f68627f9ff20feccc2ff27e679c7fc2abb1ff00a08ddffdf29fe15e63ad59ae9fabded9c6ece904ad1866ea403d4d7d2a7a57ce9e2dff0091a356ff00af97fe75e9e5789ab5a72551df43c9cdf09468422e9c6d7664d14515ed1e085145140051451400577be17ff9261e26ff00ae9ffb2a57055def863fe498789bfeba7f44ae4c67c0bd57e676607e397f865f93382a28a2bace30a28a2800a28a2803b9f84e865bed66352033d8b28c9c0c93562fecdb40f03893c3d345742e18c57f7f0b64ae38d8be8b9e33fe355bc0371a569715e5c5f6b16d149776ad0f9251cb4649ee718fca9be08beb3d1753bdb6bad62ce5d264454955a37db3e475518e08e873d6bcaaaa4eace6936959dacf5b7f5a1ec517154a106d26eeaf75a5fe7f7f5398d0a58e2d4e059ad6deea391d63293025402c064608e6ba2d6adecb4bf88325941a75ac966d245108645255436dc91cf5e4fe755ae74ed160d722974dd76d0d90984804a92031a820ed276f3dc0fa7357fc412699a878d1754875ab116cd24721dc24c809b783f2f53838ade53e69dd5ece2fa3df4fc7739e14f929b8b6aea4baadb5bfcb627d5db48d23c68da643a359dc4124c89299812577e388c670a067ea4e6a9a785eda6f88b368c8cc9631b991b9e447b436dcfe38cd2ebcfa75f78dbfb4a1d66c85abca9365849f284dbc1f97a9c1c7d2ae5e6bb6161e3e1aedb5ec379693b6c9238836f44d814920803a8cf1e95847da28ae4bddc7cf7d3f1dcde5ec9c9f3db954d76f875edd3621d067d175cf14c3a7cba2da5bda798c2068b7076da0e049cfcc081f81c572fe21688eb77896f6d0db4514ad12c7102061588cf24f271cd75fe12d3b4bb4f1b5acd6faa4378af2bfd9e2895b78c86e64c8017033ee4e2b8cd7083adea24743732ffe866b7a16f6cd46f6b2defddf739f109fb04e56bf33dadd9763aff140fb2fc35f0dc36fc433b799291fc4d8279fc49fcab0bc23e2697c3535d4b0dac370d320506424152338c11db9e456a78775cd36efc3cfe1ef11b3c56cadbedae9067ca39cf3f893f8122996965e1dd0ee56fae3588f55684ef86d6de2237b0e9bc9c80338a88a5184e8d48b776decf5bbbee6926e73856a524ac92dd696567a319616769a7f84dfc417d6b15e5ddd5c18ade2941f29393962a3af43c7d2892d2d35af09de6ad6f67059df69f2a899200563950e39db9e0fd3d29d6dabda6b7e1d9f49d52e62b1b95ba6bab79990f9596249438fbbf78e29b35ed8e8de15bbd22cef62bdbcbf914cf2c20f951a0e8012393fe268f7f9baf37379dadf95adf8f987eef97a72f2f95f9bf3bdff000f22edff00f6645e0fd2f59fec7b11792cef1f94aac2238279619c9c05e99ea68d78e9767a3e8baddbe8d67f68be4656b7704c0a57ab6d0793dbff00af50eaafa6bf82f4fd322d66c64b9b499e560a24c383bb85caf5e7bd1afbe9b73e16d12c20d66c5e7b0dc24c0930db88e57e5edd4fd2a229de37bfc4fbedadbf42e525695b97e18ff2efa5fe7b91f8ae0b1d3aeb46d4ecb4fb6115f5af9af69202d106e3a0047afe957bc673693a06bb1c569a258cdba14799655254039f95003807bee393d2a978c27d3eef48d192cf54b49e5b0b7103c681f2e72bcae5718e3be2b53e2269d637de2288bea76f6528b78c4c2e030caf3864201c9c64638ed4a0f5829dfed77efa0e6b4a8e9db78f6ea9dff119268da758f8d34db78aca0b8d33564496349f7130839c8520fd3ae6b274eb7b34f1fcda749616d35a4b7860092027cb5dc7eee0f5fae6ac6ade27b393c63a4ddda876d374d090a1c619d4756c7f2fa559886896de345d61f5ab79ade4baf3a38e256dcb93d5c9185033f534d7b48c7dfbddc7cf7ff3b581fb394bdcb594bcb6ebf2bdcb5e0c3058fc4cbeb1b7b4b711f9b3223904b46aa3eeaf381fceb92ba9d757bf8ac6db4db0b49a5b9d82485583125b1ce58f1ce6b7adb54b0d2fe239d54dec173653cb2b178371f2c3e40dc08fe59aa373359e876aff0061d42dafeee4be8ee91a15388d137101891d493d07a5541353e6b3bb4bbefadefe9e644da74f96eaca52bedb696b7af91bba8e8ada66a296361e1982fec22dab35c4f832cc4fde2adb86df6c0aa76da459697e3f4d21ed6daf6cae994a19c16645209c020e33918e73d2abebf0687e22d49b568758b7b0f3c29b882e23632230183b703e6e955fc3f368f078be2be82e63b1d3ad1d4aacfb8bcb8520b0c03824f38e319a98a9fb3776efcaefa3dfefdefdbfc8b9387b4564adccadaadbeedaddff003b92eaf75e1fb3b6d734c1a67fa6473b25adc28e7af249cf001ce0018c62b94b4ff8fa83feba2ffe842b4bc50b6edac5cdc5a5edbddc7732bca3caddf202d900e40e7e955f45b7b7b8bd1f6bbf86c923c38795598310470303ad76524a14f9b5d7d4e1ad273abcba69dadf99dbfc46d36caebc5724979ad5ad9662406368dddc0e79c018fd69a3ec3e31d7749d26cccdfd97a6db1df2b0daf281b471e99c0fccd667c46b8d3754d4e4d4f4fd56de7dca9188151c3f19c9c918c565782f5a4d0b5c4ba9d19ed9d1a29957aed3dc7d0815c74e8cde1d4937cd15a2dacede876d4ad05899464972c9eaf7babfab3aab0d18ea57f2595ff86edf4fd3e40c22b9888124247dd2cdb8eecf7c8ef543c1b6363751eb761a9d8db39b28247fb4229f3721883839c76e38aa1fd91e1db4bb6bb935882f2c14974b58a361349e8878c2fb9ab5e07b9d3ac6d75692f352b4b66bdb67b78e160e59092704e14f1fad1252f672716fa746b5f9b6fd7a041c7da45492eb7d53d2de492df6ebf22adceb1a24b63a5fd9344b75be4256e15d0f94ca781d1b2c7a1c9f4ad6d52cb4ed37e2343a743a659bd9cfe4c662914909bba95e7ad71f6f6700d505bb6a368b0a107ed277f96d8c1e3e5cfb74aecf58b9b1d4be21695a8e9fa85bdcc725c411f968183ae3b9c8031f8d5d48f24ad1bdad2efe4d7ea4529f3c6f2b5f9a3dbcd3fd082feeb45b1f184fa60d16ce4b03702295dc1f3012403b08385033d00ec6ac786b491a27c565b0462d1c61cc64f5da632467df9c545ae58e927c73757971aadbc16d15c89278240de6ee5c12140186048eb9ef4ba36bd6577e3e9f5fbebc86cedd49448a40c5d9766d046011f5e7bd64f99d37cb769c35df7e9fa9b2e58d55cf64d4f4db6ebfa6e2e82746d53c4f2e88348b76b490caa2e9c93397193bf7740320f03a71597e0bf0f45a8ea1a93dd46f716fa7a331854ed333e4855cf60706acf851f4dd2bc5dfda173acd89b78cbb6544996de1ba7cbdb3cd3745d4b4fd2b54d52cef2ee2bad3354899249adc31f2892d8241009c0273f855cb9e3cca9df65dfbbbfcec670e49724aadb77dbb2b7cae5fb6d0a5d5ad6fa1d4b42b5d2a5488cb6d716f841b87f030dc7703ebd6a9e87169d77e08d52f6ef4cb5f3ac0c611d010d29e38639ee7ae31c66b31b4cd134d8ae279f54b6d4db632dbdbdbab296623019cff00081d715a5a1c9a745e0cd4f4f9f59b28ee6f8c6ea1849fbbc6321b0bd78ed9a249f2e8ddaeba35d75eadec106b9acd24ed2dda7d34e896e02e7c29aa6bb62cf00d36cd2dd8cfb976a3cbc60614f4ebcf19e054b6da6c7ab785359bcb8d2edad4da2f9b697504261f340ce415cf230073efed595e09974bb4d7673aa4906d589d6da6910b44b2e7e5623d3d335bba7ea7601358b2d4f5d1777ba8db98daf486f223233b50719c724e400074a2aa941da17d2dddf5d7fe0dfd2c3a2e3517354b6b7ecba697f9ed65e7731fe17ffc8ed61f493ff40352f85b4db6d4b57d6849141737d1076b4b69df6a4afbce73eb8e38f7abfe1d9f46d37c47a75d1d52c921b1b7f26565470679086cbafcbc8f980c9c74aceb08f428eff548efeeadae5ee2367b4b956916386425bef1c641e873822aa727294a493574ba3eefd08a718c2108c9a766faaecbd7aeda6e3b59b7b78742b91ad69634ed684a05b082d8c68ebdf2412a7bfbf4ae46bb59b535b4f096a3a76a3ac43aacd3ec16d144cd288483cb176031f4ae2aba30bcd677effd5ae7362b96f1e5ede57ddef6ebfa0514515d2729eb3f053fe41ba9ff00d775ff00d06bd22bcdfe0a7fc83753ff00aeebff00a0d7a457c9661fef33feba1f69967fbac3faea145145711de14519a33400514668cd001451450036450e8cac01523041ef5f38f88ec3fb335cbfb31f7629485ff77a8fd08afa42bc43e2d5b887c5ace07fae811ff1191fd2bd7c9ea5aab8775f91e26794d3a319f67f99ed363ff1e70ffd735fe55354365ff1eb0ffb8bfcaa6af25ee7b51d9057917c68ff0090be9dff005c1bff0042af5daf22f8d1ff00217d3bfeb837fe855e8657fef2be7f91e666ff00eeb2f97e679dd14515f527c80514514005145140055bd1c6ed5ac47adc463ff1e1552aff00879776bda68f5b98bff421533d22caa6af35ea7d22bd296917a52d7c39fa081e95f38f89f8f126abff005f327fe846be8e3d2be73f158c789b561ff4f2ff00cebd9c9be397a1e167bfc387a995451457d09f3215ee3f0a3fe44eb6ff00ae927fe866bc3abdcbe14ffc89b6bfefc9ff00a19af2f37fe02f5ff33d7c93fde1fa3fcd1d7d14515f327d61e75f1a7fe411a7ff00d7c1ff00d04d70ff000e3fe473d37fde6ffd04d771f1a7fe411a7ffd7c1ffd04d70ff0e3fe473d37fde6ff00d04d7d1e13fdc25e8cf97c6ffc8c63eb1fd0f7d1d28a074a2be70fa80a28a2800a28a2800a28a28003d2be74f16ffc8d1ab7fd7cbff3afa28f4af9d7c5bff2346adff5f2ff00cebd9c9bf892f43c2cf7f870f53268a28afa13e6428a28a0028a28a002bbdf0c7fc930f137fd74fe895c1577be18ff009261e26ffae9fd12b9319f02f55f99d981f8e5fe197e4ce0a8a28aeb38c28a28a0028a28a0028a28a0028a28a002ad69578da7ea56b78b1a4ad0482408fd1b1d8d55a29349ab31c5b8bba3b29fc5b649abddeb3656138d56752a8d33af9706460950a32c703bd71c496259892c4e493dcd251514e8c697c3fd58d2ad69d5f8bfabee1451456864145145001451450059d3ae96cee3cd92d6deec6d23cb9c12bf5e08e6b4fc43e23975dc35d58d94738da3cf89583ed19c2f248c735874543a7172536b545aab28c5c13d185145156405145140051451400514514005145140051451400569687aa9d26e7ed09676b732ab2b46d3a93e591dd704566d14a515256638c9c1f347734f5ed61b59b9fb44b67696f3b31691e0520c84f76c935994514a31505cb1d8739b9be696e14514551214514500145145001451450014514500145145007acfc14ff906ea7ff5dd7ff41af48af38f82a3fe257a91ff00a6ebff00a0d7a3d7c9661fef33feba1f69967fbac3faea159de2391e1d0751922764912ddd9594e08214f22b46b2fc51ff0022e6a9ff005ed27fe826b969fc6bd4ebabf04bd19e103c4bade3fe42d7bff7f4d1ff00092eb7ff00416bdffbfa6b24741457d9fb1a7fcabee3e13dbd5fe67f7b35bfe125d6ff00e82d7bff007f4d74bf0fbc59a82f8860b5d42f26b9b7ba3e5fef5b76d6fe123f1e3f1ae12b73c116725f78ab4d8e204ec984ae476553927f4fd6b1c450a4e94ae96c6f86c45655a3693dd753e851d28a17a515f1e7dc0578e7c651ff00150d9fa9b6ff00d98d7b1d78dfc63707c496aa3aadb0cfe2c6bd2cabfde17a33cace3fdd9faa3d7ecf8b58bfdc5fe552d4569ff1ef1ffb83f954b5e73dcf523b057917c68ff90be9dff5c1bff42af5daf22f8d1ff217d3bfeb837fe855e8657fef2be7f91e666ffeeb2f97e679dd14515f527c80514514005145140056a78586ef12e943d6ea3ffd08565d6c783867c57a40ff00a7a4fe759d6d29cbd19a5057a915e6bf33e895e9450bd28af893efc0f4af9d7c5e31e29d5bfebe5ff9d7d147a57cede32e3c57abff00d7cbff003af6726fe24bd0f0b3dfe147d4c7a28a2be84f990af73f857ff22659ff00bd27fe866bc32bdd7e168c7832cbeaff00fa19af2b38fe02f5ff0033d8c93fde1fa7ea8eb28a28af9a3eacf3af8d3ff208d3ff00ebe0ff00e826b87f871ff239e9bfef37fe826bb8f8d3ff00208d3ffebe0ffe826b88f86dff0023a69df56ffd04d7d1e13fdc25e8cf97c6ff00c8c63eb1fd0f7c1d28a074a2be70fa80af3cf891e2ad4f41d4ed60d39e158e484bb6f8f773bb15e875e73f12bc31aa6b9aa5acda6c292471c2518b48179dc4f7aecc07b3f6cbdadade670e63ed7d83f637e6d36395ff00858de20ff9eb6bff007e3ffaf47fc2c6f107fcf5b5ff00bf1ffd7a8ffe15ef88bfe7d22ffbfcb47fc2bdf117fcfa45ff007f96bddb607fbbf81f3b7cc3fbdf8927fc2c6f107fcf5b5ffbf1ff00d7a3fe1637883fe7adaffdf8ff00ebd50d53c19ad6996135e5e5bc6904432ec25048e71d3f1ae76b5861f0b515e114cc6a6271749da72927e773b1ff00858de20ff9eb6bff007e7ffaf5cadf5d4b7b7b3dd5c1532cce647da30327af150515bd3a14e93bc2291cf531156aab549361451456a64145145001451450015def863fe498789bfeba7f44ae0abbdf0c7fc930f137fd74fe895c98cf817aafccecc0fc72ff000cbf2670545145759c61451450014514500145145001451450014514500145145001451450014514500145145001451450014514500145145001451450014514500145145001451450014514500145145001451450014514500145145001451450014514500145145007ae7c151ff128d40ffd3c0ffd0457a2d79dfc16ff009035ff00fd7c0ffd0457a257c8e61fef133ed72cff007587f5d42a1bdb68ef2d26b6981314a8518038382306a6a2b913b6a8ed69356671bff0ae3c3fff003c27ff00bfed47fc2b8f0fff00cf09ff00effb576545747d72bff3bfbce6fa8e1ff917dc71bff0ae3c3fff003c27ff00bfed5b1e1ff0d69ba0f9a74e80abcbf79d98b311e993dab6a8a99e26b4d72ca4daf52a185a34e5cd0824fd028a28ac0e803d2bc1fe255d0bbf195d8539587643f90e7f526bda35ed520d1f4b9ef6e98048d72067966eca3dcd7ce9713c9757925c4c7324b21763ee4e6bdac9e93729557b6c7839e564a11a4b7dcfa5edb8823ff747f2a92a3b7ff529fee8fe552578a7bab60af22f8d1ff217d3bfeb837fe855ebb5e45f1a3fe42fa77fd706ff00d0abd1caff00de57cff23cccdffdd65f2fccf3ba28a2bea4f900a28a2800a28a2800adbf038cf8bb491ff4f00fe86b12b7fc0233e31d287fd35cff00e3a6b2affc297a3fc8db0dad687aafccfa097a5140e9457c51f7a07a57cefe32ff0091b357ff00af97afa20f435f3cf8d863c5babffd7c357b1937f125e9fa9e1e7bfc28fafe862514515f447cc057bbfc3018f05d87fc0fff004335e115ef3f0c863c17a77d1fff00436af2738fe0af5fd19ece47fc77e9faa3a8a28a2be6cfaa3cebe34ffc8234ff00faf83ffa09ae23e1b7fc8e9a77d5bff4135dbfc69ff90469ff00f5f07ff4135c47c36ff91d34efab7fe826be8b09fee12f467cbe37fe4631f58fe87be0e94503a515f3a7d4051451400628c514500733f123fe44bd57feb9affe86b5e095ef9f123fe44bd57feb9aff00e86b5e075f49937f065ebfa23e5b3cfe3c7d3f561451457ac78a14514500145145001451450015def863fe498789bfeba7f44ae0abbdf0c7fc930f137fd74fe895c98cf817aafccecc0fc72ff0cbf2670545145759c614514500145145001451450015d15c691a6e95a7d8cdaccb7b25c5ec3e7a456a100443d32cdd4fb0ae77b57733ea579a068fa4db6ab169bac58dcc0258a29572d0a9ec1bfcf43e95cf5e524e2a3d7a773a70f18b5272e9d774b5edff000e556f0ada41e23d3f4eb8bb9da2bf895e168c26f8c9ecfc91dba8eb5cdde69f716e6693c89fecab2b46b334642b6091d718ed5dc269b6369e2bf09dee9f04966b7e44ad692364c58f4cf3839fd2a9e9da85c5fcbe325bb9de48859ca5632df22ed7c2e17a0c573d3af35ef5eeacbcbab474d4c3c1fbb6b3bbb5b5e89ff5a1c7da59dcde161696d3ce5465bca8cbe3eb8144367733ac861b69e411fdf291b109f5c0e3f1ae8f5a965b6f06f877fb3e4922824f35e66898ae670dfc58ee074aea606953c649e4eefb7cba3799711ff7a7d9c6e5e99e9573c54a29bb77fc1f5338612326a37edff932be87995c5adc5bac6d716f342b20ca19232a187a8c8e6b5fc23a5d86b17e6cef67ba86560ce8f12a950aaa58eecf39e3b55fd3279aefc0de213a8cb24a91cb0b42d2b1244c5be6033df1d4556f87a0ff00c24d1900e3c89fb7fd336aba9524e9cfa38ff95c8a74a2aad3eaa56dfd6dfa036836d6be274d32fa6b86b7b829f659e0553e62b91b58e7b60f38ee2b3f59b1820d625b1d2c5ddc189da222440599c120ed0bdb8fad74de0dff0089e5be9d6527fc847499e39a02dc1920de37a7fc07a8a58898e2f1ccf6848bf49b0ac87e7588ca7791dfeb592ad28cda93d5597deec9fea6dec2138294568eefcf4576bf4fb8e2ae6de7b594c5750cb0c839d922153f91a8abaa9f7dcfc3db47badf25c0d40c76858966642bf305ee467f5ae6aeade6b49de0ba89e1990e191d7047d457552a9cf74f75fa1c75697259ad9a4fef3534dd05eeada0b9bbbcb7b0b7b893ca81a7c932b6704803a28eec78accbdb7369793dbb491c862729be36cab60f507b8aebf5dbd820d3fc34534ab6bd8a4b1440d3062090c432280400d9ea793c8ac7f12e8bf64f106a56ba5c334d6f6c048c1417f294804863ec4e335951ace52f7b4bdff07636ad41463ee6b6b77eaae61574ba478646a1e1fb8bd370cb79b2496dadc01fbd48f01cfe6703e95cf5b4125ccf1c10297964608a00ea49c0aef5f55d2747f1458a2b5f9fecc41658454f29c721cf3c9c9249fa51899cd5a34f7dfeeff30c2d384af2a9b6df7f5f92383b6b79ee9cadac32cec06488d0b1c7ae05489a7deba2b259dd32be76910b10d8eb8e2bacb2d39f44f89d6d69133240d74ad19524078db240f7f4fc29ba56bba84fe2eb2b192e9bec69aa1658c70065c8c6476f6e949e224f582bab5ff31c70d15a546d3bdbf23924b5b8749192de6658ce1d8464853efe94e5b1bb658996d2e0aca711911361cffb3c73f85765e1e59d757f18922510adb5d07ce42862c719ed9c66a9dadecf0fc3490c53c8a4ea2220c1ce557cbce01ec38ed47d6257b25d57e20b0d1b5dbe8ff03959e196de568ae22922957aa48a548fc0d6d58e91671e82babeaf35c882598c10c36cabb9c8ea4b370a38fad58f1a48d35af8727958bcd269a85dc9c96c31e49ef56b46bcd4344f092df17b1bcd32e2e0c66c6e137fcc3ab7b74fe4689d594a9a6b46ddbf3d829d2846aca32d5257f4db568a1aa683147a5e9da969d25c4905ec86358240ad302339236f5e87b0ed52d9e8fa4de78a974c8a4d492098aac2f246aae1b193b830e9e9c55ad7adf4fb8f0b41afe9f66fa4dcfda0c262473b1f83f327a7e1ef5ab7873f17ac7272730f7ffa6558fb6972bd5dd297e16f5bfa9bfb18292d159b8fcd3bfa5bd0e62c748b4bad375a93cdb95b9d3d5a4030bb1d776d1ef9ac992caee388cb25adc2440025da260b83d39c62ba9f0b9b63178bbed8d27d9fc825fcac6e23cd3c0cf19aafe359ee9cd9982493fb0e4814d9aa13b02ff106e7970dd73ed5b42acbdab87f5b2319d18fb2553f2f56aefc8afe12d274dd5dee22beb9bbb79618da72f1aa9408b8ce73ce79a0786d93c5d368f3cac90c2ccef3e3a441776ffcb1f89a5f05a9326b5c123fb2ae074f65ad7bed56dee3c316d78ad9d62e634d36651d76236e2debc8da3f1a8a93a91a8d45e8f4f46fafe65d2a74a549392d56bea974fc8a1aae83a6d8789a3d315f539e38981ba7488310a4020a85c9efce4556d2347b0d44eb08b2dea4b6714b711ee5501917a061d437ad6feb0ef1fc5f88ab3a07ba814e091b86d5e3deaa68647f6ff8c791ff001e977dff00dbacd559fb34efaf2a7f896e943dab56d399afb918834bb493c2b2ea904b722e219920911c2ec258672b8e71f5acd5b2bb6b5372b6b706dc7fcb51136cfcf18adbb323fe15d6a9c8c7dbe1ff00d06ba8b79bccf10d8c5234da6ebe6d9638a26c5c5ab294207ca0e53207e1fcf575e54f9baeaff04bfabf4338e1e35397a5d2fbdb7f2e9b6973cd28a5752aeead8ca920e3a673495da70051451400514514005145140051451401ebbf05bfe40b7fff005f3ffb28af44af3bf82dff00205bff00faf9ff00d9457a257c8e3ffde267dae5bfeeb00a28aa5ad5e9d3b49bcbc09e618226936e71bb0338cd7245393b23b652514e4fa1768af2bff85ad27fd0247fe047ff006347fc2d693fe8123ff023ff00b1aeefeccc4ff2fe2bfccf3bfb5b0bfcdf83ff0023d528af2bff0085ad27fd0247fe047ff635bde0df1dc7afea2f6535afd9662a5e3fde6e0f8ea3a0e7bd454c06229c5ce51d17a1a53ccb0d564a1196afc99db5140a2b8cee38af8aba336a5e1f37308266b2265da3ba7f17e9cfe15e289f797ea2be9d951648d91c06561820f71debe70d62c7fb375cbab23d219ca0fa678fd315f4393d7e684a93e9a9f339de1f9671acbae8cfa3edff00d4a7fba29f4c83fd527fba29f5f3c7d2ad82bc8be347fc85f4effae0dffa157aed7917c68ff90be9dff5c1bff42af472bff795f3fc8f3337ff007597cbf33cee8a28afa93e4028a28a0028a28a002ba3f872bbbc67a67b331ffc71ab9caea3e19aeef1a587b073ff008e1ac313a519fa3fc8e8c22bd787aafccf791d28a074a2be30fbb03d0d7cf9e3c18f186adff5db3fa0afa0cf435f3f7c40ff0091c755ff00ae83ff004115ebe4dfc597a7ea7899e7f063ebfa339fa28a2be8cf970af78f86273e0bd3fd838ffc7cd783d7ba7c2c39f06597b3483ff1f35e5671fc05ebfa33d8c8ff00de1fa7ea8eb68a28af9a3eacf3af8d1ff207b0ff00af83ff00a09ae27e1aff00c8e9a77fc0ff00f4135dc7c671ff00124b13ff004f1ffb29ae23e1a7fc8e9a7ffc0fff004135f4584ff7097a33e5f19ff2318fac4f7a1d28a074a2be74fa80a28ae07e20f8beff00c3da9dbdbd9476ee9245bcf9aa49ce48ec456b428cabcf921b98e23110c3c3da4f63bea2bc63fe1676b5ff003c2c7fef86ff00e2a8ff00859dad7fcf0b1ffbe1bff8aaeefec9c4797de79ffdb386f3fb8f41f891ff00225eabff005cd7ff00435af04aeb75af1e6a9abe997163730da2c330018a2b0239cf1cfb57255ec65d879e1e9b8cf7b9e1e678aa789aaa74f6b7f98514515de79c14514500145145001451450015def863fe498789bfeba7f44ae0abbdf0c7fc930f137fd74fe895c98cf817aafccecc0fc72ff0cbf2670545145759c614514500145145001451450015a361adea9a7c3e5595fdc4316721036541f607a7e159d5a9a6e87757d66f79ba0b6b246d86e2e64f2d0b7f747727e82a2a725bdfd8ba7cfcdfbbbdfc889359d4d2f5ef1750b9174ebb5a6f30ee23d33e952a78875846919354bb5690e5c87fbdc639a8752d2e7d3d62791a19ade6cf973c12078df1d403ea3d0e0d51a4a14e6ae926539d583b36d7ccbf65acea562d29b4be9e232b6f7dadc337f7b1ebef5a7e17d62d2c2faeafb529afa4ba9a3922ca286cef1f78b160739ae768a2746324d5b708569c1a77bd8d0d5753b9bd22192faeae6d636cc5e7601fa9038cfbf34cd3f55d434d575d3ef6e2d95c82c227dbb88f5aa54557b38f2f2db427da4b9b9afa96c6a57aba81be17738bd273e786f9f38c75fa714db7bfbbb7bd37905d4d1dd3124caad8624f5c9ef9aad451c91ec2e79772ddeea57b7b3c735dddcd2cb1e363337dcc1cfcbe9f854577733de5cbdc5dccf34ee72cee724d43453518ad909ca4f765fb0d6352d3e168acafa78222776d46e01f51e87dc51a66ad77a74b7325bcafbee2368df2c7e6dddcfa9e4f5ef55ecadcdddc2c2258612dd1e67d8bf4cd49ab69f3e95a8cd6576104f0901b69c8e403d7f1a871a6db8b4aecd14aa24a49bb2fc06585edd69f379d63712dbcbb76ef8db071e9fa0a9a5d5b519af63bc96fae1eee2184999f2ca39e87f13546b797c2d7aa628ee6e2c2d6ea500c76d71701256cf4e31c67dc8a26e9c5de56b8535524ad0bd915cf8935b67576d5af0bae402643919eb8fc8551babdbabbb917175712cb38c62466f9863a734dbcb59ecaea5b6bb89a29e23b5d18720d434e3082d6291329d47a49b35cf8975a33094ea974640a50317ec719fe439a89b5dd55ad8dbb6a372603c18f7fca7f0acda2854a9afb2bee1fb6a8fed3fbcbd7dac6a37f088afafae2e220721646c8069ba76a97da696fb05dcd6e1fef046e1bea3a1a768fa64bab5d8b6b796da394e0209e509bc938017d4fb55d1e1aba3ab1d345d69df6be9b7ed231bb38d99c7def6a872a51bc1dbd0b8c6b4ad357ed729dc6b3a95cdd4573717f7124f17fab767fb9f4ec2a6ff848f5af33ccfed5bcf3318dde6738fad57d5f4d974bbb36d3cd6d24a33b8412870841c107d0f1d2aac11f9b3247be38f71c6f91b6aafb93d85350a728dd256f425ceac64d36efea690f11eb237e354bb1bfef7cfd7eb5563d4af62b096ca3bb996ce53978437cac7e94fd634bb8d26e520ba31333c6b32989b72956e873f8551a708d36af14ac294ea27693772f69fabea3a744d1d85f5c5b46c7732c4fb413eb51c5a85e457ed7d15d4c978c4b19d5b0e49ea73ef5568aae48eaedb93cf2d15f6355bc45acb4a9236ab78d2202158c992b9c671f90a17c47ad2b3b2eab7619fef112727eb595454fb2a7fcabee2bdb54fe67f7b34cebfab985a13a95d794c0829bf839ebc5363d73548ed85bc7a85c2c4176001b90be99eb8f6cd67514fd943f957dc2f6b53f99fde145145590145145001451450014514500145145007af7c17ff9025f7fd7cffeca2bd0ebcf7e0b8ff891df7fd7cffeca2bd0abe471ff00ef133ed72dff007587a0563f8c7fe456d5bfebd64fe46b62b3fc436925fe897d6906d12cd0b46bb8e0648c735cf49a538b7dd1d559374e497667cdc28aedff00e1596b9ff3d2cbfefe1ff0a5ff008565ae7fcf4b2ffbf87fc2beb3ebb87fe747c5fd4313fc8ce1eb6fc10d22f8b74930e7779ea0e3d0f5fd335bbff0acb5cff9e965ff007f0ff85753e02f034ba2dfbdfea7244f3a82b12c6490b9eac49efdab1c463a82a52b4aeec6f85cbf10eb46f1695f73d017a5140a2be54fb10af0ff008a36de478d1dc0c09d2393f1e9fd2bdc2bc7fe2fe3fe126b0f5f207fe866bd3ca656af6ee99e4e731be1efd9a3d760ff0054bf414fa6c3fead7e829d5e61eb20af22f8d1ff00217d3bfeb837fe855ebb5c378ffc2179e23beb59ad2782258a3284499e7273dabb72fa91a55d4a6ecb53cfcce94eae1dc20aef4fccf17a2bbf3f0bb55ff9fdb3ff00c7bfc298df0bf581d2e6c8ff00c0987f4afa2fafe1ff009d1f33fd9d89fe467074576edf0cf5c1d24b36ff00b687fc2a26f86faf8e896adf49bffad54b1b877f6d12f01895f619c6d15d71f877e221ff002ed01fa4eb519f87fe221ff2e487e932ff008d3fadd0fe75f793f52c47f23fb99cad759f0b467c6969ec921ffc74d51d53c23ad6996525ddeda08ede3c6e6f314e3271d01ad1f85233e3184fa4321fd2a3115213c3cdc1df465e1694e9e269a9ab3badfd4f721d28a0515f207db81e86be7ef1ff00fc8e3aaffd751fc857d03dabcdbc6bf0fee753d527d434db88c3cd82f14b91ce31906bd2caeb428d56e6ed747959be1ea57a295357699e4f45761ff0ae7c419ff536dff7f87f85387c37d7cff0da8ffb6dff00d6af7feb943f9d7de7cdfd4711fc8fee38daf74f85ab8f06597b973ff8f9ae1ecbe18eaf2c805d5c5ac11e792a4b9fc062bd5f43d361d234bb7b1b6c98a15da0b753dc93f535e5e698aa5529a841dddcf6328c1d6a555d4a91b2b58bd451457847d09e7bf19ffe40367ff5f3ff00b29ae1fe1a7fc8e9a7ff00c0ff00f4135dcfc67ff90059ff00d7c8ff00d05ab86f867ff23a69ff0047ff00d00d7d0e13fdc25e8cf98c6ffc8c63eb13de874a281d28af9e3e9c2bc73e329ff8a86cc7a5b7fecc6bd8eb8ff17f8263f11ea315d3df3db948fcbdab186cf24e7afbd76e5f5a146b29cdd91c199509d7a0e14d5de8787515ea9ff0aa21ff00a0b4bff7e47f8d1ff0aa21ff00a0b4bff7e47f8d7bdfda786fe6fc19f39fd938afe5fc57f99e57457aa7fc2a887fe82d2ffdf91fe347fc2a887fe82d2ffdf91fe347f69e1bf9bf061fd938afe5fc57f99e57457a84ff000b218a0924fed594ec52d8f247381f5af2fae8a189a788bfb377b1cd88c255c35bdaab5c28a28adce70a28a2800a28a2800aef7c31ff0024c3c4dff5d3fa257055def863fe498789bfeba7f44ae4c67c0bd57e676607e397f865f93382a28a2bace30a28a2800a28a2800a28a2800aebfc64a57c35e1516f9fb1fd9588c74f378ddf8f5fd6b90adbd27c4535969cfa75d5adbdfe9ecdbc41700fc8deaa4722b0ad093719c75b3dbe5637a138a52849db996ff3b9a5a03dd788d747d12e6144d2edee30f2c498624ab1c16f5201a9349167af6a3a8e9ada75a5b442195ed64863daf094e996eac08eb9ac9b9f11dd335a0b0860d3e0b493ce861b7538dffde627258e38e7b53e6f119c5e3d969d6b677778a5279e2662486fbc1549c267be2b074a6efcaad7db5d9df77fd791d11ad4d5949dedbe9bab6cbd3ceddcbef3db5bf8374dd48699a7bde1b97877343952aabfc4bfc478ea7d4d6cfd974dff0084e2df485d2acc59df44af26532e8cd196f91bf84023a0f7ae4df5c8df46b7d31f4bb636f0c9e683e6c80963c313cf71f976ab9ff096bff6ddbeabfd97682ee040887cc931c0c038cf6191f8d4ca8d477b27f6baf7dbaf42e15e9ab5dafb3d3b6fd3a93692d6b1f847579a7d3ed279ece78a386478b9f998f2e7f8871d2b474ed12c7c407c3d76f6f1dafda64962ba8e01b164f2c16ca8ec481838a8f46961ff00846b59f974b437d245225a49760654677725b729ee3bd604de23bbf3b4e7b148eca2d3f26de28c960a4fde2c4f2c4f7cd2e59cdcbd9e8efbdffbbfe63e7a74e31f69aab2d2dfdeff002fccd3d27ecbe206d56d24d3eced7cab692e2da4823d8d1943f758ff001023ae6a1d73c88b4cf0d5fc3656692dc4323caab10d8e43e0657e95566f10e20bc5b0d3adac65bd52b712c4ce4b29392aa09c283dc0a6c3af95d2ed2d2e6c2d6e9accb7d9a590b663dc72415070c33c8cd68a9cd49492d2fb5fc9afcedf9ee64ead371716f5b6f6f34d7e17fcb63a88f4fb08fe273e982c2d0d8ccaa0c6d1642feeb7657d0e6b1adbec9a978775eff897dac06c1524b79225c48017da433756c8f5ef48de2f63e201ac8d2edbeddb71b8cb26338db9c671d38aa565afc5696f7f047a4db18af70255334bf741c850777af39ebcd446955495d3ba51ebd53d7af634956a4db49ab372e9d1ad3a74668ea296ba15a6850a58dadc35dc09757324a9b9db7370aadfc3803b555f88dff23a6a9fefa7fe80b55d3c42c6cad20b9b1b6b996cb22d6690b66319c85201c3007a0356e3f12c173e209352d4b4cb471344c932e19c39c601009f94f0067a0c9357085484b9dabd93ebbea9a227529d48722959371e9b5934ff00128f839627f15692b718311b85c83d09edfae2a3f1634afe25d59ae73e6fda64073d80271fa62b3149560ca4ab039041e86ba093c4ab7334773a8e9363797c800fb43975df8e85d41c31ada51946a7b44afa58c2128ca97b393b6b73b374b7b9f12e850ea5696f7125c6941ee4491867caa310413d0f5ae5b4d36babe85abb9d3ed209b4e8d6eadde38f19507947fefe4773cd58f06ea335df8bceb3aa5edb215575779a554e4a10a154f6edc74accb9d464486e748b4b5b0b46bb751732c33ef593b80189daa9939e2b8e14a519722dd25d745abbfe1a1db3ab1947da3d9b974d5e8adf8ebf79b1addcd8e9f7ba184d1f4f65bab4864b9530f0db890428fe13d791cf4f4ae73c55a7c7a4f88afec6024c514984c9c9da40207e19c5751e22d42decd3449c41a66a2d676b14608b9dcc928c920aa9f994601e78cfd6b963ad4b22eaa6eadedee67d4082f3c89f3c6739ca7a7ff5856b8653b2925a7aefafe88cb14e17716f5f4db4fd58ef087fc8d5a3ff00d7d47ffa1574f17f647fc2c618fed1fb5ff697fd33f2f76ffcf1fad725a1ea434abf4bbfb241732c64347e6b3008c0e430da47eb57d7c46abaf7f6b0d26cbed1bbccdbbe4dbe66eceffbdd7dba7b5556a539cdb4ba5ba1142ac21049bd79afd4d41676edabf8b752bb852e0583bbc70bfdd6769080587703d2a85d4506a7e10b9d4cdb5bdbded9dc2c4cd02796b2a38e32a38c83dc76a84f89641a9dc5dc561691a5d2347756f97649c31249393907e98c54375adacb690d94361041a724be73dbac8e7ce6c632ce4eee9d318c528d3a89a76edd7a2dd7cff5f21caa5269abf7e9bb6f47f2fd3ccddf115e4165e21d21ef6d60b9b53616a25495377cb8392be8714fbeb3834ad4bc4934f63612dadbc69f655308da5a43fbbc7e1b89f5c567adc45e2dd4edadee56d34c78e1f2d66dcedb9507ca9866c679ebd697c59a939d1b47d26578dee6da20d72c841f986422123a9553f866b38c1a71875ebe9bdff0b7ccd6551353a9d2fa7aed6fc6ff002672eedbdd9b0abb893851803e83d2928a2bd13cc0a28a2800a28a2800a28a2800a28a2800a28a2800a28a2800a28a2803d7fe0bff00c806f7febe7ff655af42af3ff831ff0022fde7fd7d1ffd056bd02be471ff00ef13f53ed72dff007587a0514515c6770514514005145140051451400578b7c569c4de328a307fd5451a9fa924ff005af67760a85988000c927b57cedafea1fdabe26babd07292cff27fba0e07e8057ad94536eab9f6478b9dd451a518756ff23e898bfd5afd053a9b17dc1f4a757927b4828a28a0028a28a0028a28a0028c51450072df137fe44cd43fe01ffa18af3af84a33e2f5ff00ae127f4af45f89bff2266a1ff00ffd0c579a7c2c9961f18db0638f3639107d719fe95ee60d5f0352de7f923e7f1ced9852f97e6cf74145028af0cfa00a28a2800a28a2800a28a2800a28a2803cfbe33ffc802cff00ebe47fe82d5c3fc33ff91d2c3e8fff00a01aecfe344ca349b0849f9da72c07b053fe35c67c33ff0091d2c3e8ff00fa01afa2c22ff6097a33e6318ffe1463eb13de474a281d28af9d3e9c28a28a0028a28a0028a28a00afa87fc795c7fd736fe46be66afa6750ff008f1b8ffae6dfc8d7ccd5ef64bb4fe5fa9f399f6f0f9fe81451457b87cf85145140051451400577be18ff009261e26ffae9fd12b82aef7c31ff0024c3c4dff5d3fa2572633e05eabf33b303f1cbfc32fc99c1514515d671851451400514514005145140055a5d3af5802b657441190442dc8fcaaad77969717d3fc3a89935536d2aea0ca259ae9a3f94270a1bd3dab1ad51d349aeaec6f4292aada7d15ce267b4b9b750d716f3c4a4e019236507f3150d769a8379d747c2f7da84adb350127dbaea4dcaa9e5e31c9f53c76e6b32f744b53a05cea7626e956dae45bb79a55d25078dc8c00cf3fcea61884edcdd7f5dbef2a7866afc9adbf4dfee39ea2ba38749d2ff00e1188b579e5be016e3ecf2c4bb32edb73f21ec3eb9ad07f0d6911ebb67a735e5f11a84692db3aa27eec38f977fa9c83d3143c4c15f7ebd3b6e25859bb5adadbaf7d8e422b79a58e592286474897748caa4841ea4f614b2db4f0c6af2c13468df759d0807e84f5ae8745b465d2fc470a5e5dc135bc2c6648caf9532ab6dda78cf5cfe06a6925f37e1ed89bd9279235d5194e1b2c1447d173c0fe543aed4acbbdbf0b8e3874e376fa5ff001b1c9d15d55d787ec05ee831d9c97d341aa00c1fe40464e368e3aa9ebed585aac3691ea5241a74934902bf9624971962091b863b55c2b467b7f5d0cea50953d65fd7521b5b3babc2c2d2da79cafdef2a367c7d7029b15b5c4b23c714133c89f7956324afd4638aeb7c7d733e937f0e89a6cb25b5959c2842c4c57cc72325d88ea6ae699ad5aea5e36f0fbe9c2ea3654586e5e57cbcc403f7883f363d4ff4ac7eb1370f68a3a34dff00c3fa9d1f5682a9ec9cb54d2fbf4d3d0e04820904608e0834575373a3e9b7716b8d657574f7b601a77665511483790c17f8863b13d6a8df699650683a6ea713dd15b899e29636db91b472548f5ed9ad635e2f4feb6b98cb0f28ddfcff001b7e662515d5b787b4f8fc4da6e9cf35e182fa08a4471b03233e783c63000ed4cff847b4fbab9834ed32fe593556bb7b791244c2045ce64040e9c7af3ed4beb30fd7e43faad4fc6dbf5397c64f4c9a927b79add82dc432c44f412215cfe75d07f63e9d7569aacba65cdc03a72ef32dc32059b9c7caa391d0e393dbd6b5b585b0b8d17c3136b37378ef25b140b0e19ce5f97666ec38e3a9a978949a497f9ed72a3856e2db7d2fe5bd8e168ad0f10e9a748d6af2c0c9e6081f687c6370c020fe469ba0d9a6a1add859ca488e79d23623d09e6b7e78f273f4b5cc3d9cb9fd9f5bd886dec6eee62696ded2e26897ef3c713301f8814c8ade7963778a095d13ef32a1217ea474ae9bc53acdc45e2a96de39ae2db4fb198431c16d218c2a29e76e3b9e79ad8d1352b5d5fc5bad496064b4b19f4f977890f1bb6a83232838cf7f5fceb99e2271873b8e96bffc03a6386a729f2296b7b7fc13cf28adebbd2f4f7f0ec9a9e9535db7d9e758255b8551bf70c865c74fa1cd6869be18b2bdbcb7d3e2bb967bb9ed7ed1e7c0caf144d82763ae323a6339fc2b478882577d0ca3869c9f2aebfa9cb476d34d1bbc504b246bf79950903ea7b544318e2baaf87ef2fdab57815e4d8da75c13182705b0074ee6aa6aba558693a75ba5e3de2eb12441ded86cdb09238de71919ebb7a81d68f6f6a8e9b1fb06e9aa8be66054b1db4f244d2c704af12fde7542547d4f4aea60f0c595c5c5cd8dadd4d71730da7da7ed509578338cec200cafa75fc2a3f014d2795af45e63f9474c99b66e3b73c738e99a52c42e5728f4b7e238e19f3a8cfadff0395a2b7f49d26c26b2b19ae669a79aee7300b7b465f32203f88a9049f5edf5aced774f3a4eb17960d2799f6790a07c6370ea0e3e86b48d58ca5cab7329519463cef6fe99468a28ad0cc28a28a0028a28a0028a28a0028a28a0028a28a00f61f831ff0022fde7fd7d1ffd056bd02be77d13c4faae896cf069b70b144efbc831ab738c77fa568ffc2c0f11ff00cff27fdf84ff000af0b139655ab56538b567fd763e8b099b51a34634e49dd7a7f99eef457847fc2c0f11ff00cff27fdf84ff000a3fe160788ffe7f93fefc27f8573ff63d7eebf1ff0023a3fb730fd9fe1fe67bbd15e11ff0b03c47ff003fc9ff007e13fc28ff008581e23ff9fe4ffbf09fe147f63d7eebf1ff0020fedcc3f67f87f99eef457847fc2c0f11ff00cff27fdf84ff000a3fe160788ffe7f93fefc27f851fd8f5fbafc7fc83fb730fd9fe1fe67bbe68cd7847fc2c0f11ffcff0027fdf84ff0aab7de33d7ef6231cda8c8a878222511e7f10334d64f5afab5f8ff00909e7942da45fe1fe677bf137c5b15ad9cba4e9f286ba946d9994ffab53d47d4fe82bc9adbfe3e21ff007d7f9d4679249e49ef4aa4ab065ea0e457b786c3470f4f9227818ac5cf15539e5f247d3c9f747d29d5e11ff0b03c47ff003fc9ff007e13fc28ff008581e23ff9fe4ffbf09fe15e1ff63d7eebf1ff0023e83fb6f0fd9fe1fe67bbd15e11ff000b03c47ff3fc9ff7e13fc28ff8581e23ff009fe4ff00bf09fe147f63d7eebf1ff20fedcc3f67f87f99eef457847fc2c0f11ffcff0027fdf84ff0a3fe160788ff00e7f93fefc27f851fd8f5fbafc7fc83fb730fd9fe1fe67bbd15e11ff0b03c47ff003fc9ff007e13fc28ff008581e23ff9fe4ffbf09fe147f63d7eebf1ff0020fedcc3f67f87f99eef457847fc2c0f11ff00cff27fdf84ff000a3fe160788ffe7f93fefc27f851fd8f5fbafc7fc83fb730fd9fe1fe67a77c4dff00912f50ff00807fe862bc3b4fbb96c2fa0bbb7389a170ea7dc56c6a9e30d6b54b192cef6e924b7931b9444ab9c1cf502b02bd7c0e16587a4e9d4b3bb3c5cc3171c4d55529dd597ea7d0be18f1258ebf66b25b48ab381fbc818fce87e9dc7bd6e035f304523c320922768dd7a329208fc6b7ed3c69e20b550b1ea72ba8e9e6aabff315e7d6c9ddef4a5a799e950cf128dab475ee8fa028af0b1f10fc4407fc7cc07eb02d07e21f888ffcbd403e902d61fd915fbafebe474ff6de1fb3fb97f99ee945784ffc2c0f11ff00cfec7ff7e13fc29cbf10bc443add427eb02d1fd8f5fbafc7fc83fb6f0fd9fe1fe67ba515e1cbf11bc403acb6a7eb00ff001a1be2378808e25b51f4807f8d2fec8afe5fd7c87fdb787ecfeeff00827b8e6a9ea7a9da6996cd3df5c47044bdd8f5fa0ee6bc3ae7c71e22b80436a2d18ffa648abfd2b06eeeae2f25325dcf2cf27f7a472c7f5ada9e4d36ff00792d3c8c2ae7b04bf77177f336bc6de216f116b06750c96b10d90a375c7727dcff008558f865ff0023ad87d24ffd00d72f56f4ad42e74abe8ef2c6411dc479dac543632307835ecce82541d1876b23c28621baeab54d754d9f4b0a2bc23fe160788ffe7f93fefc27f851ff000b03c47ff3fc9ff7e13fc2bc1fec7afdd7e3fe47d17f6e61fb3fc3fccf77a2bc23fe160788ff00e7f93fefc27f851ff0b03c47ff003fc9ff007e13fc28fec7afdd7e3fe41fdb987ecff0ff0033dde8af08ff008581e23ff9fe4ffbf09fe147fc2c0f11ff00cff27fdf84ff000a3fb1ebf75f8ff907f6e61fb3fc3fccf77a2bc23fe160788ffe7f93fefc27f851ff000b03c47ff3fc9ff7e13fc28fec7afdd7e3fe41fdb987ecff000ff33dbb51ff008f1b9ffae6dfc8d7cce2ba893c7be21923647bd42ac0a91e42743f8572e2bd4cbb093c32929db5b6c79399e369e2dc5c13d2fb8514515e89e585145140051451400577be18ff009261e26ffae9fd12b82aef7c31ff0024c3c4dff5d3fa2572633e05eabf33b303f1cbfc32fc99c1514515d671851451400514514005145140076aea9efb443e114d245e5ef9ab39baddf65182c571b3ef74cf7fd2b95a2b3a94d4ed77b1a53aae9decb7d0d4d0af6d63d7adeef5b8deeedc313286f9cb1c60120fdec1c71ed5d0b6b9a5dcd8df69f7f7d7f32cd24537da8c031f237fab5881f9571d39ea7a571545454c3c66eeff00ab174f112a6b9579fe3a1d4de6a5a45c786e6d3e39a781e4be6bc082db2b18231b01ddd877f6ab936b7a3bf88744d416eaefcbb08638994daf2e63ce08f9bbe7f0f7ae2a8a5f568f77d7f1f915f5b9765d3bf4dba9d6596a3a3c0daf6ebdba23518da3422d3ee65b764fcfcfa62a17bad365f0ac5a45bdd5cc9762e8dc27fa2e03b32ed09f7b8e7bfe95ccd0090410482390453fababdeeff0e9a7617d65dad65d575eaefdcef74f926d1bc35a8c7aac0d15f695362d096076bce8411c7a0f9ab81c718abba86a97da8aa2df5dcd7010e5439cf3ebee7dcf354e9d1a4e1772ddff005f9ddfcc55eaaa968c765df7fead65f23adbbd5b48f105a5b36b6f7569a9dbc62237104624599474c8c8c1a4d3758d1ecf5ad31e04b886c74e25c39883cd72edd4b608da3d0738c7bd727454fd5a36e5bbb76ed72beb53bf3595f4d7bdbfaff33a9d2eff0048b43ae07bdba2b7f0b42845a7dddc7764fcff00862a08afb4bbaf0e45a65f5c5cc0d6b7124b1bc7007f351bb632369faf15ced14fd82bdeeeff002f4ec4fd61dad656dbaf7bf7ee76d73ad68b2f88f47d516e2ea38ece1891a0fb3ee394cf1bb70cf5eb8ed58f6dabc3a5f8b5755b067b9844ad2b2bc7e592189dcbd4f63d6b068a51c3462ad7bab5be43962a7277b24ef7f99bd7bff08f462e66b392f6e6494110c3344104049fbc581f9b1d80fc6acea97ba45e5a68b025edd2fd823f29d8da7de1bb7640dff862b98a2abd86cf99e9ff000dd85eddea9456bebdefdcebefa6d0f5ff00184d733dcde25a5d02c711ac66260a00c9248230093f9572904af6f70935bb90f138746c770720d4745553a4a0b96f756b1352aba8f99ab3bb7f79d6eab7fe1ed7a71a85f3df69f7ce07da2382212248471b9492304fbd3b4bd73498751bb99926b4b6364d630451c22462a47df76c8cb6724fd7af15c85159fd5a3cbcb776fc8d3eb52e6e7b2bfe7fd791d1db5de951785af74c37b72669e65995fecbc0da0803ef77e3e9ef5b365e27d26c2fb4eb8b56bc5b489554d8471045462a43c8cd9fde373c66b83a294b0b19df99bd7fe18218b9c2dca9696fc35ee767a2eada269174ef6f7576185acb6e264b5c33b3b6e0ff007b8dbc0c77c76accb9bfd3b53d3635d466b91a85a298e29d63ddf698c7dd0fce55874cf3c1ef5cfd154b0f14f9aeee2789938f2d95bb7f4cefa3f13e8f6da9a496ef7834f688c2b671c2234b60c982dd7f78d9efee79aa1a4ea5a169ed74a97173b64b06b1deb69cc8c79329f9bdf18eb8039ae428a85848256bbfebe45bc64dbbb4bfaf9ff5e875765ab69567a2c105bcd750cf148cd388a10ad7a376501933945c0e579fc6abf8b752d33519ae2e6c7cd7b9bb9d667f3620a610130501cfcd93cfe02b9ca2ae3878c65cf777febfafc362258994a1c9656ff2febf5dc28a28adce70a28a2800a28a2800a28a2800a28a2800a28a2800a28aa7a9ea569a641e75f4e91276cf56fa0ef4a52515793b21c62e4f962aecb94571d2f8ff004e0cc21b6bb940ee140feb52dbf8f34897fd6fda213fed4791fa1ae658ec3b76e7475bcbf1295f919d65155b4fbd8350b54b9b493cc85f386c119c7d6acd74a6a4ae8e47171767b851456ac1e1cd6678526874cbb789c065654c8607b8a529c63f13b0e3094fe15732a8ad9ff845f5dffa04de7fdfba3fe117d77fe81379ff007eea7db53fe65f797ec2aff2bfb998d456cffc22faeffd026f3fefdd1ff08bebbff409bcff00bf747b6a7fccbef0f6157f95fdccc6a2ad6a1a7dde9d2ac57f6d2dbc8cbb82c8b8247ad55ab4d357466d38bb30a28ac8d43c47a569f74d6d7978914ea012a549c6791d0529ce305793b0e14e751da0aefc8d7a2b03fe12fd0bfe8209ff007cb7f853edbc57a35cdcc56f05e079656088a11b927f0acd6268bd39d7de8d5e16ba57707f733728a05656afafe9da44a91dfdc79723aee550a4e46719e2b49ce305cd2764650a72a8f960aecd5a2b9f5f18e84467edea3ea8dfe14fb3f15e8f79751db5bddee9a46da83630c9fae2b3589a2dd94d7de8d5e16ba57707f733768a0515b18051451400515937fe22d2f4fb96b7bcbb58e650095da4e33f415a913ac91aba1055806047706a6352326d45dda2e54e714a524d263a8a28aa2028a291885049e8393400b4573c3c65a1ee23ed8463bf96d8fe54ff00f84bb43ff9ff004ffbe1bfc2b0fad51fe75f7a3a3ea95ff91fdccdea2b07fe12ed0ffe7fd3fef86ff0abda7eb5a76a0db6cef2195ffb81b0df91aa8d7a52768c93f9912c3d582bca0d2f4668514515a9905145140051580fe2fd1124746bcc3292a7f76dd47e14a3c5fa19ff0097f5ff00be1bfc2b0facd1fe75f7a3a3ea95ff0091fdccdea2b07fe12ed0ff00e7fd3fef86ff000a0f8bf4303fe3fd3fef86ff000a7f59a3fcebef42faa57fe47f7337a8acfd2359b2d584a6c263208880df2918cf4eb5a15a46519ae68bba329c2507cb2566145145512145145001451450015def863fe498789bfeba7f44ae0abbdf0c7fc930f137fd74fe895c98cf817aafccecc0fc72ff000cbf2670545145759c61451450014514500145145001dabbed1ed34cd63c330457163696b7f793496d6f711215c488a1977727ef720fd6b81ed5d75d58cf0f822d1566b513c17725d154ba8cb2a151b4800e7391d3ad72e255d455eceffd7e875e11d9c9daeadfaff95c4d2fca83c33acb5de9360f79a73c51069a125b2ce436ee7923b74acdb4f0cdf5c0b650f6f15c5d47e6dbc12b9579979e578c738e0135d26a77f65a8f82b53d456589351bbfb3a5cdbe402648df9703d0820d59d17ecda6dde81752dddbcf6cb1a6ebcb9b80e632d9fdd451e7e5c1232c47033c8ae655a7052925adf6f44bf5fbfa1d5ec2139462ddd596beb27bf9dbeeea739e05860b9d567b3bdb4b7991a095f32a6591954e307b7359e9a1cffd8b16a725cd9c76d26427992956661d4018e4d759e1bd3574cf119b8b89ad4b14b9f355ae63da0364463aff0010cfd38e9595abc2fafd845711bdac37f6086dee2cfce54408b92ad164e31d8807a8ad156bd56e2f476fd7fe06be866e85a92525ef2bd97ddf96ba7af633e2f0c5fc9b63dd02ddbc3f684b46722574c67206319c738ce6b0c722bd434936da66b7a6cb2de5b4d6cd00896fee6e448ee590e11173fbb504f248fc79ae43fe11991e47823bab55bc86d9a79e27994f3b9b0a846413b4027d33554b1376f9f6d3f5ff0081f7ea456c2592e45aebfa5bf5f5b6873d5dbf87b45b1b9d1d2c2e2053abea56f2dd5b487ac614808a3fdec31fa5729a35836a97d1dbacb144ad82f24b2040ab9193927dfa75aec753d5ee2d3c5d0259d9692c222a96b216566112f03326ec29c03d7a669e26527ee41ebbfddb7f5e42c246293a935a68b6efbff5e6721a369936ab7eb670490453b1c2acee57737f747079ab72f872f63b4bb9bccb5792d06eb8b749732c4b9c64ae3fae45755269715afc45b7bfb4b8b36d39ee05c161731feef3f7811bbd4feb55744b4952f3c55e6c96e0dc5b4d1445ae63f9dd9b7000eeee2a1e29bf7a2f4b27f8ea8b8e112f7649deed5fd168ce7f4cd26e45b43a949f608e17729025eb616761c1007703d4e067bd756ba758c5f1262d31f4db436b3c51ef89a3c843e5963b79e0e6b2752b63abf86f464b49add64d3d64b7ba8de655f2be6cefe4f2a71d466b7d110fc48b1d452e6d9ec1214cdc1b8403888ae48273d48e315955a8e576deb697e1b7f99b51a518f2a4b4bc75f5dfe5d1fe27197be1dbbb7b3bbbaf32d1c5b30f3e18e50d24009c0dc3fc09c54767a15c5c5a43732cf696915c31480dccbb0ca41c1dbc1e33c64e056ee87613c7a5f89a199add66b889638835cc5f3b6fdc71f37a1ce6ac4d24baa689a40d2974a924b483ecd710dd08b746c0fde05ff84f5e2b675e6bddbadf7f95ff003d3fe098ac3c1fbd67b6df3b7e5aff00c039db2f0dea175757b68a218ef2d0317b791f0e428e4a8c60f6efdeb5f44f0ede596b165be2d26f9ae6dda58619a6f925041e471d475abba2cd2dd789358bb9afadae336525b0b80c90abc9b00014123238c03ed599f0fa17b5f16c0f74f0c696a1965679d02ae5580c1ce0f3e99a99d59ca33bb5a2dbe5f7fea553a34e338593d5dafe8fe6b6f91cab70c7a0e7a575de1036d368dac99f4cb0b896cadbce89e488b333163c373c8f6ac68afaeb47967b610d8bb6fdcde6c11cf83ecdcf1f435d1f8145cc1a7eb7770dc5a5bcf756e52df33c687cc0c7a293f2fb66b5c4c9fb36fd2daf998e122bdaa5eb7d3cbfcc82eded340d252df50d2b4e9f5a94f9be53c44fd9e327203f3cb1ecbd875ac2bcd2668ecedafda5b3fb2ddca515a373b51ba904638033ef5d45c5a1f13f8756e6f27b4875bb42615924b98d7ed68a7186e7861d89e0fe3c505b47d43c19058db4b6df6ab3bd94cc8f3a26d52301b24e0afb8aca954e5ddeb7d7fe0797f4f536ab4b9b44b4b5e3dfe7e7bfe9a19ade1bbb4d56db4f79ecd66b98d65858ca7638638500e3a9a9ce837ba3c71dfddc5633c22e7ec8f139f336be7baf1db9ebc715d1dfdbeff167862ea19eda4b482ded83cc27455f90fcc70483d083d2b99d5ecee26f165ca2b44fe6dcb4e87cf4da537939ceec0e3df34e9d6954b26d5ad764d4a11a776a2ef7b2feba963c43a1b4de30d56cb4a812282dff007840e12240a0927af1cd63ea5a54d6105b5c3490cf6b72098a6858b2b107047201047a115dadeda2dc78db5ab91780472c2cf0476f7891fdaf85053783f28f5cf3e9516a36d6fa8f87f4d81a7b0822b09a637496d2ae2052b950b939739c0c8ce4e6a69e25c54137a595feeff3ff002dcba9855273696b776fbff2b6bf8ec60f810413f88ad6caeeced6e61b97d8de72162a0027e5e78ad9d3ad20d4f54bcb3bfd06dad2c6312ffa6c313c2610b9dac49383d071591f0f6127c4b6574f2411416ce1a5696554c0208e3279fc2b76d27b8bdbcd7343d66f9265ba89a5b3325c2c88b2062530d921723b7b51886d54972be8baedaeff0070615274a3ccbabe8b5d168fd59c7697a54fa8453cc8f0c36b6e0196e276da899e83b924fa019a9a6d02fd2eecade248ee3edbcdb4903ee49477c1f6ef9c62ba27b6b66f0f5ee81637109bf8e686e8ab4ca04adb009115b804a9ed9a7daadbc71786f45b9d456d6ea2b89679a686504dbeeced40e380c7f4ab78996ad7dde56bdffaf4dcce3858d927f7dfaded6fbbfcf6399bdd0ee2d6c64bb59adae218a5f26630b92627ec18100f6eb52699a4dc0b58b5290d847034863856f5b0b3b0ea00ee07a9c0cf7aeb1a0171a1eafa5a0b1b6bc9668a6107da95e42a1fe679252705bbe33c0edcd676b76b0eada169b0691750bc7a734d6f2896554214be564e48c820672294711297bafbefe56bfe2f42a5868c7de5db6f3bdbd745a99de3db286c3c4260b7b78edd7c8899a38c60062bcfeb5ced76de27d2ceb3e29b58ecaf6ccc53db46b1cf24c36b15419040c904f1c115c5ca8d14af1be3723153839e41c1adf0b34e9c537ad91cf8a838d5934b4bb1b45145741cc145145001451450014514500364758e377738550589f615e496aefe2bf16442f1d845239c283f75064ed1e95eaf7b119ece7854e0c91b20fc4115e29a55dcda36ad15c04fdedbb90e878cf623f9d78f9a4f9654d4be1bea7b993d3e685570f8eda7e27b4da59db5ac0b0db41145128c055515c87c44d0ed8e9ada8dbc4914f130f3360c075271cfb8e2ba7d1b56b4d5ad84d65286fef21e190fa1156ee6de2ba81e1b88d6589f86461906bbead286228b8c6d66b43cda35aa61aba9caf74f5fd4c9f0547e5785f4f18eb1eefcc935b74c862482248a14548d06d555180053eb6a50e482876461567ed2729f76d887a1afa33c2836f8674bff00af68ff00f4115f399fba6be8ff000d8c787b4d1ff4ed1ffe822bc9ce7e08fa9ed645fc49fa19d2f8dfc3d148f1bea281d09561b1b82383da99ff0009d7873fe8269ff7c37f857876a7cea7787fe9bbff00e846ab554727a2d5eeff000ff22659dd74dae55f8ff99ef5ff0009d7873fe8269ff7c37f856ae8dad69facc72be9b702758c8562011827eb5f3857ad7c151ff12bd48facebff00a0d736332ea74293a916ee7560734ab88aca9c92b7f5e662fc66ff0090fd8fafd9bff6735e7f5df7c6539f115a0f4b51ff00a1357035eae03fdde1e878f98ffbccfd42b3f50d1b4fd4726f6ce19588c6f2b86fcfad68515d528c64ad25738e33941de2eccf04d4edc5a6a3776c849114ac809f4078af62d17c3fa6d85bdbb4367179caaa7cd65cbe71d735e47af9cebda89ffa787ffd08d7b8db7fc7bc5fee2ff2af0f2aa70752a5d6db7e27d0e71566a953b3dd6bf812554bdd36cafb1f6db58672a300c880902add15ee38a92b347cf464e2ef1763c83c7fa45be93ab46b629e5c3347bc267214e4838f6af43d07c39a769b6f6ef1dac6d72aa0999c6e6dd8e48f4ae43e2aff00c8534eff00ae27ff0042af4887fd527fba3f9579584a34d626ae9b5ade47b18caf51e128fbcf5bdfcec3e8a28af58f1829b23ac71b3b9c2282cc7d00a75731f10751fb0e812448712dd1f287fbbd5bf4fe759d6aaa953737d0d685275aa469aea799eaf74fa86a1737ae0ed9e42549e98ec3f2c57a8780750fb7787a1563996dbf72df41d0fe558da978736780a1454ff4ab71f693c7249fbc3f2fe558ff000df51fb2eb66d9db115daedff810e47f515e161b9f09898fb4fb6bf3ff00827d0e2b93198497b3fb0ff05ff00f54a281457d09f321411918a28a00e63c53e1fd31b45bd9d2ce28a68a36915e35da7239ed5e7de11b586f7c436505d46248598ee53d0e0135eade25ff00917b52ff00af77fe55e61e04ff0091aac3eadffa09af0b1f4e0b154d25bdbf33e8b2eab3784aadb7a5edf71e8f3f85f469a32ada7c2bee99523f115e73e2dd05b40bf8cc323b5bcb9689cf0ca47504fafbd7b05711f14caff65d88246ff3ce077c6de7fa574e6385a5ec5cd2b34726578babede34dc9b4fb96fe1febb2ea9672dbde36fb9b7c7ce7aba9e99f7aeb2bcf7e15db3f9ba85d107cbdab103ea7393fd2bd0aba32f9ca7878ca7b9cd9953853c4ca30d828a28aec384c4d6744d264d3b51925d36dde6681cac8a36b23e321811df23bf5e6bca7c3f6d1deeb1636f3826296455600e322bd9b56ff00905de7fd717ffd04d78ff84bfe462d33febb2d783995282af4ecb7dfef3e8f2aad3787ab77b6df733d33fe110d0ffe7c17fefb6ff1acbf12783f4e1a45c4b610982e214322e1890d8e4839f6aec8564f88f59b4d1ed51ef6379126631ec400e4639ebdabd3ad87c3aa6dca292ef63c9c3e2b12ea45424dbed7313e17441744b897bc93919fa01fe35d9557b0b7b7b7b655b4852089be7d88bb7afb558ad70d4bd8d28c3b18e2ab7b6ad2a9dc28a28ad8c028a28a0028a28a002bbdf0c7fc930f137fd74fe895c1577be17ff9261e26ff00ae9ffb2a572633e05eabf33b303f1cbfc32fc99c1514515d6718514514005145140051451400526d1e83f2a5ad1f0fe9c9a9ea2219e530db468d34f2819d91a8c93fc87e34a52514e4c718b9b515d4cec0f4a4c0f415a9e24d29b46d6ae2cb7991170d1498fbe8c320d571a6df998442c6ecca57704f25b711eb8c74a51a91945493d1952a728c9c5ad514f68f41f95181e82a58e196598431c523cc4e046aa4b67d31d6ae59d885d520b5d562bbb759182e026d7049c0386ed4dc9226306f633b03d07352432bc3bfc9729bd4a36de32a7a8fc6b4f5cd1a6d3f51d422822b89ad2d653199fcb3b78f520605675adb4f7727976b04b3c98ced890b1c7d052538ca3ccb629c250972b5a90e01ea33460631818ab1159dccb33c315b4ef327de8d6362cbf518c8a9ec74f964b9b53756d782d247f99e285989507e62bc72450e697512837d0a1b57d07e546d5f41f956edae8f6f75aaea4239678b4bb2569649644c48101c01b4e3e627819ab5a2e95a3ea5a7ea574f26a509b28fce78d446f9524800138c9f5c8159cabc62aefcbf1348e1e52765e7f86e73181e828da3d07e55d2c1a56937b65a84b6526a8b2db5ab5cafda1230ae0103191cf5354752d3224d2ad754b0691ad26730ba4982d0ca39da48e08239069c6b45bb0a542495fe6646d5fee8fca8201ea056d78534eb2d5b548ec6f65ba89e63889a1552010093bb3f4ed53eafe1c36de21b3d3ec6569e0bd11bdbcac002cafdce3d39a1d7829f23ded705879ca1ed12d2f6f99cf100f500d181e82ba9f15787acb4b92dadf4c96faf6e678c4ea446a50c64919e39cf1e98ae792d2e5cc812da76319c3858d8ecfaf1c7e34e9d58d48f32d85528ca9cb965b90018e94981e82ac2595d3c51c896b70d1c842a38898863e80e3934f1a6df19a484595d19a31b9d042db947a918e055f32ee47249f42a6d1e83f2a303d056e697a4db5fe83a9dd23dd0bdb2556f2c2828fb9b6803be6b26eada7b493cbba825824c676ca854e3d706a635149b8add152a728a527b3febf421da3d07e5460631818ab33d95d5bc492dc5adc451bfdd7923650df42455a8acedbfb06e2ea75bd5bbf314424447c964ee4b63af5ef4dcd25712a6db68ccda3d07e54607a0a5ad9d37417bab682e6eef2dec2dee24f2a069f24cad9c1200e8a3bb1e289cd415e410a729bb4518a403d40a30318c0c55a9ece58f5096ce3c5cca9218c1832e1c83d571d6a3b9b79ed65315d432c320e7648854fe469a927b09c5add10e0631818a5c0c631c51453244c0c630314607702968a007c123dbccb2c0c63954e5597820fad328a2818514514005145140051451400514514005721e2ff08aea8ed7960563bcc7cea78593fc0d741ac6ab6ba45a8b8be7658cb6d1b577126aec4eb2c6ae872ac0303ea0d615a9d2ae9d29ebfa1d142ad5c3355a1a7e4cf0d74bdd22f70c26b4ba4faa9ffeb8aebfc3fe3b911961d6543a1e3cf41823fde1dff0aee753d36d353b730df4092a7627aafd0f6af2af16f87db42bb4d8e64b49b3e5b1ea08eaa6bc4ab87af97fef294af1feb747bf471387ccbf755a3697f5b3fd0f5e86549a249227578dc6e565390453eb8bf85d73249a55d40ec4a4328d99ec08c915da57b987adede92a9dcf9fc4d0f615654af7b087ee9fa57d23a00c683a78ff00a778ff00f4115f3737dd3f4afa534518d1ac47fd308fff004115e5e75f0c3e67af90fc73f447ce77e737d747d657ff00d08d4152dd1cdd4e7d646fe66a1c8af663b1e14b762d7aefc161ff00126bf3eb71ff00b28af22af60f8303fe243787d6e7ff006515e7e6bfeeefe47a593ffbd2f46733f188e7c4f00f4b55ff00d09ab85aedfe2f9cf8a907a5aa7fe84d5c456f81ff007787a1cf987fbccfd42814515d4721e13af7fc87751ffaf87ffd08d7b95b7fc7bc5fee2ff2af13f162797e24d5147fcf763f9f35ecba44eb73a5da4ca7224851bf4af132ad2ad58ff5bb3dfce35a3465e5fa22dd14515ed9e01e69f1539d5b4e1ff4c8ff00e855e9318c228f400579bf8e97edfe34d3aca3e4811a11f56cff002af4af5af3f09ad7ad2f35f81e9e31db0d423e4dfdec28a28af40f302bccbc4da95b6a3e32b78ae6609a7da384663c8c8396fd401f85777e21d40699a35d5d67e644c27bb1e05709e07f0d5beaf6b7179a9091d0bec40ac5727ab13f9d7998f94ea4e387a7bbd5fa23d6cba30a509e26aecb456deefb1d7b78ab42652ad7f11523046d6e47e55e5133a5a6a8f25849bd219b742e38c80722bd3ffe108d13fe784dff007f9ab92f1cf8720d1c5bdc580716f2128eacdbb6b76e7deb9330a7899c154a897bbdaf73b72cab8585474e9b97bdded63d274abd8f50d3edeee2fb93206c7a1ee3f3cd5aae13e17ea5bedae34d90fcd11f363ff74f51f9ff003aeeebd6c2d6f6f4a33feae78b8ba1f57ad2a7db6f40a28a2ba0e6337c4bff0022f6a5ff005eeffcabc8fc3ba82e97abdb5e491b48b1139553827208feb5eb9e25ff00917b52ff00af77fe55e5fe0500f8a6c01008cb75ff0074d7879926f134945d9ffc13e832a69616ab92bad7f23a797e224017f77a74c5bb6f9001599a7dadcf8ef53b99aeef60b58ed11488064b142d8f9077e7a93ea2bbed6349b6d52c25b69e341b87cae14650f622bc807db3c3fad7fcf3bab67fc187f5045463bdb539455797342fdac69977b0ab19bc3c796a25a5ddcf65d36c60d3ace3b5b44d9120e07727b93ef56ab3f42d560d5f4f8eeadce33c3a67946ee0d6857b94dc5c5386dd0f9ea8a6a6d4f7ea14514559054d5ce34abd3ff4c1ff00f4135e29a4b5caea16ad6033741c794300e5bf1af6ad63fe4137bff5c1ff00f4135e41e12ff918b4cffaecb5e1e6aaf5a9afeb73e83277cb42abfeb66753f69f1bff00cf06ff00bf695cdf8867d5e6bd8535d12ac8bf715d428c13ce31c57b28ac2f13f87535d36a4ce6068189c85dd9071c7e95b6272f9ca9b509b6fb366384cca9c6a273a718aee96a6e47c201ec29d556eaf6d6c4442eee2387cc3b10b9c64d5a0722bd54d6c78cd34aec28a28a620a28a2800a28a43f74fd2810b5def863fe498789bfeba7f44ad1d557c31a0699a3b5f682b732dddb2c8590e390ab9ce4f7cd57b7f1a786edf4fb8b183c3f325a5c1ccb1065c3f4ebcfb0af32ad695782e483b5d76e8fd4f5a8d0861a6fda5457b35d7aaf43ce68af4cf0e5d784b5cd5e1d3e1f0e794f28621dd8103009ec6b81d7618edf5bd4618502451dc4888a3a0018e0575d2c47b49b838b4d2beb638eb61bd9c15452524ddb4bfea8a345145741cc145145001451450015d56931dae9de13ba9f51174a75493ece9e428dc2242198fcdc60b607e15cad68dcebbaadd5ab5b5cea3752dbb000c6f212a40e9c56556129a496d7d4da8ce34db6f7b68745e2658357f0ae9baa58f9ecd627ec331980de57aa31c71f8fbd375cd4aee1f0ef853caba9519a27767590866224e327a9c7f5ac0835ed5a0b55b68752bb8edd57608d642140f4c52bf8835793cbdfa95d3796db932ff74f4c8fceb08e1e4ac9d9a4dbfbefe5e6744b130776ae9b493f95b5dfc8ecf516683c6fe2764b5696d4db66e5a29845246855496527be7b77acbd43649a7f8765b0bc6b8d2d2f4c7189e20b32396048639c30f715cfbebbaac97297126a374f3202aaecf9201ea3dc703834926b7a9bdcc570d7f71e7440ac6c1b1b01eb81d066a61869c6db68bf256febf52a78a84b9b7d5fe6efdff0fc8ee62d42e6e7e25ea96b2cee6d447711793bb09b4267eef4ebcd63698f6f07c3b12aaddb092f76dd35a4811800bf206241f97fad618f116b2256946a976256014bf99c903b67f1350db6b3a95b5dcb756f7d711dc4dfeb1d5b97faf6342c2c92b69a5bf0bf97983c5c5b6ddf5e6f95ede7e5f89d6d95f4971e2ff0bca60b9b6774442f34a0c9708090acf803d3bf5001aca3aeea136bb0593dd38b58f53de88bc6099318c8e718e31d2b1e3d63528ef65bc4bfb95bb9061e60e7730f4cd27f6bea3f6e17bf6d9fed617689b77cd8f4cd52c359ecb6ff003ff321e2aead77bdff002ff23b1d4583c5f10218cfefbed11c8477281f9acdf04bf95a3789e430a4c059afc92292adf31e0e08fe758d0ebda926a02f25b97b89b6189bcff9c3c67aa30ee0d106bfa9daa18b4fbdb9b3b60c4a4114a76a64e7033cfe74beaf35070ef6fc2dfe457d660e6aa3be975f7dff00ccd577fedab1636d9b0feced36469628919524fde93b464f43b81e7bd32d7e4f8777a1f9f3b518d611dcb05e71f8566dc788758b982486e354bc961906d7479090c3d0d437fa9cd771db42aa96f6f6c088628b38424e4b64f2589ea4d5aa33d13daf7fd7f33375a1ab5bdadfa7e5f89b1e09b5b8b4f1c69b0dd412c32a484b248a548ca36322b474dd56dd7c26f3ced8d574bf32ded54f5659b807d7e5f9bf2ac09fc4baac97af7515ecf04ad1a44cd1c872cabd327a93924fe35466d42f27be5bd9aea692ed4822666cb823a73ed532a12ab2e69f97e17bfc9dda2a1888d28f2c2fbbfc6d6f9ab2675faebbc3ae783d919e302ced54b02471bf904d5ad2527ff858be21282510a8b9326321791f2e7fa57197dad6a97f0f937da85cdc45b836c91c9191d0d4c7c49ac992273aa5d178c1084bf4c8c7e3c77351f569f272e9b35f8dcb58ba7cfcdadae9fe16ee6a68b79345f0fb57314eea56e604521cfca08e71e99f6f5ad2bdd4aec4fe09717728692288b90e72ff00bc0bf37af1c73ea6b963af6ac61784ea573e53e7726fe0e7af14ade21d619a366d4eecb467284bfdde31c7a71552c3c9c9cacb76ff000b762638a8c62a377a24bee77ee7616de74377f107fb3f2b2ae76f97d47ced9c7be3354b4d17175e13d1582acf7ebab6db1139c864c65873fc3915cbc9acea724fe7497f72d3654eff0030e7e524af3ed93f9d36eb55bfbbb986e2e2f27926871e5b96c14c73f2e3a7e1496165e5d3f0561bc5c3cfafe2ee76d3859743f18c9e6497121daf21442b02481f958c37271ddb8ed5951c33d9f833c476973265a1b9b61b4312ab9e703d3ad629f10eb06f05d1d4aebed014a07dff00c27a8c74a6aebdab2c2f12ea57423724b2efe1b3c9cfae72688e1ea455b4dd3fbade5e5f8fde4b134e4efaecd7df7f3f3fc3cf46c926946c76c56b7cb79b40f31a7531eeee76edce3af19ae975dbd820d3fc34534ab6bd8a4b1440d3062090c432280400d9ea793c8ae2874abf61ac6a5a7c2d1595f4f0444eeda8dc03ea3d0fb8adaa51bd9ae9e6cc2957e5ba7d7b25dceabc8b1d1f59f1269767749673cb0a25a4f2bed11938678cbf6241c67daaaeab6b22781236bdba82ea782ffcb89a39bcdd8ac9964ddd3a807009c560693a845697734b7b671dfacb1b232cadc82dfc40f386f7a76abab35edbdb5a43025ad8db67ca85096f98f56663cb31f5ac9519a9af95dfa2b7a9b3af07097cd25af577f4d3fcb43368a28aed38428a28a0028a28a0028a28a0028a28a0028a28a0028a28a00e6be215b7da3c3170c064c2eb2fe00e0fe86b3be1f788629ac934dbb9425c45c4458e37afa7d4576375047736d2c132ee8a5528c3d41ae2eefe1e5b3126d2fa68fd048a1b1f8f15e76229568d755e8abe9668f4f0d5a84f0ef0f5ddb5ba677383e86bce7e285fc32cd696513069612cf2639da4f007d6ae45e0ed5906c1afc8b174c297ff001ad6d13c21a7e99289e4dd77720e4492f407d40f5f7a55957c543d97272a7bb6ff00c8ac3bc3e12a7b5e7e66b64935f7dc4f016932699a2e6e14acf70de6329eaa31c03ef8ae968a2bba8d254a0a11d91e756ab2ad51d496ec46fba7e95f4ae9608d26d07710a0ff00c7457cd67a57b2dafc47d0e1b58633f6b251029c45e83eb5e666b46a55515057dcf5b26af4e8b9ba92b5edfa9e67af787b54d1c79fa8db7931cb21543bd4e4f27b1af64f04d9dbbf84f4a67b78998c0a49280935e7df113c59a778834fb586c04e1e294bb7989b46318f5af4af050c784f4a1ff4ec9fcab9f1f52acb0f075159dceacba9528e2a71a4ef1b1e4de38b196f3c7d75656112996428a8830a09d80fd2bd13e1968f7ba368b3c1a8c3e4caf3970bb81c8c01dab87d7f50874cf8a925edceef2619559b60c9c7978e0575e3e26e878fb979ff007ebffaf558a55ea50853a71bab22306f0f4f1152ad495a4a4d7c8e2be2d1cf8b987a5bc63ff42ae32ba0f1d6b16dae6bef7964241098913f78b83919cd73f5eb6162e1463196f63c6c64d4ebce51774d8514515b9ce7967c4bd2e4b6d586a08a4dbdc801987f0b818c1fa8a9bc0fe2e874eb6161a9965814feea6033b73d88f4af48b9b78aea0786e2349627186471906b8cd47e1e5a4aecf617525b67f81c6f51f43d6bc7ad83ad4ab3af87d6fba3dca18ea15a82c3e2b4b6ccea60d674d9d3743a85ab0ffaeaa3f99aa3abf8a74ad361666ba8e7940f9628583331fc3815c97fc2b8b82dcea16f8ffae4735a9a5fc3db1b770f7d3c9758e7601b14fd7bd6cab6366aca9a5e77307430107ccea36bb2453f0359dc6afae5cebf7cb85c9f2bd0b1e38f6038af42a643124312c7122a46830aaa3000a7d75e1a87b0872deef76fbb38b1588788a9cd6b2d92ec8290900127803b9a5ac3f1178761d72485a7b99e111a95db1e30727be6b4a929463782bbfb8ca9461295a6ecbbdae71df1175c8ef668ec2ce4124309dd2329c867ec07ae2bb7f0a47043e1fb18ed9d1d444092a41f98f273f89ac0ff00857963ff003fb75f92d4f63e06b4b3ba8a78af6ef31b87dbc00707be2bcca34f151af2ab38277f3d8f5ebd4c24f0f1a34e6d5b5db7675d58de2fb48ef3c3d791cac89b53cc46638019791fe1f8d6cd731acf83edb55bf96ea7bbb953210762e0a8c0c719aefc4a93a6e308defa6f63cdc2b846a294e5cb6d76b9e6da06a4da56ab6f78a095438751dd4f515ed165796f7b02cd69324b1b0c82a73f9fa5725ff0af2c7fe7f6ebf25ab1a7781ed2c6f61b98af6eb746e1f1c00d8ec715e6e068e2b0d78b8dd3f33d4cc2be131769a93525e5b9d6d14535d77a32e48dc08c8ed5ec9e1991e2fb98edbc397e657552f114504f2c4f000af32f075c456be24b196e1c2461882c780320819aecdfc016721cc97f78c7d5b069bff0af2c7fe7f6ebf25af171343135aac6aa825cbe67bd85c4612851952736f9bcbcac768a415c8e47a8ae57c75e1efed4b4fb55aa66f601d07fcb45f4fa8ed56342f0a41a45f2dcc3797521552a11c8dbcfd2ba3af45d3788a4e15a36bf9dcf2e35161aaa9d095ede56f91e2be1cd6ae343bff3a2cb44df2cb11e370fe8457aee97a9da6a76eb3594e92291cae7e65f623b1accd63c25a66a7334d246f0cedcb3c271bbdc8e95903e1eda2b663d42e90fa855cd70e1a8e2b097824a51f5b1e8e2abe0f1a94e4dc25e973b7a2a2b584416f142199846817731c9381d4d41ab58aea3a7cd68f2c912c8002f19c30e735eb36f96e96a78c9272b37a772bf892f20b3d1af1a795133132a8279624100015e47e1eb88ed35ab09e76db1472a966f41eb5de37c3eb27397bebb63ea769a4ff857963ff3fb75f92d78b8aa18ac4548cd412e5f33ddc1e230986a72a6e6df3791d526a562ca0adeda907a1f397fc691f53b1442cf7b6aaa3927cd5ff1ae50fc3bb0c7179720ff00bab4c3f0ead73c5fcfff007ed6bb3db62ffe7dafbce154705ff3f5ff00e02636a77fff00094f8b6d20873f635902267ba83966fc71fcabd4c74e3a573be1df0a5a68b72d711cb2cf395da19c01b477c015d15560a8d4a6a53abf149938eaf4ea38c28fc315ff000e145145769c014514500148df75be94b48df75be9408ef3e267fc82fc2dff005e5ffb2a57095e93e3ad2350d4f4af0d369f673dc88ecc0731ae76e55319ae43fe114d7bfe8117bff7eeb87055611a29392ebd7cd9e8e3a8d49576e316d69d3c91a1f0bffe476b0ff764ff00d00d63f897fe462d57febea4ff00d08d757f0f3c3fab58f8b6cee2f34eb982050e19dd300654815ca7897fe462d57febea4ffd08d553946589938bbfbabf364d484a1858a92b7bcff2466d14515d870851451400514514005145140051451400514514005145140051451400514514005145140051451400514514005145140051451400514514005145140051451400514514005145140051451400514514005145140051451400514514005145140051451400514514005145140076af6cf0df8b742b4d034fb79f5281258edd11d4e7820723a5789d15cb8ac247129464ed63af078c9e124e5049dfb9b9e36bb82ffc517f73672acb048ca55d7a1f94561d145745382845417439ea4dd49b9beba851451544051451400514514005145140051451400514514005145140051451400514514005145140051451400514514005145140051451400514514005145140051451400514514005145140051da8a28037a0f17ebf0431c516a932c71a85550abc0030074a7ffc269e22ff00a0b4ff00f7ca7f8573d4565f57a5fc8bee46df59acbedbfbd9d0ff00c269e22ffa0b4fff007ca7f85615c4d25c4f24d3b9796462eec7b92724d47455429421f0a4889d5a95349c9bf56145145590145145001451450014514500145145001451450014514500145145001451450014514500145145001451450014514500145145001451450014514500145145001451450014514500145145001451450014514500145145001451450014514500145145001451450014514500145145001451450014514500145145001451450014514500145145001451450014514500145145001451450014514500145145001451450014514500145145001451450014514500145145001451450014514500145145001451450014514500145145001451450014514500145145001451450014514500145145001451450014514500145145001451450014514500145145001451450014514500145145001451450014514500145145001451450014514500145145001451450014514500145145001451450014514500145145001451450014514500145145001451450014514500145145001451450014514500145145001451450014514500145145001451450014514500145145001451450014514500145145001451450014514500145145001451450014514500145145001451450014514500145145001451450014514500145145001451450014514500145145001451450014514500145145001451450014514500145145001451450014514500145145001451450014514500145145001451450014514500145145001451450014514500145145001451450014514500145145001451450014514500145145001451450014514500145145001451450014514500145145001451450014514500145145001451450014514500145145001451450014514500145145001451450014514500145145001451450014514500145145001451450014514500145145001451450014514500145145001451450014514500145145001451450014514500145145001451450014514500145145001451450014514500145145001451450014514500145145007fffd9, 'Blue Keyboard PS/2', '196.43', 10, 93, 93, 29, 0, '');
INSERT INTO `order_used_product` (`product_id`, `current_quantity`, `product_code`, `product_image`, `product_name`, `rate`, `threshold`, `brand_id`, `category_id`, `product_entity_id`, `damage_quantity`, `product_content_type`) VALUES
(94, 138, '', 0xffd8ffe000104a46494600010101004800480000ffdb0043000503040404030504040405050506070c08070707070f0b0b090c110f1212110f111113161c1713141a1511111821181a1d1d1f1f1f13172224221e241c1e1f1effdb0043010505050706070e08080e1e1411141e1e1e1e1e1e1e1e1e1e1e1e1e1e1e1e1e1e1e1e1e1e1e1e1e1e1e1e1e1e1e1e1e1e1e1e1e1e1e1e1e1e1e1e1e1e1e1e1e1effc0001108002a005003012200021101031101ffc4001f0000010501010101010100000000000000000102030405060708090a0bffc400b5100002010303020403050504040000017d01020300041105122131410613516107227114328191a1082342b1c11552d1f02433627282090a161718191a25262728292a3435363738393a434445464748494a535455565758595a636465666768696a737475767778797a838485868788898a92939495969798999aa2a3a4a5a6a7a8a9aab2b3b4b5b6b7b8b9bac2c3c4c5c6c7c8c9cad2d3d4d5d6d7d8d9dae1e2e3e4e5e6e7e8e9eaf1f2f3f4f5f6f7f8f9faffc4001f0100030101010101010101010000000000000102030405060708090a0bffc400b51100020102040403040705040400010277000102031104052131061241510761711322328108144291a1b1c109233352f0156272d10a162434e125f11718191a262728292a35363738393a434445464748494a535455565758595a636465666768696a737475767778797a82838485868788898a92939495969798999aa2a3a4a5a6a7a8a9aab2b3b4b5b6b7b8b9bac2c3c4c5c6c7c8c9cad2d3d4d5d6d7d8d9dae2e3e4e5e6e7e8e9eaf2f3f4f5f6f7f8f9faffda000c03010002110311003f00f8ca8adbff0084575fff009f0ffc8c9ffc551ff08aebff00f3e1ff009193ff008aac3eb543f9d7de8f5bfb0335ff00a06a9ff804bfc8c4a2b6ff00e115d7ff00e7c3ff002327ff001547fc22baff00fcf87fe464ff00e2a8fad50fe75f7a0fec0cd7fe81aa7fe012ff0023128adbff0084575fff009f0ffc8c9ffc551ff08aebff00f3e1ff009193ff008aa3eb543f9d7de83fb0335ffa06a9ff00804bfc8c4a2b6ffe115d7ffe7c3ff2327ff1547fc22bafff00cf87fe464ffe2a8fad50fe75f7a0fec0cd7fe81aa7fe012ff23128adbff84575ff00f9f0ff00c8c9ff00c551ff0008aebfff003e1ff9193ff8aa3eb543f9d7de83fb0335ff00a06a9ff804bfc8f4fa2bda7fe1447fd4d5ff0094ff00fed947fc288ffa9abff29fff00db2bf2dff59b2bff009fbf84bfc8fdfbfd63cb7fe7e7e12ff23c5a8af69ff8511ff5357fe53fff00b651ff000a23fea6affca7ff00f6ca3fd66caffe7efe12ff0020ff0058f2dff9f9f84bfc8f16a2bda7fe1447fd4d5ff94fff00ed947fc288ff00a9abff0029ff00fdb28ff59b2bff009fbf84bfc83fd63cb7fe7e7e12ff0023c5a8af69ff008511ff005357fe53ff00fb651ff0a23fea6aff00ca7fff006ca3fd66caff00e7efe12ff20ff58f2dff009f9f84bfc8f16a2bda7fe1447fd4d5ff0094ff00fed947fc288ffa9abff29fff00db28ff0059b2bff9fbf84bfc83fd63cb7fe7e7e12ff23da28a28afc98fcb428a28a0028a28a0028a28a0028a28a00fffd9, 'Blue Keyboard USB', '178.57', 0, 94, 94, 28, 0, 'image/jpeg'),
(95, 138, '', 0xffd8ffe000104a46494600010101004800480000ffdb0043000503040404030504040405050506070c08070707070f0b0b090c110f1212110f111113161c1713141a1511111821181a1d1d1f1f1f13172224221e241c1e1f1effdb0043010505050706070e08080e1e1411141e1e1e1e1e1e1e1e1e1e1e1e1e1e1e1e1e1e1e1e1e1e1e1e1e1e1e1e1e1e1e1e1e1e1e1e1e1e1e1e1e1e1e1e1e1e1e1e1e1effc0001108002a005003012200021101031101ffc4001f0000010501010101010100000000000000000102030405060708090a0bffc400b5100002010303020403050504040000017d01020300041105122131410613516107227114328191a1082342b1c11552d1f02433627282090a161718191a25262728292a3435363738393a434445464748494a535455565758595a636465666768696a737475767778797a838485868788898a92939495969798999aa2a3a4a5a6a7a8a9aab2b3b4b5b6b7b8b9bac2c3c4c5c6c7c8c9cad2d3d4d5d6d7d8d9dae1e2e3e4e5e6e7e8e9eaf1f2f3f4f5f6f7f8f9faffc4001f0100030101010101010101010000000000000102030405060708090a0bffc400b51100020102040403040705040400010277000102031104052131061241510761711322328108144291a1b1c109233352f0156272d10a162434e125f11718191a262728292a35363738393a434445464748494a535455565758595a636465666768696a737475767778797a82838485868788898a92939495969798999aa2a3a4a5a6a7a8a9aab2b3b4b5b6b7b8b9bac2c3c4c5c6c7c8c9cad2d3d4d5d6d7d8d9dae2e3e4e5e6e7e8e9eaf2f3f4f5f6f7f8f9faffda000c03010002110311003f00f8ca8adbff0084575fff009f0ffc8c9ffc551ff08aebff00f3e1ff009193ff008aac3eb543f9d7de8f5bfb0335ff00a06a9ff804bfc8c4a2b6ff00e115d7ff00e7c3ff002327ff001547fc22baff00fcf87fe464ff00e2a8fad50fe75f7a0fec0cd7fe81aa7fe012ff0023128adbff0084575fff009f0ffc8c9ffc551ff08aebff00f3e1ff009193ff008aa3eb543f9d7de83fb0335ffa06a9ff00804bfc8c4a2b6ffe115d7ffe7c3ff2327ff1547fc22bafff00cf87fe464ffe2a8fad50fe75f7a0fec0cd7fe81aa7fe012ff23128adbff84575ff00f9f0ff00c8c9ff00c551ff0008aebfff003e1ff9193ff8aa3eb543f9d7de83fb0335ff00a06a9ff804bfc8f4fa2bda7fe1447fd4d5ff0094ff00fed947fc288ffa9abff29fff00db2bf2dff59b2bff009fbf84bfc8fdfbfd63cb7fe7e7e12ff23c5a8af69ff8511ff5357fe53fff00b651ff000a23fea6affca7ff00f6ca3fd66caffe7efe12ff0020ff0058f2dff9f9f84bfc8f16a2bda7fe1447fd4d5ff94fff00ed947fc288ff00a9abff0029ff00fdb28ff59b2bff009fbf84bfc83fd63cb7fe7e7e12ff0023c5a8af69ff008511ff005357fe53ff00fb651ff0a23fea6aff00ca7fff006ca3fd66caff00e7efe12ff20ff58f2dff009f9f84bfc8f16a2bda7fe1447fd4d5ff0094ff00fed947fc288ffa9abff29fff00db28ff0059b2bff9fbf84bfc83fd63cb7fe7e7e12ff23da28a28afc98fcb428a28a0028a28a0028a28a0028a28a00fffd9, 'Blue Keyboard USB', '178.57', 0, 95, 95, 28, 0, 'image/jpeg'),
(96, 138, '', 0xffd8ffe000104a46494600010101004800480000ffdb0043000503040404030504040405050506070c08070707070f0b0b090c110f1212110f111113161c1713141a1511111821181a1d1d1f1f1f13172224221e241c1e1f1effdb0043010505050706070e08080e1e1411141e1e1e1e1e1e1e1e1e1e1e1e1e1e1e1e1e1e1e1e1e1e1e1e1e1e1e1e1e1e1e1e1e1e1e1e1e1e1e1e1e1e1e1e1e1e1e1e1e1effc0001108002a005003012200021101031101ffc4001f0000010501010101010100000000000000000102030405060708090a0bffc400b5100002010303020403050504040000017d01020300041105122131410613516107227114328191a1082342b1c11552d1f02433627282090a161718191a25262728292a3435363738393a434445464748494a535455565758595a636465666768696a737475767778797a838485868788898a92939495969798999aa2a3a4a5a6a7a8a9aab2b3b4b5b6b7b8b9bac2c3c4c5c6c7c8c9cad2d3d4d5d6d7d8d9dae1e2e3e4e5e6e7e8e9eaf1f2f3f4f5f6f7f8f9faffc4001f0100030101010101010101010000000000000102030405060708090a0bffc400b51100020102040403040705040400010277000102031104052131061241510761711322328108144291a1b1c109233352f0156272d10a162434e125f11718191a262728292a35363738393a434445464748494a535455565758595a636465666768696a737475767778797a82838485868788898a92939495969798999aa2a3a4a5a6a7a8a9aab2b3b4b5b6b7b8b9bac2c3c4c5c6c7c8c9cad2d3d4d5d6d7d8d9dae2e3e4e5e6e7e8e9eaf2f3f4f5f6f7f8f9faffda000c03010002110311003f00f8ca8adbff0084575fff009f0ffc8c9ffc551ff08aebff00f3e1ff009193ff008aac3eb543f9d7de8f5bfb0335ff00a06a9ff804bfc8c4a2b6ff00e115d7ff00e7c3ff002327ff001547fc22baff00fcf87fe464ff00e2a8fad50fe75f7a0fec0cd7fe81aa7fe012ff0023128adbff0084575fff009f0ffc8c9ffc551ff08aebff00f3e1ff009193ff008aa3eb543f9d7de83fb0335ffa06a9ff00804bfc8c4a2b6ffe115d7ffe7c3ff2327ff1547fc22bafff00cf87fe464ffe2a8fad50fe75f7a0fec0cd7fe81aa7fe012ff23128adbff84575ff00f9f0ff00c8c9ff00c551ff0008aebfff003e1ff9193ff8aa3eb543f9d7de83fb0335ff00a06a9ff804bfc8f4fa2bda7fe1447fd4d5ff0094ff00fed947fc288ffa9abff29fff00db2bf2dff59b2bff009fbf84bfc8fdfbfd63cb7fe7e7e12ff23c5a8af69ff8511ff5357fe53fff00b651ff000a23fea6affca7ff00f6ca3fd66caffe7efe12ff0020ff0058f2dff9f9f84bfc8f16a2bda7fe1447fd4d5ff94fff00ed947fc288ff00a9abff0029ff00fdb28ff59b2bff009fbf84bfc83fd63cb7fe7e7e12ff0023c5a8af69ff008511ff005357fe53ff00fb651ff0a23fea6aff00ca7fff006ca3fd66caff00e7efe12ff20ff58f2dff009f9f84bfc8f16a2bda7fe1447fd4d5ff0094ff00fed947fc288ffa9abff29fff00db28ff0059b2bff9fbf84bfc83fd63cb7fe7e7e12ff23da28a28afc98fcb428a28a0028a28a0028a28a0028a28a00fffd9, 'Blue Keyboard USB', '178.57', 0, 96, 96, 28, 0, 'image/jpeg'),
(97, 138, '', 0xffd8ffe000104a46494600010101004800480000ffdb0043000503040404030504040405050506070c08070707070f0b0b090c110f1212110f111113161c1713141a1511111821181a1d1d1f1f1f13172224221e241c1e1f1effdb0043010505050706070e08080e1e1411141e1e1e1e1e1e1e1e1e1e1e1e1e1e1e1e1e1e1e1e1e1e1e1e1e1e1e1e1e1e1e1e1e1e1e1e1e1e1e1e1e1e1e1e1e1e1e1e1e1effc0001108002a005003012200021101031101ffc4001f0000010501010101010100000000000000000102030405060708090a0bffc400b5100002010303020403050504040000017d01020300041105122131410613516107227114328191a1082342b1c11552d1f02433627282090a161718191a25262728292a3435363738393a434445464748494a535455565758595a636465666768696a737475767778797a838485868788898a92939495969798999aa2a3a4a5a6a7a8a9aab2b3b4b5b6b7b8b9bac2c3c4c5c6c7c8c9cad2d3d4d5d6d7d8d9dae1e2e3e4e5e6e7e8e9eaf1f2f3f4f5f6f7f8f9faffc4001f0100030101010101010101010000000000000102030405060708090a0bffc400b51100020102040403040705040400010277000102031104052131061241510761711322328108144291a1b1c109233352f0156272d10a162434e125f11718191a262728292a35363738393a434445464748494a535455565758595a636465666768696a737475767778797a82838485868788898a92939495969798999aa2a3a4a5a6a7a8a9aab2b3b4b5b6b7b8b9bac2c3c4c5c6c7c8c9cad2d3d4d5d6d7d8d9dae2e3e4e5e6e7e8e9eaf2f3f4f5f6f7f8f9faffda000c03010002110311003f00f8ca8adbff0084575fff009f0ffc8c9ffc551ff08aebff00f3e1ff009193ff008aac3eb543f9d7de8f5bfb0335ff00a06a9ff804bfc8c4a2b6ff00e115d7ff00e7c3ff002327ff001547fc22baff00fcf87fe464ff00e2a8fad50fe75f7a0fec0cd7fe81aa7fe012ff0023128adbff0084575fff009f0ffc8c9ffc551ff08aebff00f3e1ff009193ff008aa3eb543f9d7de83fb0335ffa06a9ff00804bfc8c4a2b6ffe115d7ffe7c3ff2327ff1547fc22bafff00cf87fe464ffe2a8fad50fe75f7a0fec0cd7fe81aa7fe012ff23128adbff84575ff00f9f0ff00c8c9ff00c551ff0008aebfff003e1ff9193ff8aa3eb543f9d7de83fb0335ff00a06a9ff804bfc8f4fa2bda7fe1447fd4d5ff0094ff00fed947fc288ffa9abff29fff00db2bf2dff59b2bff009fbf84bfc8fdfbfd63cb7fe7e7e12ff23c5a8af69ff8511ff5357fe53fff00b651ff000a23fea6affca7ff00f6ca3fd66caffe7efe12ff0020ff0058f2dff9f9f84bfc8f16a2bda7fe1447fd4d5ff94fff00ed947fc288ff00a9abff0029ff00fdb28ff59b2bff009fbf84bfc83fd63cb7fe7e7e12ff0023c5a8af69ff008511ff005357fe53ff00fb651ff0a23fea6aff00ca7fff006ca3fd66caff00e7efe12ff20ff58f2dff009f9f84bfc8f16a2bda7fe1447fd4d5ff0094ff00fed947fc288ffa9abff29fff00db28ff0059b2bff9fbf84bfc83fd63cb7fe7e7e12ff23da28a28afc98fcb428a28a0028a28a0028a28a0028a28a00fffd9, 'Blue Keyboard USB', '178.57', 0, 97, 97, 28, 0, 'image/jpeg'),
(98, 87, '', NULL, 'Blue Wireless Mouse 2.4GHZ', '254.24', 10, 98, 98, 31, 0, NULL);
INSERT INTO `order_used_product` (`product_id`, `current_quantity`, `product_code`, `product_image`, `product_name`, `rate`, `threshold`, `brand_id`, `category_id`, `product_entity_id`, `damage_quantity`, `product_content_type`) VALUES
(99, 277, '', 0xffd8ffe000104a46494600010100000100010000ffdb00430006040506050406060506070706080a100a0a09090a140e0f0c1017141818171416161a1d251f1a1b231c1616202c20232627292a29191f2d302d283025282928ffdb0043010707070a080a130a0a13281a161a2828282828282828282828282828282828282828282828282828282828282828282828282828282828282828282828282828ffc0001108013b033c03012200021101031101ffc4001f0000010501010101010100000000000000000102030405060708090a0bffc400b5100002010303020403050504040000017d01020300041105122131410613516107227114328191a1082342b1c11552d1f02433627282090a161718191a25262728292a3435363738393a434445464748494a535455565758595a636465666768696a737475767778797a838485868788898a92939495969798999aa2a3a4a5a6a7a8a9aab2b3b4b5b6b7b8b9bac2c3c4c5c6c7c8c9cad2d3d4d5d6d7d8d9dae1e2e3e4e5e6e7e8e9eaf1f2f3f4f5f6f7f8f9faffc4001f0100030101010101010101010000000000000102030405060708090a0bffc400b51100020102040403040705040400010277000102031104052131061241510761711322328108144291a1b1c109233352f0156272d10a162434e125f11718191a262728292a35363738393a434445464748494a535455565758595a636465666768696a737475767778797a82838485868788898a92939495969798999aa2a3a4a5a6a7a8a9aab2b3b4b5b6b7b8b9bac2c3c4c5c6c7c8c9cad2d3d4d5d6d7d8d9dae2e3e4e5e6e7e8e9eaf2f3f4f5f6f7f8f9faffda000c03010002110311003f00b1451457dd1f9e0514514005145140051451400514514005145140051451400514514005145140051451400514514005145140051451400514514005145140051451400514514005145140051451400514514005145140051451400514514005145140051451400514514005145140051451400514514005145140051451400514514005145140051451400514514005145140051451400514514005145140051451400514514005145140051451400514514005145140051451400514514005145140051451400514514005145140051451400514514005145140051451400514514005145140051451400521e869691bee9fa5023a2f18e80745b8b59210df63ba85648c939c3606e5cfd79fa1ae7abdeb5bd0d35df084568702610a3c2c7f85c2f1f9f4fc6bc1e58de195e2954a488c5594f5047515c380c57b7834f747a398e13eaf34e3f0cbfa686d14515dc79e14514500145145001451450014514500145145001451450014514500145145001451450014514500145145001451450014514500145145001451450014514500145145001451450014514500145145001451450014514500145145001451450014514500145145001451450014514500145145001451450014514500145145001451450014514500145145001451450014514500145145001451450014514500145145001451450014514500145145001451450014514500145145001451450014514500148df74d2d21e86811f4be95ff0020cb4ffae29ffa08af2bf8b7a07d92f9356b74fdcdc1d9363b3f63f88fd457ab697ff20eb5ff00ae49fc8545ad69d0eaba65c595c8cc5321527b83d88f7079af90c3621e1eb73f4ebe87dbe2f0cb134393af4f53e6ca2ad6a763369ba85c59dd2e2685ca9f7f71ec473556beb93525747c534e2ecf70a28a298828a28a0028a28a0028a28a0028a28a0028a28a0028a28a0028a28a0028a28a0028a28a0028a28a0028a28a0028a28a0028a28a0028a28a0028a28a0028a28a00290f009f4a5a46fbadf4a047a00f036970d8d95c6a3e224b36ba89655492351d4027196e719a8ffe110f0eff00d0df6dff007ca7ff001547c4cff905f85bfebcbff654ae12bcfa11ad5a0a6ea357bf45dfd0f4f113a346a3a6a9276b757dafdcf41b3f036897b70b059f8a629e66ced48d14938ebc6eae1f53b5165a95dda872e2095a30c463760919c7e15d0fc2ff00f91dac3fdd93ff0040358fe25ff918b55ffafa93ff004235a51752359d394aeac9f4eefb19d654e7415484795ddaebd9773368a28aec38428a28a0028a28a0028a28a0028a28a0028a28a0028a28a0028a28a0028a28a0028a28a0028a28a0028a28a0028a28a0028a28a0028a28a0028a28a0028a28a0028a28a0028a28a0028a28a0028a28a0028a28a0028a28a0028a28a0028a28a0028a28a0028a28a0028a28a0028a28a00290f434b41e86811f4c69831a7db0ff00a649fc8559aafa6ffc785b7fd725fe42ac57c34b767e850f851e67f17b41f3208f58b74f9e2c473e0755ecdf81e3f1af2aafa6eeede2bab69609d03c52294653dc1eb5f3c789f479342d6ae2c64c9553ba373fc487a1fe9f515f4394e279e1ec65badbd0f99ce709c93f6d1d9efebff04cba28a2bd83c40a28a2800a28a2800a28a2800a28a2800a28a2800a28a2800a28a2800a28a2800a28a2800a28a2800a28a2800a28a2800a28a2800aea7c1a34bd42fed74ebcd22391d95cb4fe7b863852dd071db15cb56ef822e61b4f12db4d752a4512ac80bb9c0194603f5ac7109ba52b6f6e86f859255637b59b57bdbbf98fd39b4ed5f5fd2ad63d2e3b48649d5250933bf9809e9cf4fc297c4ba3471f8820b7d2908b6bd08d6ea4e7193b48fc181aa5e159a3b7f1269734eeb1c51dc2333b1c0500f535d0d86ad64ba7dcdc4d3a7db74d9e76b353d6412e718ff75b2d5854e7a73bc2ed5bcdef7fd6df237a4a1569da764efbe8b6b7e97f999fe39d374fd3aeac174b522192df73316277b07652dcfae2b9aadcf11dcc33d9684b0cab234562124c1c956dec707deb0eb7c3a6a9a52dff00e09cf8971751b8ab2d3f20a46fbadf4a5a423208ad8c0ef3e261034bf0b64ffcb97feca95c1e47a8aef63f1fdb9b2b4b7bbd02d6ebecd12c4ad2b86e800e32bc6715bfa56b3a5df785b54d5cf876c10d936d116c53bf807aede3ad7994ead5c35351953ebdd7567ad528d2c55573854e9d9f45afe471bf0bc8ff0084dac391f764ff00d00d647897fe462d57febea4ff00d08d75d6df106ced66596dbc336514abd1e360ac3f10b5c3ea575f6dd46eae8a6c33cad26dce71924e2b7a2aa4ab3a938d9592dd3ea73d674a3415284b99ddbd9ae8bb95e8a28aec38828a28a0028ae97c3be178f5cb6678357b58e68e332cb0b46e5a35071927a1fc299a2f86e1d5f5596c6cf57b7775c189c4321128c6491c70074e6b1788a6af77b6fa337586a8f96cbe2db55fe673b456ddee8b696da95b59a6b56739926f26574560b0f38dc49e08fa554d7f4f8b4cd5ae2cedeee3bc8e323132743919f7e45546ac64d25f9322546504dbe9a6e8cfa28a2b4330a28a2800a2b6742f0f5cead05c5d1961b4d3edff00d6dd4e708bec3d4fb559ff008472def1641a1eb106a1731a9736e61685d80ea5377defa75ac9d7826d37b7e1eaf646d1c3d492524b7f4d7d16efe473b451456a6214514500145145001451450014559d32ca6d4750b7b3b6199a7708b9e833dcfb0eb5048bb2474273b58ae7d70714aeaf61d9dafd06d14514c4145157b48b382fae4c5737f0d90c0daf2a330639c63e5a52928abb1c62e4ec8a345759a9f846df4cbd3677be21b086e40076491b8183d39c62b1b5fd12f343ba486f421122ef8a58db7248bea0d670af4ea34a2f735a987a94d3725b6fb69eb63328a28ad4c428a92de3135c451b48b12bb852edd14138c9f6157fc47a643a4eab25a5b5ec77b1aaab0963e9c8e9c13cfe352e694b97a94a0dc5cfa1994515b7e17d0975fbafb2a5fc56d74c4f971bc6cdbc0192723818f7a2738c22e52d9053a72a92518eecc4a29f346629a48c9c9462b9f5c1c532a890a28a2800a28a2800a2b6fc31a126bd722d935186deed890913c6cc5c019272381f8d63cf1986796224131b94c8ef838a85522e4e2b745ba7251537b319451455901451450075fe07f072f896d6ea692f1edc42e10058c3678cf735d2ff00c2a987fe82d2ff00df81fe352fc14ff9066a7ff5dd7ff41af48af9dc663abd3af2846564bd0fa8c065f87ab878ce71bb7e6fb9e65ff0aa61ff00a0b4bff7e07f8d1ff0aa61ff00a0b4bff7e07f8d7a6d15cbfda589fe7fc17f91d7fd9785fe4fc5ff0099e65ff0aa61ff00a0b4bff7e07f8d1ff0aa61ff00a0b4bff7e07f8d7a6d147f69627f9ff05fe41fd9785fe4fc5ff99e65ff000aa61ffa0b4bff007e07f8d1ff000aa61ffa0b4bff007e07f8d7a6d147f69627f9ff0005fe41fd9785fe4fc5ff0099e65ff0aa61ff00a0b4bff7e07f8d57bef85722405acb53124a3a2cb16d07f104e2bd568a1665894fe2fc109e55856adcbf8bff0033e67d4ac2e74dbc92d6fa168674eaadfcc7a8f7aaa7a1af6df8a1a02ea7a235dc299bbb305c6072c9fc4bfd7f0af12ed5f4582c52c4d3e6ebd4f99c7611e16af274e87d35a7ff00c78dbffd735fe5562a0b018b2807fd335fe553d7c83dd9f6d1d905790fc681ff00138d38ff00d306ff00d0abd7abc8be347fc85f4eff00ae0dff00a157a195ff00bcaf9fe47999c7fbacbe5f99e77451457d49f20145145001451450014e893cc9634ce37305cfd4e29b53e9e375fda8f59907fe3c29376438abbb1e9bff000aa61ffa0b4bff007e07f8d1ff000aa61ffa0b4bff007e07f8d7a62f4a5af94fed2c4ff3fe0bfc8fb2fecbc2ff0027e2ff00ccf32ff85530ff00d05a5ffbf03fc6bcd353b6165a95dda872e2095a30c463382466be983d2be70f120c788b541ff4f327fe846bd3caf1556bca4aa3bd8f2336c251c3c22e946d77e666d14515ec9e185777e11f0147af68915fbea1240ceccbb044180c1c75cd7095ee3f0a3fe44eb6ff00ae927fe846bcfccab4e8d2e6a6ecee7a59550a75eb38545756ff00230bfe154c3ff41697fefc0ff1a3fe154c3ff41697fefc0ff1af4da2bc3fed2c4ff3fe0bfc8fa1fecbc2ff0027e2ff00ccf0ef1bf8363f0d595bce97af70659366d68c2e38ce7ad61f8634c4d635db4b096478d2624164c646013dfe95e91f1a7fe411a7ff00d7c1ff00d04d70df0ebfe473d33fdf6ffd04d7b586af527847524f5b33c0c561e9d3c6aa515eedd7e276ff00f0aaec7fe82377ff007ca7f852ff00c2abb1ff00a08ddffdf29fe15e8c3a515e27f68627f9ff0023e83fb330bfc9f99e73ff000aaec7fe82377ff7ca7f851ff0aaec7fe82377ff007ca7f857a35147f68627f9ff0020feccc2ff0027e679cffc2abb1ffa08ddff00df29fe147fc2abb1ff00a08ddffdf29fe15e8d451fda189fe7fc83fb330bfc9f99e73ff0aaec7fe82377ff007ca7f851ff000aaec7fe82377ff7ca7f857a35147f68627f9ff20feccc2ff27e679c7fc2abb1ff00a08ddffdf29fe15e63ad59ae9fabded9c6ece904ad1866ea403d4d7d2a7a57ce9e2dff0091a356ff00af97fe75e9e5789ab5a72551df43c9cdf09468422e9c6d7664d14515ed1e085145140051451400577be17ff9261e26ff00ae9ffb2a57055def863fe498789bfeba7f44ae4c67c0bd57e676607e397f865f93382a28a2bace30a28a2800a28a2803b9f84e865bed66352033d8b28c9c0c93562fecdb40f03893c3d345742e18c57f7f0b64ae38d8be8b9e33fe355bc0371a569715e5c5f6b16d149776ad0f9251cb4649ee718fca9be08beb3d1753bdb6bad62ce5d264454955a37db3e475518e08e873d6bcaaaa4eace6936959dacf5b7f5a1ec517154a106d26eeaf75a5fe7f7f5398d0a58e2d4e059ad6deea391d63293025402c064608e6ba2d6adecb4bf88325941a75ac966d245108645255436dc91cf5e4fe755ae74ed160d722974dd76d0d90984804a92031a820ed276f3dc0fa7357fc412699a878d1754875ab116cd24721dc24c809b783f2f53838ade53e69dd5ece2fa3df4fc7739e14f929b8b6aea4baadb5bfcb627d5db48d23c68da643a359dc4124c89299812577e388c670a067ea4e6a9a785eda6f88b368c8cc9631b991b9e447b436dcfe38cd2ebcfa75f78dbfb4a1d66c85abca9365849f284dbc1f97a9c1c7d2ae5e6bb6161e3e1aedb5ec379693b6c9238836f44d814920803a8cf1e95847da28ae4bddc7cf7d3f1dcde5ec9c9f3db954d76f875edd3621d067d175cf14c3a7cba2da5bda798c2068b7076da0e049cfcc081f81c572fe21688eb77896f6d0db4514ad12c7102061588cf24f271cd75fe12d3b4bb4f1b5acd6faa4378af2bfd9e2895b78c86e64c8017033ee4e2b8cd7083adea24743732ffe866b7a16f6cd46f6b2defddf739f109fb04e56bf33dadd9763aff140fb2fc35f0dc36fc433b799291fc4d8279fc49fcab0bc23e2697c3535d4b0dac370d320506424152338c11db9e456a78775cd36efc3cfe1ef11b3c56cadbedae9067ca39cf3f893f8122996965e1dd0ee56fae3588f55684ef86d6de2237b0e9bc9c80338a88a5184e8d48b776decf5bbbee6926e73856a524ac92dd696567a319616769a7f84dfc417d6b15e5ddd5c18ade2941f29393962a3af43c7d2892d2d35af09de6ad6f67059df69f2a899200563950e39db9e0fd3d29d6dabda6b7e1d9f49d52e62b1b95ba6bab79990f9596249438fbbf78e29b35ed8e8de15bbd22cef62bdbcbf914cf2c20f951a0e8012393fe268f7f9baf37379dadf95adf8f987eef97a72f2f95f9bf3bdff000f22edff00f6645e0fd2f59fec7b11792cef1f94aac2238279619c9c05e99ea68d78e9767a3e8baddbe8d67f68be4656b7704c0a57ab6d0793dbff00af50eaafa6bf82f4fd322d66c64b9b499e560a24c383bb85caf5e7bd1afbe9b73e16d12c20d66c5e7b0dc24c0930db88e57e5edd4fd2a229de37bfc4fbedadbf42e525695b97e18ff2efa5fe7b91f8ae0b1d3aeb46d4ecb4fb6115f5af9af69202d106e3a0047afe957bc673693a06bb1c569a258cdba14799655254039f95003807bee393d2a978c27d3eef48d192cf54b49e5b0b7103c681f2e72bcae5718e3be2b53e2269d637de2288bea76f6528b78c4c2e030caf3864201c9c64638ed4a0f5829dfed77efa0e6b4a8e9db78f6ea9dff119268da758f8d34db78aca0b8d33564496349f7130839c8520fd3ae6b274eb7b34f1fcda749616d35a4b7860092027cb5dc7eee0f5fae6ac6ade27b393c63a4ddda876d374d090a1c619d4756c7f2fa559886896de345d61f5ab79ade4baf3a38e256dcb93d5c9185033f534d7b48c7dfbddc7cf7ff3b581fb394bdcb594bcb6ebf2bdcb5e0c3058fc4cbeb1b7b4b711f9b3223904b46aa3eeaf381fceb92ba9d757bf8ac6db4db0b49a5b9d82485583125b1ce58f1ce6b7adb54b0d2fe239d54dec173653cb2b178371f2c3e40dc08fe59aa373359e876aff0061d42dafeee4be8ee91a15388d137101891d493d07a5541353e6b3bb4bbefadefe9e644da74f96eaca52bedb696b7af91bba8e8ada66a296361e1982fec22dab35c4f832cc4fde2adb86df6c0aa76da459697e3f4d21ed6daf6cae994a19c16645209c020e33918e73d2abebf0687e22d49b568758b7b0f3c29b882e23632230183b703e6e955fc3f368f078be2be82e63b1d3ad1d4aacfb8bcb8520b0c03824f38e319a98a9fb3776efcaefa3dfefdefdbfc8b9387b4564adccadaadbeedaddff003b92eaf75e1fb3b6d734c1a67fa6473b25adc28e7af249cf001ce0018c62b94b4ff8fa83feba2ffe842b4bc50b6edac5cdc5a5edbddc7732bca3caddf202d900e40e7e955f45b7b7b8bd1f6bbf86c923c38795598310470303ad76524a14f9b5d7d4e1ad273abcba69dadf99dbfc46d36caebc5724979ad5ad9662406368dddc0e79c018fd69a3ec3e31d7749d26cccdfd97a6db1df2b0daf281b471e99c0fccd667c46b8d3754d4e4d4f4fd56de7dca9188151c3f19c9c918c565782f5a4d0b5c4ba9d19ed9d1a29957aed3dc7d0815c74e8cde1d4937cd15a2dacede876d4ad05899464972c9eaf7babfab3aab0d18ea57f2595ff86edf4fd3e40c22b9888124247dd2cdb8eecf7c8ef543c1b6363751eb761a9d8db39b28247fb4229f3721883839c76e38aa1fd91e1db4bb6bb935882f2c14974b58a361349e8878c2fb9ab5e07b9d3ac6d75692f352b4b66bdb67b78e160e59092704e14f1fad1252f672716fa746b5f9b6fd7a041c7da45492eb7d53d2de492df6ebf22adceb1a24b63a5fd9344b75be4256e15d0f94ca781d1b2c7a1c9f4ad6d52cb4ed37e2343a743a659bd9cfe4c662914909bba95e7ad71f6f6700d505bb6a368b0a107ed277f96d8c1e3e5cfb74aecf58b9b1d4be21695a8e9fa85bdcc725c411f968183ae3b9c8031f8d5d48f24ad1bdad2efe4d7ea4529f3c6f2b5f9a3dbcd3fd082feeb45b1f184fa60d16ce4b03702295dc1f3012403b08385033d00ec6ac786b491a27c565b0462d1c61cc64f5da632467df9c545ae58e927c73757971aadbc16d15c89278240de6ee5c12140186048eb9ef4ba36bd6577e3e9f5fbebc86cedd49448a40c5d9766d046011f5e7bd64f99d37cb769c35df7e9fa9b2e58d55cf64d4f4db6ebfa6e2e82746d53c4f2e88348b76b490caa2e9c93397193bf7740320f03a71597e0bf0f45a8ea1a93dd46f716fa7a331854ed333e4855cf60706acf851f4dd2bc5dfda173acd89b78cbb6544996de1ba7cbdb3cd3745d4b4fd2b54d52cef2ee2bad3354899249adc31f2892d8241009c0273f855cb9e3cca9df65dfbbbfcec670e49724aadb77dbb2b7cae5fb6d0a5d5ad6fa1d4b42b5d2a5488cb6d716f841b87f030dc7703ebd6a9e87169d77e08d52f6ef4cb5f3ac0c611d010d29e38639ee7ae31c66b31b4cd134d8ae279f54b6d4db632dbdbdbab296623019cff00081d715a5a1c9a745e0cd4f4f9f59b28ee6f8c6ea1849fbbc6321b0bd78ed9a249f2e8ddaeba35d75eadec106b9acd24ed2dda7d34e896e02e7c29aa6bb62cf00d36cd2dd8cfb976a3cbc60614f4ebcf19e054b6da6c7ab785359bcb8d2edad4da2f9b697504261f340ce415cf230073efed595e09974bb4d7673aa4906d589d6da6910b44b2e7e5623d3d335bba7ea7601358b2d4f5d1777ba8db98daf486f223233b50719c724e400074a2aa941da17d2dddf5d7fe0dfd2c3a2e3517354b6b7ecba697f9ed65e7731fe17ffc8ed61f493ff40352f85b4db6d4b57d6849141737d1076b4b69df6a4afbce73eb8e38f7abfe1d9f46d37c47a75d1d52c921b1b7f26565470679086cbafcbc8f980c9c74aceb08f428eff548efeeadae5ee2367b4b956916386425bef1c641e873822aa727294a493574ba3eefd08a718c2108c9a766faaecbd7aeda6e3b59b7b78742b91ad69634ed684a05b082d8c68ebdf2412a7bfbf4ae46bb59b535b4f096a3a76a3ac43aacd3ec16d144cd288483cb176031f4ae2aba30bcd677effd5ae7362b96f1e5ede57ddef6ebfa0514515d2729eb3f053fe41ba9ff00d775ff00d06bd22bcdfe0a7fc83753ff00aeebff00a0d7a457c9661fef33feba1f69967fbac3faea145145711de14519a33400514668cd001451450036450e8cac01523041ef5f38f88ec3fb335cbfb31f7629485ff77a8fd08afa42bc43e2d5b887c5ace07fae811ff1191fd2bd7c9ea5aab8775f91e26794d3a319f67f99ed363ff1e70ffd735fe55354365ff1eb0ffb8bfcaa6af25ee7b51d9057917c68ff0090be9dff005c1bff0042af5daf22f8d1ff00217d3bfeb837fe855e8657fef2be7f91e666ff00eeb2f97e679dd14515f527c80514514005145140055bd1c6ed5ac47adc463ff1e1552aff00879776bda68f5b98bff421533d22caa6af35ea7d22bd296917a52d7c39fa081e95f38f89f8f126abff005f327fe846be8e3d2be73f158c789b561ff4f2ff00cebd9c9be397a1e167bfc387a995451457d09f3215ee3f0a3fe44eb6ff00ae927fe866bc3abdcbe14ffc89b6bfefc9ff00a19af2f37fe02f5ff33d7c93fde1fa3fcd1d7d14515f327d61e75f1a7fe411a7ff00d7c1ff00d04d70ff000e3fe473d37fde6ffd04d771f1a7fe411a7ffd7c1ffd04d70ff0e3fe473d37fde6ff00d04d7d1e13fdc25e8cf97c6ffc8c63eb1fd0f7d1d28a074a2be70fa80a28a2800a28a2800a28a28003d2be74f16ffc8d1ab7fd7cbff3afa28f4af9d7c5bff2346adff5f2ff00cebd9c9bf892f43c2cf7f870f53268a28afa13e6428a28a0028a28a002bbdf0c7fc930f137fd74fe895c1577be18ff009261e26ffae9fd12b9319f02f55f99d981f8e5fe197e4ce0a8a28aeb38c28a28a0028a28a0028a28a0028a28a002ad69578da7ea56b78b1a4ad0482408fd1b1d8d55a29349ab31c5b8bba3b29fc5b649abddeb3656138d56752a8d33af9706460950a32c703bd71c496259892c4e493dcd251514e8c697c3fd58d2ad69d5f8bfabee1451456864145145001451450059d3ae96cee3cd92d6deec6d23cb9c12bf5e08e6b4fc43e23975dc35d58d94738da3cf89583ed19c2f248c735874543a7172536b545aab28c5c13d185145156405145140051451400514514005145140051451400569687aa9d26e7ed09676b732ab2b46d3a93e591dd704566d14a515256638c9c1f347734f5ed61b59b9fb44b67696f3b31691e0520c84f76c935994514a31505cb1d8739b9be696e14514551214514500145145001451450014514500145145007acfc14ff906ea7ff5dd7ff41af48af38f82a3fe257a91ff00a6ebff00a0d7a3d7c9661fef33feba1f69967fbac3faea159de2391e1d0751922764912ddd9594e08214f22b46b2fc51ff0022e6a9ff005ed27fe826b969fc6bd4ebabf04bd19e103c4bade3fe42d7bff7f4d1ff00092eb7ff00416bdffbfa6b24741457d9fb1a7fcabee3e13dbd5fe67f7b35bfe125d6ff00e82d7bff007f4d74bf0fbc59a82f8860b5d42f26b9b7ba3e5fef5b76d6fe123f1e3f1ae12b73c116725f78ab4d8e204ec984ae476553927f4fd6b1c450a4e94ae96c6f86c45655a3693dd753e851d28a17a515f1e7dc0578e7c651ff00150d9fa9b6ff00d98d7b1d78dfc63707c496aa3aadb0cfe2c6bd2cabfde17a33cace3fdd9faa3d7ecf8b58bfdc5fe552d4569ff1ef1ffb83f954b5e73dcf523b057917c68ff90be9dff5c1bff42af5daf22f8d1ff217d3bfeb837fe855e8657fef2be7f91e666ffeeb2f97e679dd14515f527c80514514005145140056a78586ef12e943d6ea3ffd08565d6c783867c57a40ff00a7a4fe759d6d29cbd19a5057a915e6bf33e895e9450bd28af893efc0f4af9d7c5e31e29d5bfebe5ff9d7d147a57cede32e3c57abff00d7cbff003af6726fe24bd0f0b3dfe147d4c7a28a2be84f990af73f857ff22659ff00bd27fe866bc32bdd7e168c7832cbeaff00fa19af2b38fe02f5ff0033d8c93fde1fa7ea8eb28a28af9a3eacf3af8d3ff208d3ff00ebe0ff00e826b87f871ff239e9bfef37fe826bb8f8d3ff00208d3ffebe0ffe826b88f86dff0023a69df56ffd04d7d1e13fdc25e8cf97c6ff00c8c63eb1fd0f7c1d28a074a2be70fa80af3cf891e2ad4f41d4ed60d39e158e484bb6f8f773bb15e875e73f12bc31aa6b9aa5acda6c292471c2518b48179dc4f7aecc07b3f6cbdadade670e63ed7d83f637e6d36395ff00858de20ff9eb6bff007e3ffaf47fc2c6f107fcf5b5ff00bf1ffd7a8ffe15ef88bfe7d22ffbfcb47fc2bdf117fcfa45ff007f96bddb607fbbf81f3b7cc3fbdf8927fc2c6f107fcf5b5ffbf1ff00d7a3fe1637883fe7adaffdf8ff00ebd50d53c19ad6996135e5e5bc6904432ec25048e71d3f1ae76b5861f0b515e114cc6a6271749da72927e773b1ff00858de20ff9eb6bff007e7ffaf5cadf5d4b7b7b3dd5c1532cce647da30327af150515bd3a14e93bc2291cf531156aab549361451456a64145145001451450015def863fe498789bfeba7f44ae0abbdf0c7fc930f137fd74fe895c98cf817aafccecc0fc72ff000cbf2670545145759c61451450014514500145145001451450014514500145145001451450014514500145145001451450014514500145145001451450014514500145145001451450014514500145145001451450014514500145145001451450014514500145145007ae7c151ff128d40ffd3c0ffd0457a2d79dfc16ff009035ff00fd7c0ffd0457a257c8e61fef133ed72cff007587f5d42a1bdb68ef2d26b6981314a8518038382306a6a2b913b6a8ed69356671bff0ae3c3fff003c27ff00bfed47fc2b8f0fff00cf09ff00effb576545747d72bff3bfbce6fa8e1ff917dc71bff0ae3c3fff003c27ff00bfed5b1e1ff0d69ba0f9a74e80abcbf79d98b311e993dab6a8a99e26b4d72ca4daf52a185a34e5cd0824fd028a28ac0e803d2bc1fe255d0bbf195d8539587643f90e7f526bda35ed520d1f4b9ef6e98048d72067966eca3dcd7ce9713c9757925c4c7324b21763ee4e6bdac9e93729557b6c7839e564a11a4b7dcfa5edb8823ff747f2a92a3b7ff529fee8fe552578a7bab60af22f8d1ff217d3bfeb837fe855ebb5e45f1a3fe42fa77fd706ff00d0abd1caff00de57cff23cccdffdd65f2fccf3ba28a2bea4f900a28a2800a28a2800adbf038cf8bb491ff4f00fe86b12b7fc0233e31d287fd35cff00e3a6b2affc297a3fc8db0dad687aafccfa097a5140e9457c51f7a07a57cefe32ff0091b357ff00af97afa20f435f3cf8d863c5babffd7c357b1937f125e9fa9e1e7bfc28fafe862514515f447cc057bbfc3018f05d87fc0fff004335e115ef3f0c863c17a77d1fff00436af2738fe0af5fd19ece47fc77e9faa3a8a28a2be6cfaa3cebe34ffc8234ff00faf83ffa09ae23e1b7fc8e9a77d5bff4135dbfc69ff90469ff00f5f07ff4135c47c36ff91d34efab7fe826be8b09fee12f467cbe37fe4631f58fe87be0e94503a515f3a7d4051451400628c514500733f123fe44bd57feb9affe86b5e095ef9f123fe44bd57feb9aff00e86b5e075f49937f065ebfa23e5b3cfe3c7d3f561451457ac78a14514500145145001451450015def863fe498789bfeba7f44ae0abbdf0c7fc930f137fd74fe895c98cf817aafccecc0fc72ff0cbf2670545145759c614514500145145001451450015d15c691a6e95a7d8cdaccb7b25c5ec3e7a456a100443d32cdd4fb0ae77b57733ea579a068fa4db6ab169bac58dcc0258a29572d0a9ec1bfcf43e95cf5e524e2a3d7a773a70f18b5272e9d774b5edff000e556f0ada41e23d3f4eb8bb9da2bf895e168c26f8c9ecfc91dba8eb5cdde69f716e6693c89fecab2b46b334642b6091d718ed5dc269b6369e2bf09dee9f04966b7e44ad692364c58f4cf3839fd2a9e9da85c5fcbe325bb9de48859ca5632df22ed7c2e17a0c573d3af35ef5eeacbcbab474d4c3c1fbb6b3bbb5b5e89ff5a1c7da59dcde161696d3ce5465bca8cbe3eb8144367733ac861b69e411fdf291b109f5c0e3f1ae8f5a965b6f06f877fb3e4922824f35e66898ae670dfc58ee074aea606953c649e4eefb7cba3799711ff7a7d9c6e5e99e9573c54a29bb77fc1f5338612326a37edff932be87995c5adc5bac6d716f342b20ca19232a187a8c8e6b5fc23a5d86b17e6cef67ba86560ce8f12a950aaa58eecf39e3b55fd3279aefc0de213a8cb24a91cb0b42d2b1244c5be6033df1d4556f87a0ff00c24d1900e3c89fb7fd336aba9524e9cfa38ff95c8a74a2aad3eaa56dfd6dfa036836d6be274d32fa6b86b7b829f659e0553e62b91b58e7b60f38ee2b3f59b1820d625b1d2c5ddc189da222440599c120ed0bdb8fad74de0dff0089e5be9d6527fc847499e39a02dc1920de37a7fc07a8a58898e2f1ccf6848bf49b0ac87e7588ca7791dfeb592ad28cda93d5597deec9fea6dec2138294568eefcf4576bf4fb8e2ae6de7b594c5750cb0c839d922153f91a8abaa9f7dcfc3db47badf25c0d40c76858966642bf305ee467f5ae6aeade6b49de0ba89e1990e191d7047d457552a9cf74f75fa1c75697259ad9a4fef3534dd05eeada0b9bbbcb7b0b7b893ca81a7c932b6704803a28eec78accbdb7369793dbb491c862729be36cab60f507b8aebf5dbd820d3fc34534ab6bd8a4b1440d3062090c432280400d9ea793c8ac7f12e8bf64f106a56ba5c334d6f6c048c1417f294804863ec4e335951ace52f7b4bdff07636ad41463ee6b6b77eaae61574ba478646a1e1fb8bd370cb79b2496dadc01fbd48f01cfe6703e95cf5b4125ccf1c10297964608a00ea49c0aef5f55d2747f1458a2b5f9fecc41658454f29c721cf3c9c9249fa51899cd5a34f7dfeeff30c2d384af2a9b6df7f5f92383b6b79ee9cadac32cec06488d0b1c7ae05489a7deba2b259dd32be76910b10d8eb8e2bacb2d39f44f89d6d69133240d74ad19524078db240f7f4fc29ba56bba84fe2eb2b192e9bec69aa1658c70065c8c6476f6e949e224f582bab5ff31c70d15a546d3bdbf23924b5b8749192de6658ce1d8464853efe94e5b1bb658996d2e0aca711911361cffb3c73f85765e1e59d757f18922510adb5d07ce42862c719ed9c66a9dadecf0fc3490c53c8a4ea2220c1ce557cbce01ec38ed47d6257b25d57e20b0d1b5dbe8ff03959e196de568ae22922957aa48a548fc0d6d58e91671e82babeaf35c882598c10c36cabb9c8ea4b370a38fad58f1a48d35af8727958bcd269a85dc9c96c31e49ef56b46bcd4344f092df17b1bcd32e2e0c66c6e137fcc3ab7b74fe4689d594a9a6b46ddbf3d829d2846aca32d5257f4db568a1aa683147a5e9da969d25c4905ec86358240ad302339236f5e87b0ed52d9e8fa4de78a974c8a4d492098aac2f246aae1b193b830e9e9c55ad7adf4fb8f0b41afe9f66fa4dcfda0c262473b1f83f327a7e1ef5ab7873f17ac7272730f7ffa6558fb6972bd5dd297e16f5bfa9bfb18292d159b8fcd3bfa5bd0e62c748b4bad375a93cdb95b9d3d5a4030bb1d776d1ef9ac992caee388cb25adc2440025da260b83d39c62ba9f0b9b63178bbed8d27d9fc825fcac6e23cd3c0cf19aafe359ee9cd9982493fb0e4814d9aa13b02ff106e7970dd73ed5b42acbdab87f5b2319d18fb2553f2f56aefc8afe12d274dd5dee22beb9bbb79618da72f1aa9408b8ce73ce79a0786d93c5d368f3cac90c2ccef3e3a441776ffcb1f89a5f05a9326b5c123fb2ae074f65ad7bed56dee3c316d78ad9d62e634d36651d76236e2debc8da3f1a8a93a91a8d45e8f4f46fafe65d2a74a549392d56bea974fc8a1aae83a6d8789a3d315f539e38981ba7488310a4020a85c9efce4556d2347b0d44eb08b2dea4b6714b711ee5501917a061d437ad6feb0ef1fc5f88ab3a07ba814e091b86d5e3deaa68647f6ff8c791ff001e977dff00dbacd559fb34efaf2a7f896e943dab56d399afb918834bb493c2b2ea904b722e219920911c2ec258672b8e71f5acd5b2bb6b5372b6b706dc7fcb51136cfcf18adbb323fe15d6a9c8c7dbe1ff00d06ba8b79bccf10d8c5234da6ebe6d9638a26c5c5ab294207ca0e53207e1fcf575e54f9baeaff04bfabf4338e1e35397a5d2fbdb7f2e9b6973cd28a5752aeead8ca920e3a673495da70051451400514514005145140051451401ebbf05bfe40b7fff005f3ffb28af44af3bf82dff00205bff00faf9ff00d9457a257c8e3ffde267dae5bfeeb00a28aa5ad5e9d3b49bcbc09e618226936e71bb0338cd7245393b23b652514e4fa1768af2bff85ad27fd0247fe047ff006347fc2d693fe8123ff023ff00b1aeefeccc4ff2fe2bfccf3bfb5b0bfcdf83ff0023d528af2bff0085ad27fd0247fe047ff635bde0df1dc7afea2f6535afd9662a5e3fde6e0f8ea3a0e7bd454c06229c5ce51d17a1a53ccb0d564a1196afc99db5140a2b8cee38af8aba336a5e1f37308266b2265da3ba7f17e9cfe15e289f797ea2be9d951648d91c06561820f71debe70d62c7fb375cbab23d219ca0fa678fd315f4393d7e684a93e9a9f339de1f9671acbae8cfa3edff00d4a7fba29f4c83fd527fba29f5f3c7d2ad82bc8be347fc85f4effae0dffa157aed7917c68ff90be9dff5c1bff42af472bff795f3fc8f3337ff007597cbf33cee8a28afa93e4028a28a0028a28a002ba3f872bbbc67a67b331ffc71ab9caea3e19aeef1a587b073ff008e1ac313a519fa3fc8e8c22bd787aafccf791d28a074a2be30fbb03d0d7cf9e3c18f186adff5db3fa0afa0cf435f3f7c40ff0091c755ff00ae83ff004115ebe4dfc597a7ea7899e7f063ebfa339fa28a2be8cf970af78f86273e0bd3fd838ffc7cd783d7ba7c2c39f06597b3483ff1f35e5671fc05ebfa33d8c8ff00de1fa7ea8eb68a28af9a3eacf3af8d1ff207b0ff00af83ff00a09ae27e1aff00c8e9a77fc0ff00f4135dc7c671ff00124b13ff004f1ffb29ae23e1a7fc8e9a7ffc0fff004135f4584ff7097a33e5f19ff2318fac4f7a1d28a074a2be74fa80a28ae07e20f8beff00c3da9dbdbd9476ee9245bcf9aa49ce48ec456b428cabcf921b98e23110c3c3da4f63bea2bc63fe1676b5ff003c2c7fef86ff00e2a8ff00859dad7fcf0b1ffbe1bff8aaeefec9c4797de79ffdb386f3fb8f41f891ff00225eabff005cd7ff00435af04aeb75af1e6a9abe997163730da2c330018a2b0239cf1cfb57255ec65d879e1e9b8cf7b9e1e678aa789aaa74f6b7f98514515de79c14514500145145001451450015def863fe498789bfeba7f44ae0abbdf0c7fc930f137fd74fe895c98cf817aafccecc0fc72ff0cbf2670545145759c614514500145145001451450015a361adea9a7c3e5595fdc4316721036541f607a7e159d5a9a6e87757d66f79ba0b6b246d86e2e64f2d0b7f747727e82a2a725bdfd8ba7cfcdfbbbdfc889359d4d2f5ef1750b9174ebb5a6f30ee23d33e952a78875846919354bb5690e5c87fbdc639a8752d2e7d3d62791a19ade6cf973c12078df1d403ea3d0e0d51a4a14e6ae926539d583b36d7ccbf65acea562d29b4be9e232b6f7dadc337f7b1ebef5a7e17d62d2c2faeafb529afa4ba9a3922ca286cef1f78b160739ae768a2746324d5b708569c1a77bd8d0d5753b9bd22192faeae6d636cc5e7601fa9038cfbf34cd3f55d434d575d3ef6e2d95c82c227dbb88f5aa54557b38f2f2db427da4b9b9afa96c6a57aba81be17738bd273e786f9f38c75fa714db7bfbbb7bd37905d4d1dd3124caad8624f5c9ef9aad451c91ec2e79772ddeea57b7b3c735dddcd2cb1e363337dcc1cfcbe9f854577733de5cbdc5dccf34ee72cee724d43453518ad909ca4f765fb0d6352d3e168acafa78222776d46e01f51e87dc51a66ad77a74b7325bcafbee2368df2c7e6dddcfa9e4f5ef55ecadcdddc2c2258612dd1e67d8bf4cd49ab69f3e95a8cd6576104f0901b69c8e403d7f1a871a6db8b4aecd14aa24a49bb2fc06585edd69f379d63712dbcbb76ef8db071e9fa0a9a5d5b519af63bc96fae1eee2184999f2ca39e87f13546b797c2d7aa628ee6e2c2d6ea500c76d71701256cf4e31c67dc8a26e9c5de56b8535524ad0bd915cf8935b67576d5af0bae402643919eb8fc8551babdbabbb917175712cb38c62466f9863a734dbcb59ecaea5b6bb89a29e23b5d18720d434e3082d6291329d47a49b35cf8975a33094ea974640a50317ec719fe439a89b5dd55ad8dbb6a372603c18f7fca7f0acda2854a9afb2bee1fb6a8fed3fbcbd7dac6a37f088afafae2e220721646c8069ba76a97da696fb05dcd6e1fef046e1bea3a1a768fa64bab5d8b6b796da394e0209e509bc938017d4fb55d1e1aba3ab1d345d69df6be9b7ed231bb38d99c7def6a872a51bc1dbd0b8c6b4ad357ed729dc6b3a95cdd4573717f7124f17fab767fb9f4ec2a6ff848f5af33ccfed5bcf3318dde6738fad57d5f4d974bbb36d3cd6d24a33b8412870841c107d0f1d2aac11f9b3247be38f71c6f91b6aafb93d85350a728dd256f425ceac64d36efea690f11eb237e354bb1bfef7cfd7eb5563d4af62b096ca3bb996ce53978437cac7e94fd634bb8d26e520ba31333c6b32989b72956e873f8551a708d36af14ac294ea27693772f69fabea3a744d1d85f5c5b46c7732c4fb413eb51c5a85e457ed7d15d4c978c4b19d5b0e49ea73ef5568aae48eaedb93cf2d15f6355bc45acb4a9236ab78d2202158c992b9c671f90a17c47ad2b3b2eab7619fef112727eb595454fb2a7fcabee2bdb54fe67f7b34cebfab985a13a95d794c0829bf839ebc5363d73548ed85bc7a85c2c4176001b90be99eb8f6cd67514fd943f957dc2f6b53f99fde145145590145145001451450014514500145145007af7c17ff9025f7fd7cffeca2bd0ebcf7e0b8ff891df7fd7cffeca2bd0abe471ff00ef133ed72dff007587a0563f8c7fe456d5bfebd64fe46b62b3fc436925fe897d6906d12cd0b46bb8e0648c735cf49a538b7dd1d559374e497667cdc28aedff00e1596b9ff3d2cbfefe1ff0a5ff008565ae7fcf4b2ffbf87fc2beb3ebb87fe747c5fd4313fc8ce1eb6fc10d22f8b74930e7779ea0e3d0f5fd335bbff0acb5cff9e965ff007f0ff85753e02f034ba2dfbdfea7244f3a82b12c6490b9eac49efdab1c463a82a52b4aeec6f85cbf10eb46f1695f73d017a5140a2be54fb10af0ff008a36de478d1dc0c09d2393f1e9fd2bdc2bc7fe2fe3fe126b0f5f207fe866bd3ca656af6ee99e4e731be1efd9a3d760ff0054bf414fa6c3fead7e829d5e61eb20af22f8d1ff00217d3bfeb837fe855ebb5c378ffc2179e23beb59ad2782258a3284499e7273dabb72fa91a55d4a6ecb53cfcce94eae1dc20aef4fccf17a2bbf3f0bb55ff9fdb3ff00c7bfc298df0bf581d2e6c8ff00c0987f4afa2fafe1ff009d1f33fd9d89fe467074576edf0cf5c1d24b36ff00b687fc2a26f86faf8e896adf49bffad54b1b877f6d12f01895f619c6d15d71f877e221ff002ed01fa4eb519f87fe221ff2e487e932ff008d3fadd0fe75f793f52c47f23fb99cad759f0b467c6969ec921ffc74d51d53c23ad6996525ddeda08ede3c6e6f314e3271d01ad1f85233e3184fa4321fd2a3115213c3cdc1df465e1694e9e269a9ab3badfd4f721d28a0515f207db81e86be7ef1ff00fc8e3aaffd751fc857d03dabcdbc6bf0fee753d527d434db88c3cd82f14b91ce31906bd2caeb428d56e6ed747959be1ea57a295357699e4f45761ff0ae7c419ff536dff7f87f85387c37d7cff0da8ffb6dff00d6af7feb943f9d7de7cdfd4711fc8fee38daf74f85ab8f06597b973ff8f9ae1ecbe18eaf2c805d5c5ac11e792a4b9fc062bd5f43d361d234bb7b1b6c98a15da0b753dc93f535e5e698aa5529a841dddcf6328c1d6a555d4a91b2b58bd451457847d09e7bf19ffe40367ff5f3ff00b29ae1fe1a7fc8e9a7ff00c0ff00f4135dcfc67ff90059ff00d7c8ff00d05ab86f867ff23a69ff0047ff00d00d7d0e13fdc25e8cf98c6ffc8c63eb13de874a281d28af9e3e9c2bc73e329ff8a86cc7a5b7fecc6bd8eb8ff17f8263f11ea315d3df3db948fcbdab186cf24e7afbd76e5f5a146b29cdd91c199509d7a0e14d5de8787515ea9ff0aa21ff00a0b4bff7e47f8d1ff0aa21ff00a0b4bff7e47f8d7bdfda786fe6fc19f39fd938afe5fc57f99e57457aa7fc2a887fe82d2ffdf91fe347fc2a887fe82d2ffdf91fe347f69e1bf9bf061fd938afe5fc57f99e57457a84ff000b218a0924fed594ec52d8f247381f5af2fae8a189a788bfb377b1cd88c255c35bdaab5c28a28adce70a28a2800a28a2800aef7c31ff0024c3c4dff5d3fa257055def863fe498789bfeba7f44ae4c67c0bd57e676607e397f865f93382a28a2bace30a28a2800a28a2800a28a2800aebfc64a57c35e1516f9fb1fd9588c74f378ddf8f5fd6b90adbd27c4535969cfa75d5adbdfe9ecdbc41700fc8deaa4722b0ad093719c75b3dbe5637a138a52849db996ff3b9a5a03dd788d747d12e6144d2edee30f2c498624ab1c16f5201a9349167af6a3a8e9ada75a5b442195ed64863daf094e996eac08eb9ac9b9f11dd335a0b0860d3e0b493ce861b7538dffde627258e38e7b53e6f119c5e3d969d6b677778a5279e2662486fbc1549c267be2b074a6efcaad7db5d9df77fd791d11ad4d5949dedbe9bab6cbd3ceddcbef3db5bf8374dd48699a7bde1b97877343952aabfc4bfc478ea7d4d6cfd974dff0084e2df485d2acc59df44af26532e8cd196f91bf84023a0f7ae4df5c8df46b7d31f4bb636f0c9e683e6c80963c313cf71f976ab9ff096bff6ddbeabfd97682ee040887cc931c0c038cf6191f8d4ca8d477b27f6baf7dbaf42e15e9ab5dafb3d3b6fd3a93692d6b1f847579a7d3ed279ece78a386478b9f998f2e7f8871d2b474ed12c7c407c3d76f6f1dafda64962ba8e01b164f2c16ca8ec481838a8f46961ff00846b59f974b437d245225a49760654677725b729ee3bd604de23bbf3b4e7b148eca2d3f26de28c960a4fde2c4f2c4f7cd2e59cdcbd9e8efbdffbbfe63e7a74e31f69aab2d2dfdeff002fccd3d27ecbe206d56d24d3eced7cab692e2da4823d8d1943f758ff001023ae6a1d73c88b4cf0d5fc3656692dc4323caab10d8e43e0657e95566f10e20bc5b0d3adac65bd52b712c4ce4b29392aa09c283dc0a6c3af95d2ed2d2e6c2d6e9accb7d9a590b663dc72415070c33c8cd68a9cd49492d2fb5fc9afcedf9ee64ead371716f5b6f6f34d7e17fcb63a88f4fb08fe273e982c2d0d8ccaa0c6d1642feeb7657d0e6b1adbec9a978775eff897dac06c1524b79225c48017da433756c8f5ef48de2f63e201ac8d2edbeddb71b8cb26338db9c671d38aa565afc5696f7f047a4db18af70255334bf741c850777af39ebcd446955495d3ba51ebd53d7af634956a4db49ab372e9d1ad3a74668ea296ba15a6850a58dadc35dc09757324a9b9db7370aadfc3803b555f88dff23a6a9fefa7fe80b55d3c42c6cad20b9b1b6b996cb22d6690b66319c85201c3007a0356e3f12c173e209352d4b4cb471344c932e19c39c601009f94f0067a0c9357085484b9dabd93ebbea9a227529d48722959371e9b5934ff00128f839627f15692b718311b85c83d09edfae2a3f1634afe25d59ae73e6fda64073d80271fa62b3149560ca4ab039041e86ba093c4ab7334773a8e9363797c800fb43975df8e85d41c31ada51946a7b44afa58c2128ca97b393b6b73b374b7b9f12e850ea5696f7125c6941ee4491867caa310413d0f5ae5b4d36babe85abb9d3ed209b4e8d6eadde38f19507947fefe4773cd58f06ea335df8bceb3aa5edb215575779a554e4a10a154f6edc74accb9d464486e748b4b5b0b46bb751732c33ef593b80189daa9939e2b8e14a519722dd25d745abbfe1a1db3ab1947da3d9b974d5e8adf8ebf79b1addcd8e9f7ba184d1f4f65bab4864b9530f0db890428fe13d791cf4f4ae73c55a7c7a4f88afec6024c514984c9c9da40207e19c5751e22d42decd3449c41a66a2d676b14608b9dcc928c920aa9f994601e78cfd6b963ad4b22eaa6eadedee67d4082f3c89f3c6739ca7a7ff5856b8653b2925a7aefafe88cb14e17716f5f4db4fd58ef087fc8d5a3ff00d7d47ffa1574f17f647fc2c618fed1fb5ff697fd33f2f76ffcf1fad725a1ea434abf4bbfb241732c64347e6b3008c0e430da47eb57d7c46abaf7f6b0d26cbed1bbccdbbe4dbe66eceffbdd7dba7b5556a539cdb4ba5ba1142ac21049bd79afd4d41676edabf8b752bb852e0583bbc70bfdd6769080587703d2a85d4506a7e10b9d4cdb5bdbded9dc2c4cd02796b2a38e32a38c83dc76a84f89641a9dc5dc561691a5d2347756f97649c31249393907e98c54375adacb690d94361041a724be73dbac8e7ce6c632ce4eee9d318c528d3a89a76edd7a2dd7cff5f21caa5269abf7e9bb6f47f2fd3ccddf115e4165e21d21ef6d60b9b53616a25495377cb8392be8714fbeb3834ad4bc4934f63612dadbc69f655308da5a43fbbc7e1b89f5c567adc45e2dd4edadee56d34c78e1f2d66dcedb9507ca9866c679ebd697c59a939d1b47d26578dee6da20d72c841f986422123a9553f866b38c1a71875ebe9bdff0b7ccd6551353a9d2fa7aed6fc6ff002672eedbdd9b0abb893851803e83d2928a2bd13cc0a28a2800a28a2800a28a2800a28a2800a28a2800a28a2800a28a2803d7fe0bff00c806f7febe7ff655af42af3ff831ff0022fde7fd7d1ffd056bd02be471ff00ef13f53ed72dff007587a0514515c6770514514005145140051451400578b7c569c4de328a307fd5451a9fa924ff005af67760a85988000c927b57cedafea1fdabe26babd07292cff27fba0e07e8057ad94536eab9f6478b9dd451a518756ff23e898bfd5afd053a9b17dc1f4a757927b4828a28a0028a28a0028a28a0028c51450072df137fe44cd43fe01ffa18af3af84a33e2f5ff00ae127f4af45f89bff2266a1ff00ffd0c579a7c2c9961f18db0638f3639107d719fe95ee60d5f0352de7f923e7f1ced9852f97e6cf74145028af0cfa00a28a2800a28a2800a28a2800a28a2803cfbe33ffc802cff00ebe47fe82d5c3fc33ff91d2c3e8fff00a01aecfe344ca349b0849f9da72c07b053fe35c67c33ff0091d2c3e8ff00fa01afa2c22ff6097a33e6318ffe1463eb13de474a281d28af9d3e9c28a28a0028a28a0028a28a00afa87fc795c7fd736fe46be66afa6750ff008f1b8ffae6dfc8d7ccd5ef64bb4fe5fa9f399f6f0f9fe81451457b87cf85145140051451400577be18ff009261e26ffae9fd12b82aef7c31ff0024c3c4dff5d3fa2572633e05eabf33b303f1cbfc32fc99c1514515d671851451400514514005145140055a5d3af5802b657441190442dc8fcaaad77969717d3fc3a89935536d2aea0ca259ae9a3f94270a1bd3dab1ad51d349aeaec6f4292aada7d15ce267b4b9b750d716f3c4a4e019236507f3150d769a8379d747c2f7da84adb350127dbaea4dcaa9e5e31c9f53c76e6b32f744b53a05cea7626e956dae45bb79a55d25078dc8c00cf3fcea61884edcdd7f5dbef2a7866afc9adbf4dfee39ea2ba38749d2ff00e1188b579e5be016e3ecf2c4bb32edb73f21ec3eb9ad07f0d6911ebb67a735e5f11a84692db3aa27eec38f977fa9c83d3143c4c15f7ebd3b6e25859bb5adadbaf7d8e422b79a58e592286474897748caa4841ea4f614b2db4f0c6af2c13468df759d0807e84f5ae8745b465d2fc470a5e5dc135bc2c6648caf9532ab6dda78cf5cfe06a6925f37e1ed89bd9279235d5194e1b2c1447d173c0fe543aed4acbbdbf0b8e3874e376fa5ff001b1c9d15d55d787ec05ee831d9c97d341aa00c1fe40464e368e3aa9ebed585aac3691ea5241a74934902bf9624971962091b863b55c2b467b7f5d0cea50953d65fd7521b5b3babc2c2d2da79cafdef2a367c7d7029b15b5c4b23c714133c89f7956324afd4638aeb7c7d733e937f0e89a6cb25b5959c2842c4c57cc72325d88ea6ae699ad5aea5e36f0fbe9c2ea3654586e5e57cbcc403f7883f363d4ff4ac7eb1370f68a3a34dff00c3fa9d1f5682a9ec9cb54d2fbf4d3d0e04820904608e0834575373a3e9b7716b8d657574f7b601a77665511483790c17f8863b13d6a8df699650683a6ea713dd15b899e29636db91b472548f5ed9ad635e2f4feb6b98cb0f28ddfcff001b7e662515d5b787b4f8fc4da6e9cf35e182fa08a4471b03233e783c63000ed4cff847b4fbab9834ed32fe593556bb7b791244c2045ce64040e9c7af3ed4beb30fd7e43faad4fc6dbf5397c64f4c9a927b79add82dc432c44f412215cfe75d07f63e9d7569aacba65cdc03a72ef32dc32059b9c7caa391d0e393dbd6b5b585b0b8d17c3136b37378ef25b140b0e19ce5f97666ec38e3a9a978949a497f9ed72a3856e2db7d2fe5bd8e168ad0f10e9a748d6af2c0c9e6081f687c6370c020fe469ba0d9a6a1add859ca488e79d23623d09e6b7e78f273f4b5cc3d9cb9fd9f5bd886dec6eee62696ded2e26897ef3c713301f8814c8ade7963778a095d13ef32a1217ea474ae9bc53acdc45e2a96de39ae2db4fb198431c16d218c2a29e76e3b9e79ad8d1352b5d5fc5bad496064b4b19f4f977890f1bb6a83232838cf7f5fceb99e2271873b8e96bffc03a6386a729f2296b7b7fc13cf28adebbd2f4f7f0ec9a9e9535db7d9e758255b8551bf70c865c74fa1cd6869be18b2bdbcb7d3e2bb967bb9ed7ed1e7c0caf144d82763ae323a6339fc2b478882577d0ca3869c9f2aebfa9cb476d34d1bbc504b246bf79950903ea7b544318e2baaf87ef2fdab57815e4d8da75c13182705b0074ee6aa6aba558693a75ba5e3de2eb12441ded86cdb09238de71919ebb7a81d68f6f6a8e9b1fb06e9aa8be66054b1db4f244d2c704af12fde7542547d4f4aea60f0c595c5c5cd8dadd4d71730da7da7ed509578338cec200cafa75fc2a3f014d2795af45e63f9474c99b66e3b73c738e99a52c42e5728f4b7e238e19f3a8cfadff0395a2b7f49d26c26b2b19ae669a79aee7300b7b465f32203f88a9049f5edf5aced774f3a4eb17960d2799f6790a07c6370ea0e3e86b48d58ca5cab7329519463cef6fe99468a28ad0cc28a28a0028a28a0028a28a0028a28a0028a28a00f61f831ff0022fde7fd7d1ffd056bd02be77d13c4faae896cf069b70b144efbc831ab738c77fa568ffc2c0f11ff00cff27fdf84ff000af0b139655ab56538b567fd763e8b099b51a34634e49dd7a7f99eef457847fc2c0f11ff00cff27fdf84ff000a3fe160788ffe7f93fefc27f8573ff63d7eebf1ff0023a3fb730fd9fe1fe67bbd15e11ff0b03c47ff003fc9ff007e13fc28ff008581e23ff9fe4ffbf09fe147f63d7eebf1ff0020fedcc3f67f87f99eef457847fc2c0f11ff00cff27fdf84ff000a3fe160788ffe7f93fefc27f851fd8f5fbafc7fc83fb730fd9fe1fe67bbe68cd7847fc2c0f11ffcff0027fdf84ff0aab7de33d7ef6231cda8c8a878222511e7f10334d64f5afab5f8ff00909e7942da45fe1fe677bf137c5b15ad9cba4e9f286ba946d9994ffab53d47d4fe82bc9adbfe3e21ff007d7f9d4679249e49ef4aa4ab065ea0e457b786c3470f4f9227818ac5cf15539e5f247d3c9f747d29d5e11ff0b03c47ff003fc9ff007e13fc28ff008581e23ff9fe4ffbf09fe15e1ff63d7eebf1ff0023e83fb6f0fd9fe1fe67bbd15e11ff000b03c47ff3fc9ff7e13fc28ff8581e23ff009fe4ff00bf09fe147f63d7eebf1ff20fedcc3f67f87f99eef457847fc2c0f11ffcff0027fdf84ff0a3fe160788ff00e7f93fefc27f851fd8f5fbafc7fc83fb730fd9fe1fe67bbd15e11ff0b03c47ff003fc9ff007e13fc28ff008581e23ff9fe4ffbf09fe147f63d7eebf1ff0020fedcc3f67f87f99eef457847fc2c0f11ff00cff27fdf84ff000a3fe160788ffe7f93fefc27f851fd8f5fbafc7fc83fb730fd9fe1fe67a77c4dff00912f50ff00807fe862bc3b4fbb96c2fa0bbb7389a170ea7dc56c6a9e30d6b54b192cef6e924b7931b9444ab9c1cf502b02bd7c0e16587a4e9d4b3bb3c5cc3171c4d55529dd597ea7d0be18f1258ebf66b25b48ab381fbc818fce87e9dc7bd6e035f304523c320922768dd7a329208fc6b7ed3c69e20b550b1ea72ba8e9e6aabff315e7d6c9ddef4a5a799e950cf128dab475ee8fa028af0b1f10fc4407fc7cc07eb02d07e21f888ffcbd403e902d61fd915fbafebe474ff6de1fb3fb97f99ee945784ffc2c0f11ff00cfec7ff7e13fc29cbf10bc443add427eb02d1fd8f5fbafc7fc83fb6f0fd9fe1fe67ba515e1cbf11bc403acb6a7eb00ff001a1be2378808e25b51f4807f8d2fec8afe5fd7c87fdb787ecfeeff00827b8e6a9ea7a9da6996cd3df5c47044bdd8f5fa0ee6bc3ae7c71e22b80436a2d18ffa648abfd2b06eeeae2f25325dcf2cf27f7a472c7f5ada9e4d36ff00792d3c8c2ae7b04bf77177f336bc6de216f116b06750c96b10d90a375c7727dcff008558f865ff0023ad87d24ffd00d72f56f4ad42e74abe8ef2c6411dc479dac543632307835ecce82541d1876b23c28621baeab54d754d9f4b0a2bc23fe160788ffe7f93fefc27f851ff000b03c47ff3fc9ff7e13fc2bc1fec7afdd7e3fe47d17f6e61fb3fc3fccf77a2bc23fe160788ff00e7f93fefc27f851ff0b03c47ff003fc9ff007e13fc28fec7afdd7e3fe41fdb987ecff0ff0033dde8af08ff008581e23ff9fe4ffbf09fe147fc2c0f11ff00cff27fdf84ff000a3fb1ebf75f8ff907f6e61fb3fc3fccf77a2bc23fe160788ffe7f93fefc27f851ff000b03c47ff3fc9ff7e13fc28fec7afdd7e3fe41fdb987ecff000ff33dbb51ff008f1b9ffae6dfc8d7cce2ba893c7be21923647bd42ac0a91e42743f8572e2bd4cbb093c32929db5b6c79399e369e2dc5c13d2fb8514515e89e585145140051451400577be18ff009261e26ffae9fd12b82aef7c31ff0024c3c4dff5d3fa2572633e05eabf33b303f1cbfc32fc99c1514515d671851451400514514005145140076aea9efb443e114d245e5ef9ab39baddf65182c571b3ef74cf7fd2b95a2b3a94d4ed77b1a53aae9decb7d0d4d0af6d63d7adeef5b8deeedc313286f9cb1c60120fdec1c71ed5d0b6b9a5dcd8df69f7f7d7f32cd24537da8c031f237fab5881f9571d39ea7a571545454c3c66eeff00ab174f112a6b9579fe3a1d4de6a5a45c786e6d3e39a781e4be6bc082db2b18231b01ddd877f6ab936b7a3bf88744d416eaefcbb08638994daf2e63ce08f9bbe7f0f7ae2a8a5f568f77d7f1f915f5b9765d3bf4dba9d6596a3a3c0daf6ebdba23518da3422d3ee65b764fcfcfa62a17bad365f0ac5a45bdd5cc9762e8dc27fa2e03b32ed09f7b8e7bfe95ccd0090410482390453fababdeeff0e9a7617d65dad65d575eaefdcef74f926d1bc35a8c7aac0d15f695362d096076bce8411c7a0f9ab81c718abba86a97da8aa2df5dcd7010e5439cf3ebee7dcf354e9d1a4e1772ddff005f9ddfcc55eaaa968c765df7fead65f23adbbd5b48f105a5b36b6f7569a9dbc62237104624599474c8c8c1a4d3758d1ecf5ad31e04b886c74e25c39883cd72edd4b608da3d0738c7bd727454fd5a36e5bbb76ed72beb53bf3595f4d7bdbfaff33a9d2eff0048b43ae07bdba2b7f0b42845a7dddc7764fcff00862a08afb4bbaf0e45a65f5c5cc0d6b7124b1bc7007f351bb632369faf15ced14fd82bdeeeff002f4ec4fd61dad656dbaf7bf7ee76d73ad68b2f88f47d516e2ea38ece1891a0fb3ee394cf1bb70cf5eb8ed58f6dabc3a5f8b5755b067b9844ad2b2bc7e592189dcbd4f63d6b068a51c3462ad7bab5be43962a7277b24ef7f99bd7bff08f462e66b392f6e6494110c3344104049fbc581f9b1d80fc6acea97ba45e5a68b025edd2fd823f29d8da7de1bb7640dff862b98a2abd86cf99e9ff000dd85eddea9456bebdefdcebefa6d0f5ff00184d733dcde25a5d02c711ac66260a00c9248230093f9572904af6f70935bb90f138746c770720d4745553a4a0b96f756b1352aba8f99ab3bb7f79d6eab7fe1ed7a71a85f3df69f7ce07da2382212248471b9492304fbd3b4bd73498751bb99926b4b6364d630451c22462a47df76c8cb6724fd7af15c85159fd5a3cbcb776fc8d3eb52e6e7b2bfe7fd791d1db5de951785af74c37b72669e65995fecbc0da0803ef77e3e9ef5b365e27d26c2fb4eb8b56bc5b489554d8471045462a43c8cd9fde373c66b83a294b0b19df99bd7fe18218b9c2dca9696fc35ee767a2eada269174ef6f7576185acb6e264b5c33b3b6e0ff007b8dbc0c77c76accb9bfd3b53d3635d466b91a85a298e29d63ddf698c7dd0fce55874cf3c1ef5cfd154b0f14f9aeee2789938f2d95bb7f4cefa3f13e8f6da9a496ef7834f688c2b671c2234b60c982dd7f78d9efee79aa1a4ea5a169ed74a97173b64b06b1deb69cc8c79329f9bdf18eb8039ae428a85848256bbfebe45bc64dbbb4bfaf9ff5e875765ab69567a2c105bcd750cf148cd388a10ad7a376501933945c0e579fc6abf8b752d33519ae2e6c7cd7b9bb9d667f3620a610130501cfcd93cfe02b9ca2ae3878c65cf777febfafc362258994a1c9656ff2febf5dc28a28adce70a28a2800a28a2800a28a2800a28a2800a28a2800a28aa7a9ea569a641e75f4e91276cf56fa0ef4a52515793b21c62e4f962aecb94571d2f8ff004e0cc21b6bb940ee140feb52dbf8f34897fd6fda213fed4791fa1ae658ec3b76e7475bcbf1295f919d65155b4fbd8350b54b9b493cc85f386c119c7d6acd74a6a4ae8e47171767b851456ac1e1cd6678526874cbb789c065654c8607b8a529c63f13b0e3094fe15732a8ad9ff845f5dffa04de7fdfba3fe117d77fe81379ff007eea7db53fe65f797ec2aff2bfb998d456cffc22faeffd026f3fefdd1ff08bebbff409bcff00bf747b6a7fccbef0f6157f95fdccc6a2ad6a1a7dde9d2ac57f6d2dbc8cbb82c8b8247ad55ab4d357466d38bb30a28ac8d43c47a569f74d6d7978914ea012a549c6791d0529ce305793b0e14e751da0aefc8d7a2b03fe12fd0bfe8209ff007cb7f853edbc57a35cdcc56f05e079656088a11b927f0acd6268bd39d7de8d5e16ba57707f733728a05656afafe9da44a91dfdc79723aee550a4e46719e2b49ce305cd2764650a72a8f960aecd5a2b9f5f18e84467edea3ea8dfe14fb3f15e8f79751db5bddee9a46da83630c9fae2b3589a2dd94d7de8d5e16ba57707f733768a0515b18051451400515937fe22d2f4fb96b7bcbb58e650095da4e33f415a913ac91aba1055806047706a6352326d45dda2e54e714a524d263a8a28aa2028a291885049e8393400b4573c3c65a1ee23ed8463bf96d8fe54ff00f84bb43ff9ff004ffbe1bfc2b0fad51fe75f7a3a3ea95ff91fdccdea2b07fe12ed0ffe7fd3fef86ff0abda7eb5a76a0db6cef2195ffb81b0df91aa8d7a52768c93f9912c3d582bca0d2f4668514515a9905145140051580fe2fd1124746bcc3292a7f76dd47e14a3c5fa19ff0097f5ff00be1bfc2b0facd1fe75f7a3a3ea95ff0091fdccdea2b07fe12ed0ff00e7fd3fef86ff000a0f8bf4303fe3fd3fef86ff000a7f59a3fcebef42faa57fe47f7337a8acfd2359b2d584a6c263208880df2918cf4eb5a15a46519ae68bba329c2507cb2566145145512145145001451450015def863fe498789bfeba7f44ae0abbdf0c7fc930f137fd74fe895c98cf817aafccecc0fc72ff000cbf2670545145759c61451450014514500145145001dabbed1ed34cd63c330457163696b7f793496d6f711215c488a1977727ef720fd6b81ed5d75d58cf0f822d1566b513c17725d154ba8cb2a151b4800e7391d3ad72e255d455eceffd7e875e11d9c9daeadfaff95c4d2fca83c33acb5de9360f79a73c51069a125b2ce436ee7923b74acdb4f0cdf5c0b650f6f15c5d47e6dbc12b9579979e578c738e0135d26a77f65a8f82b53d456589351bbfb3a5cdbe402648df9703d0820d59d17ecda6dde81752dddbcf6cb1a6ebcb9b80e632d9fdd451e7e5c1232c47033c8ae655a7052925adf6f44bf5fbfa1d5ec2139462ddd596beb27bf9dbeeea739e05860b9d567b3bdb4b7991a095f32a6591954e307b7359e9a1cffd8b16a725cd9c76d26427992956661d4018e4d759e1bd3574cf119b8b89ad4b14b9f355ae63da0364463aff0010cfd38e9595abc2fafd845711bdac37f6086dee2cfce54408b92ad164e31d8807a8ad156bd56e2f476fd7fe06be866e85a92525ef2bd97ddf96ba7af633e2f0c5fc9b63dd02ddbc3f684b46722574c67206319c738ce6b0c722bd434936da66b7a6cb2de5b4d6cd00896fee6e448ee590e11173fbb504f248fc79ae43fe11991e47823bab55bc86d9a79e27994f3b9b0a846413b4027d33554b1376f9f6d3f5ff0081f7ea456c2592e45aebfa5bf5f5b6873d5dbf87b45b1b9d1d2c2e2053abea56f2dd5b487ac614808a3fdec31fa5729a35836a97d1dbacb144ad82f24b2040ab9193927dfa75aec753d5ee2d3c5d0259d9692c222a96b216566112f03326ec29c03d7a669e26527ee41ebbfddb7f5e42c246293a935a68b6efbff5e6721a369936ab7eb670490453b1c2acee57737f747079ab72f872f63b4bb9bccb5792d06eb8b749732c4b9c64ae3fae45755269715afc45b7bfb4b8b36d39ee05c161731feef3f7811bbd4feb55744b4952f3c55e6c96e0dc5b4d1445ae63f9dd9b7000eeee2a1e29bf7a2f4b27f8ea8b8e112f7649deed5fd168ce7f4cd26e45b43a949f608e17729025eb616761c1007703d4e067bd756ba758c5f1262d31f4db436b3c51ef89a3c843e5963b79e0e6b2752b63abf86f464b49add64d3d64b7ba8de655f2be6cefe4f2a71d466b7d110fc48b1d452e6d9ec1214cdc1b8403888ae48273d48e315955a8e576deb697e1b7f99b51a518f2a4b4bc75f5dfe5d1fe27197be1dbbb7b3bbbaf32d1c5b30f3e18e50d24009c0dc3fc09c54767a15c5c5a43732cf696915c31480dccbb0ca41c1dbc1e33c64e056ee87613c7a5f89a199add66b889638835cc5f3b6fdc71f37a1ce6ac4d24baa689a40d2974a924b483ecd710dd08b746c0fde05ff84f5e2b675e6bddbadf7f95ff003d3fe098ac3c1fbd67b6df3b7e5aff00c039db2f0dea175757b68a218ef2d0317b791f0e428e4a8c60f6efdeb5f44f0ede596b165be2d26f9ae6dda58619a6f925041e471d475abba2cd2dd789358bb9afadae336525b0b80c90abc9b00014123238c03ed599f0fa17b5f16c0f74f0c696a1965679d02ae5580c1ce0f3e99a99d59ca33bb5a2dbe5f7fea553a34e338593d5dafe8fe6b6f91cab70c7a0e7a575de1036d368dac99f4cb0b896cadbce89e488b333163c373c8f6ac68afaeb47967b610d8bb6fdcde6c11cf83ecdcf1f435d1f8145cc1a7eb7770dc5a5bcf756e52df33c687cc0c7a293f2fb66b5c4c9fb36fd2daf998e122bdaa5eb7d3cbfcc82eded340d252df50d2b4e9f5a94f9be53c44fd9e327203f3cb1ecbd875ac2bcd2668ecedafda5b3fb2ddca515a373b51ba904638033ef5d45c5a1f13f8756e6f27b4875bb42615924b98d7ed68a7186e7861d89e0fe3c505b47d43c19058db4b6df6ab3bd94cc8f3a26d52301b24e0afb8aca954e5ddeb7d7fe0797f4f536ab4b9b44b4b5e3dfe7e7bfe9a19ade1bbb4d56db4f79ecd66b98d65858ca7638638500e3a9a9ce837ba3c71dfddc5633c22e7ec8f139f336be7baf1db9ebc715d1dfdbeff167862ea19eda4b482ded83cc27455f90fcc70483d083d2b99d5ecee26f165ca2b44fe6dcb4e87cf4da537939ceec0e3df34e9d6954b26d5ad764d4a11a776a2ef7b2feba963c43a1b4de30d56cb4a812282dff007840e12240a0927af1cd63ea5a54d6105b5c3490cf6b72098a6858b2b107047201047a115dadeda2dc78db5ab91780472c2cf0476f7891fdaf85053783f28f5cf3e9516a36d6fa8f87f4d81a7b0822b09a637496d2ae2052b950b939739c0c8ce4e6a69e25c54137a595feeff3ff002dcba9855273696b776fbff2b6bf8ec60f810413f88ad6caeeced6e61b97d8de72162a0027e5e78ad9d3ad20d4f54bcb3bfd06dad2c6312ffa6c313c2610b9dac49383d071591f0f6127c4b6574f2411416ce1a5696554c0208e3279fc2b76d27b8bdbcd7343d66f9265ba89a5b3325c2c88b2062530d921723b7b51886d54972be8baedaeff0070615274a3ccbabe8b5d168fd59c7697a54fa8453cc8f0c36b6e0196e276da899e83b924fa019a9a6d02fd2eecade248ee3edbcdb4903ee49477c1f6ef9c62ba27b6b66f0f5ee81637109bf8e686e8ab4ca04adb009115b804a9ed9a7daadbc71786f45b9d456d6ea2b89679a686504dbeeced40e380c7f4ab78996ad7dde56bdffaf4dcce3858d927f7dfaded6fbbfcf6399bdd0ee2d6c64bb59adae218a5f26630b92627ec18100f6eb52699a4dc0b58b5290d847034863856f5b0b3b0ea00ee07a9c0cf7aeb1a0171a1eafa5a0b1b6bc9668a6107da95e42a1fe679252705bbe33c0edcd676b76b0eada169b0691750bc7a734d6f2896554214be564e48c820672294711297bafbefe56bfe2f42a5868c7de5db6f3bdbd745a99de3db286c3c4260b7b78edd7c8899a38c60062bcfeb5ced76de27d2ceb3e29b58ecaf6ccc53db46b1cf24c36b15419040c904f1c115c5ca8d14af1be3723153839e41c1adf0b34e9c537ad91cf8a838d5934b4bb1b45145741cc145145001451450014514500364758e377738550589f615e496aefe2bf16442f1d845239c283f75064ed1e95eaf7b119ece7854e0c91b20fc4115e29a55dcda36ad15c04fdedbb90e878cf623f9d78f9a4f9654d4be1bea7b993d3e685570f8eda7e27b4da59db5ac0b0db41145128c055515c87c44d0ed8e9ada8dbc4914f130f3360c075271cfb8e2ba7d1b56b4d5ad84d65286fef21e190fa1156ee6de2ba81e1b88d6589f86461906bbead286228b8c6d66b43cda35aa61aba9caf74f5fd4c9f0547e5785f4f18eb1eefcc935b74c862482248a14548d06d555180053eb6a50e482876461567ed2729f76d887a1afa33c2836f8674bff00af68ff00f4115f399fba6be8ff000d8c787b4d1ff4ed1ffe822bc9ce7e08fa9ed645fc49fa19d2f8dfc3d148f1bea281d09561b1b82383da99ff0009d7873fe8269ff7c37f857876a7cea7787fe9bbff00e846ab554727a2d5eeff000ff22659dd74dae55f8ff99ef5ff0009d7873fe8269ff7c37f856ae8dad69facc72be9b702758c8562011827eb5f3857ad7c151ff12bd48facebff00a0d736332ea74293a916ee7560734ab88aca9c92b7f5e662fc66ff0090fd8fafd9bff6735e7f5df7c6539f115a0f4b51ff00a1357035eae03fdde1e878f98ffbccfd42b3f50d1b4fd4726f6ce19588c6f2b86fcfad68515d528c64ad25738e33941de2eccf04d4edc5a6a3776c849114ac809f4078af62d17c3fa6d85bdbb4367179caaa7cd65cbe71d735e47af9cebda89ffa787ffd08d7b8db7fc7bc5fee2ff2af0f2aa70752a5d6db7e27d0e71566a953b3dd6bf812554bdd36cafb1f6db58672a300c880902add15ee38a92b347cf464e2ef1763c83c7fa45be93ab46b629e5c3347bc267214e4838f6af43d07c39a769b6f6ef1dac6d72aa0999c6e6dd8e48f4ae43e2aff00c8534eff00ae27ff0042af4887fd527fba3f9579584a34d626ae9b5ade47b18caf51e128fbcf5bdfcec3e8a28af58f1829b23ac71b3b9c2282cc7d00a75731f10751fb0e812448712dd1f287fbbd5bf4fe759d6aaa953737d0d685275aa469aea799eaf74fa86a1737ae0ed9e42549e98ec3f2c57a8780750fb7787a1563996dbf72df41d0fe558da978736780a1454ff4ab71f693c7249fbc3f2fe558ff000df51fb2eb66d9db115daedff810e47f515e161b9f09898fb4fb6bf3ff00827d0e2b93198497b3fb0ff05ff00f54a281457d09f321411918a28a00e63c53e1fd31b45bd9d2ce28a68a36915e35da7239ed5e7de11b586f7c436505d46248598ee53d0e0135eade25ff00917b52ff00af77fe55e61e04ff0091aac3eadffa09af0b1f4e0b154d25bdbf33e8b2eab3784aadb7a5edf71e8f3f85f469a32ada7c2bee99523f115e73e2dd05b40bf8cc323b5bcb9689cf0ca47504fafbd7b05711f14caff65d88246ff3ce077c6de7fa574e6385a5ec5cd2b34726578babede34dc9b4fb96fe1febb2ea9672dbde36fb9b7c7ce7aba9e99f7aeb2bcf7e15db3f9ba85d107cbdab103ea7393fd2bd0aba32f9ca7878ca7b9cd9953853c4ca30d828a28aec384c4d6744d264d3b51925d36dde6681cac8a36b23e321811df23bf5e6bca7c3f6d1deeb1636f3826296455600e322bd9b56ff00905de7fd717ffd04d78ff84bfe462d33febb2d783995282af4ecb7dfef3e8f2aad3787ab77b6df733d33fe110d0ffe7c17fefb6ff1acbf12783f4e1a45c4b610982e214322e1890d8e4839f6aec8564f88f59b4d1ed51ef6379126631ec400e4639ebdabd3ad87c3aa6dca292ef63c9c3e2b12ea45424dbed7313e17441744b897bc93919fa01fe35d9557b0b7b7b7b655b4852089be7d88bb7afb558ad70d4bd8d28c3b18e2ab7b6ad2a9dc28a28ad8c028a28a0028a28a002bbdf0c7fc930f137fd74fe895c1577be17ff9261e26ff00ae9ffb2a572633e05eabf33b303f1cbfc32fc99c1514515d6718514514005145140051451400526d1e83f2a5ad1f0fe9c9a9ea2219e530db468d34f2819d91a8c93fc87e34a52514e4c718b9b515d4cec0f4a4c0f415a9e24d29b46d6ae2cb7991170d1498fbe8c320d571a6df998442c6ecca57704f25b711eb8c74a51a91945493d1952a728c9c5ad514f68f41f95181e82a58e196598431c523cc4e046aa4b67d31d6ae59d885d520b5d562bbb759182e026d7049c0386ed4dc9226306f633b03d07352432bc3bfc9729bd4a36de32a7a8fc6b4f5cd1a6d3f51d422822b89ad2d653199fcb3b78f520605675adb4f7727976b04b3c98ced890b1c7d052538ca3ccb629c250972b5a90e01ea33460631818ab1159dccb33c315b4ef327de8d6362cbf518c8a9ec74f964b9b53756d782d247f99e285989507e62bc72450e697512837d0a1b57d07e546d5f41f956edae8f6f75aaea4239678b4bb2569649644c48101c01b4e3e627819ab5a2e95a3ea5a7ea574f26a509b28fce78d446f9524800138c9f5c8159cabc62aefcbf1348e1e52765e7f86e73181e828da3d07e55d2c1a56937b65a84b6526a8b2db5ab5cafda1230ae0103191cf5354752d3224d2ad754b0691ad26730ba4982d0ca39da48e08239069c6b45bb0a542495fe6646d5fee8fca8201ea056d78534eb2d5b548ec6f65ba89e63889a1552010093bb3f4ed53eafe1c36de21b3d3ec6569e0bd11bdbcac002cafdce3d39a1d7829f23ded705879ca1ed12d2f6f99cf100f500d181e82ba9f15787acb4b92dadf4c96faf6e678c4ea446a50c64919e39cf1e98ae792d2e5cc812da76319c3858d8ecfaf1c7e34e9d58d48f32d85528ca9cb965b90018e94981e82ac2595d3c51c896b70d1c842a38898863e80e3934f1a6df19a484595d19a31b9d042db947a918e055f32ee47249f42a6d1e83f2a303d056e697a4db5fe83a9dd23dd0bdb2556f2c2828fb9b6803be6b26eada7b493cbba825824c676ca854e3d706a635149b8add152a728a527b3febf421da3d07e5460631818ab33d95d5bc492dc5adc451bfdd7923650df42455a8acedbfb06e2ea75bd5bbf314424447c964ee4b63af5ef4dcd25712a6db68ccda3d07e54607a0a5ad9d37417bab682e6eef2dec2dee24f2a069f24cad9c1200e8a3bb1e289cd415e410a729bb4518a403d40a30318c0c55a9ece58f5096ce3c5cca9218c1832e1c83d571d6a3b9b79ed65315d432c320e7648854fe469a927b09c5add10e0631818a5c0c631c51453244c0c630314607702968a007c123dbccb2c0c63954e5597820fad328a2818514514005145140051451400514514005721e2ff08aea8ed7960563bcc7cea78593fc0d741ac6ab6ba45a8b8be7658cb6d1b577126aec4eb2c6ae872ac0303ea0d615a9d2ae9d29ebfa1d142ad5c3355a1a7e4cf0d74bdd22f70c26b4ba4faa9ffeb8aebfc3fe3b911961d6543a1e3cf41823fde1dff0aee753d36d353b730df4092a7627aafd0f6af2af16f87db42bb4d8e64b49b3e5b1ea08eaa6bc4ab87af97fef294af1feb747bf471387ccbf755a3697f5b3fd0f5e86549a249227578dc6e565390453eb8bf85d73249a55d40ec4a4328d99ec08c915da57b987adede92a9dcf9fc4d0f615654af7b087ee9fa57d23a00c683a78ff00a778ff00f4115f3737dd3f4afa534518d1ac47fd308fff004115e5e75f0c3e67af90fc73f447ce77e737d747d657ff00d08d4152dd1cdd4e7d646fe66a1c8af663b1e14b762d7aefc161ff00126bf3eb71ff00b28af22af60f8303fe243787d6e7ff006515e7e6bfeeefe47a593ffbd2f46733f188e7c4f00f4b55ff00d09ab85aedfe2f9cf8a907a5aa7fe84d5c456f81ff007787a1cf987fbccfd42814515d4721e13af7fc87751ffaf87ffd08d7b95b7fc7bc5fee2ff2af13f162797e24d5147fcf763f9f35ecba44eb73a5da4ca7224851bf4af132ad2ad58ff5bb3dfce35a3465e5fa22dd14515ed9e01e69f1539d5b4e1ff4c8ff00e855e9318c228f400579bf8e97edfe34d3aca3e4811a11f56cff002af4af5af3f09ad7ad2f35f81e9e31db0d423e4dfdec28a28af40f302bccbc4da95b6a3e32b78ae6609a7da384663c8c8396fd401f85777e21d40699a35d5d67e644c27bb1e05709e07f0d5beaf6b7179a9091d0bec40ac5727ab13f9d7998f94ea4e387a7bbd5fa23d6cba30a509e26aecb456deefb1d7b78ab42652ad7f11523046d6e47e55e5133a5a6a8f25849bd219b742e38c80722bd3ffe108d13fe784dff007f9ab92f1cf8720d1c5bdc580716f2128eacdbb6b76e7deb9330a7899c154a897bbdaf73b72cab8585474e9b97bdded63d274abd8f50d3edeee2fb93206c7a1ee3f3cd5aae13e17ea5bedae34d90fcd11f363ff74f51f9ff003aeeebd6c2d6f6f4a33feae78b8ba1f57ad2a7db6f40a28a2ba0e6337c4bff0022f6a5ff005eeffcabc8fc3ba82e97abdb5e491b48b1139553827208feb5eb9e25ff00917b52ff00af77fe55e5fe0500f8a6c01008cb75ff0074d7879926f134945d9ffc13e832a69616ab92bad7f23a797e224017f77a74c5bb6f9001599a7dadcf8ef53b99aeef60b58ed11488064b142d8f9077e7a93ea2bbed6349b6d52c25b69e341b87cae14650f622bc807db3c3fad7fcf3bab67fc187f5045463bdb539455797342fdac69977b0ab19bc3c796a25a5ddcf65d36c60d3ace3b5b44d9120e07727b93ef56ab3f42d560d5f4f8eeadce33c3a67946ee0d6857b94dc5c5386dd0f9ea8a6a6d4f7ea14514559054d5ce34abd3ff4c1ff00f4135e29a4b5caea16ad6033741c794300e5bf1af6ad63fe4137bff5c1ff00f4135e41e12ff918b4cffaecb5e1e6aaf5a9afeb73e83277cb42abfeb66753f69f1bff00cf06ff00bf695cdf8867d5e6bd8535d12ac8bf715d428c13ce31c57b28ac2f13f87535d36a4ce6068189c85dd9071c7e95b6272f9ca9b509b6fb366384cca9c6a273a718aee96a6e47c201ec29d556eaf6d6c4442eee2387cc3b10b9c64d5a0722bd54d6c78cd34aec28a28a620a28a2800a28a43f74fd2810b5def863fe498789bfeba7f44ad1d557c31a0699a3b5f682b732dddb2c8590e390ab9ce4f7cd57b7f1a786edf4fb8b183c3f325a5c1ccb1065c3f4ebcfb0af32ad695782e483b5d76e8fd4f5a8d0861a6fda5457b35d7aaf43ce68af4cf0e5d784b5cd5e1d3e1f0e794f28621dd8103009ec6b81d7618edf5bd4618502451dc4888a3a0018e0575d2c47b49b838b4d2beb638eb61bd9c15452524ddb4bfea8a345145741cc145145001451450015d56931dae9de13ba9f51174a75493ece9e428dc2242198fcdc60b607e15cad68dcebbaadd5ab5b5cea3752dbb000c6f212a40e9c56556129a496d7d4da8ce34db6f7b68745e2658357f0ae9baa58f9ecd627ec331980de57aa31c71f8fbd375cd4aee1f0ef853caba9519a27767590866224e327a9c7f5ac0835ed5a0b55b68752bb8edd57608d642140f4c52bf8835793cbdfa95d3796db932ff74f4c8fceb08e1e4ac9d9a4dbfbefe5e6744b130776ae9b493f95b5dfc8ecf516683c6fe2764b5696d4db66e5a29845246855496527be7b77acbd43649a7f8765b0bc6b8d2d2f4c7189e20b32396048639c30f715cfbebbaac97297126a374f3202aaecf9201ea3dc703834926b7a9bdcc570d7f71e7440ac6c1b1b01eb81d066a61869c6db68bf256febf52a78a84b9b7d5fe6efdff0fc8ee62d42e6e7e25ea96b2cee6d447711793bb09b4267eef4ebcd63698f6f07c3b12aaddb092f76dd35a4811800bf206241f97fad618f116b2256946a976256014bf99c903b67f1350db6b3a95b5dcb756f7d711dc4dfeb1d5b97faf6342c2c92b69a5bf0bf97983c5c5b6ddf5e6f95ede7e5f89d6d95f4971e2ff0bca60b9b6774442f34a0c9708090acf803d3bf5001aca3aeea136bb0593dd38b58f53de88bc6099318c8e718e31d2b1e3d63528ef65bc4bfb95bb9061e60e7730f4cd27f6bea3f6e17bf6d9fed617689b77cd8f4cd52c359ecb6ff003ff321e2aead77bdff002ff23b1d4583c5f10218cfefbed11c8477281f9acdf04bf95a3789e430a4c059afc92292adf31e0e08fe758d0ebda926a02f25b97b89b6189bcff9c3c67aa30ee0d106bfa9daa18b4fbdb9b3b60c4a4114a76a64e7033cfe74beaf35070ef6fc2dfe457d660e6aa3be975f7dff00ccd577fedab1636d9b0feced36469628919524fde93b464f43b81e7bd32d7e4f8777a1f9f3b518d611dcb05e71f8566dc788758b982486e354bc961906d7479090c3d0d437fa9cd771db42aa96f6f6c088628b38424e4b64f2589ea4d5aa33d13daf7fd7f33375a1ab5bdadfa7e5f89b1e09b5b8b4f1c69b0dd412c32a484b248a548ca36322b474dd56dd7c26f3ced8d574bf32ded54f5659b807d7e5f9bf2ac09fc4baac97af7515ecf04ad1a44cd1c872cabd327a93924fe35466d42f27be5bd9aea692ed4822666cb823a73ed532a12ab2e69f97e17bfc9dda2a1888d28f2c2fbbfc6d6f9ab2675faebbc3ae783d919e302ced54b02471bf904d5ad2527ff858be21282510a8b9326321791f2e7fa57197dad6a97f0f937da85cdc45b836c91c9191d0d4c7c49ac992273aa5d178c1084bf4c8c7e3c77351f569f272e9b35f8dcb58ba7cfcdadae9fe16ee6a68b79345f0fb57314eea56e604521cfca08e71e99f6f5ad2bdd4aec4fe09717728692288b90e72ff00bc0bf37af1c73ea6b963af6ac61784ea573e53e7726fe0e7af14ade21d619a366d4eecb467284bfdde31c7a71552c3c9c9cacb76ff000b762638a8c62a377a24bee77ee7616de74377f107fb3f2b2ae76f97d47ced9c7be3354b4d17175e13d1582acf7ebab6db1139c864c65873fc3915cbc9acea724fe7497f72d3654eff0030e7e524af3ed93f9d36eb55bfbbb986e2e2f27926871e5b96c14c73f2e3a7e1496165e5d3f0561bc5c3cfafe2ee76d3859743f18c9e6497121daf21442b02481f958c37271ddb8ed5951c33d9f833c476973265a1b9b61b4312ab9e703d3ad629f10eb06f05d1d4aebed014a07dff00c27a8c74a6aebdab2c2f12ea57423724b2efe1b3c9cfae72688e1ea455b4dd3fbade5e5f8fde4b134e4efaecd7df7f3f3fc3cf46c926946c76c56b7cb79b40f31a7531eeee76edce3af19ae975dbd820d3fc34534ab6bd8a4b1440d3062090c432280400d9ea793c8ae2874abf61ac6a5a7c2d1595f4f0444eeda8dc03ea3d0fb8adaa51bd9ae9e6cc2957e5ba7d7b25dceabc8b1d1f59f1269767749673cb0a25a4f2bed11938678cbf6241c67daaaeab6b22781236bdba82ea782ffcb89a39bcdd8ac9964ddd3a807009c560693a845697734b7b671dfacb1b232cadc82dfc40f386f7a76abab35edbdb5a43025ad8db67ca85096f98f56663cb31f5ac9519a9af95dfa2b7a9b3af07097cd25af577f4d3fcb43368a28aed38428a28a0028a28a0028a28a0028a28a0028a28a0028a28a00e6be215b7da3c3170c064c2eb2fe00e0fe86b3be1f788629ac934dbb9425c45c4458e37afa7d4576375047736d2c132ee8a5528c3d41ae2eefe1e5b3126d2fa68fd048a1b1f8f15e76229568d755e8abe9668f4f0d5a84f0ef0f5ddb5ba677383e86bce7e285fc32cd696513069612cf2639da4f007d6ae45e0ed5906c1afc8b174c297ff001ad6d13c21a7e99289e4dd77720e4492f407d40f5f7a55957c543d97272a7bb6ff00c8ac3bc3e12a7b5e7e66b64935f7dc4f016932699a2e6e14acf70de6329eaa31c03ef8ae968a2bba8d254a0a11d91e756ab2ad51d496ec46fba7e95f4ae9608d26d07710a0ff00c7457cd67a57b2dafc47d0e1b58633f6b251029c45e83eb5e666b46a55515057dcf5b26af4e8b9ba92b5edfa9e67af787b54d1c79fa8db7931cb21543bd4e4f27b1af64f04d9dbbf84f4a67b78998c0a49280935e7df113c59a778834fb586c04e1e294bb7989b46318f5af4af050c784f4a1ff4ec9fcab9f1f52acb0f075159dceacba9528e2a71a4ef1b1e4de38b196f3c7d75656112996428a8830a09d80fd2bd13e1968f7ba368b3c1a8c3e4caf3970bb81c8c01dab87d7f50874cf8a925edceef2619559b60c9c7978e0575e3e26e878fb979ff007ebffaf558a55ea50853a71bab22306f0f4f1152ad495a4a4d7c8e2be2d1cf8b987a5bc63ff42ae32ba0f1d6b16dae6bef7964241098913f78b83919cd73f5eb6162e1463196f63c6c64d4ebce51774d8514515b9ce7967c4bd2e4b6d586a08a4dbdc801987f0b818c1fa8a9bc0fe2e874eb6161a9965814feea6033b73d88f4af48b9b78aea0786e2349627186471906b8cd47e1e5a4aecf617525b67f81c6f51f43d6bc7ad83ad4ab3af87d6fba3dca18ea15a82c3e2b4b6ccea60d674d9d3743a85ab0ffaeaa3f99aa3abf8a74ad361666ba8e7940f9628583331fc3815c97fc2b8b82dcea16f8ffae4735a9a5fc3db1b770f7d3c9758e7601b14fd7bd6cab6366aca9a5e77307430107ccea36bb2453f0359dc6afae5cebf7cb85c9f2bd0b1e38f6038af42a643124312c7122a46830aaa3000a7d75e1a87b0872deef76fbb38b1588788a9cd6b2d92ec8290900127803b9a5ac3f1178761d72485a7b99e111a95db1e30727be6b4a929463782bbfb8ca9461295a6ecbbdae71df1175c8ef668ec2ce4124309dd2329c867ec07ae2bb7f0a47043e1fb18ed9d1d444092a41f98f273f89ac0ff00857963ff003fb75f92d4f63e06b4b3ba8a78af6ef31b87dbc00707be2bcca34f151af2ab38277f3d8f5ebd4c24f0f1a34e6d5b5db7675d58de2fb48ef3c3d791cac89b53cc46638019791fe1f8d6cd731acf83edb55bf96ea7bbb953210762e0a8c0c719aefc4a93a6e308defa6f63cdc2b846a294e5cb6d76b9e6da06a4da56ab6f78a095438751dd4f515ed165796f7b02cd69324b1b0c82a73f9fa5725ff0af2c7fe7f6ebf25ab1a7781ed2c6f61b98af6eb746e1f1c00d8ec715e6e068e2b0d78b8dd3f33d4cc2be131769a93525e5b9d6d14535d77a32e48dc08c8ed5ec9e1991e2fb98edbc397e657552f114504f2c4f000af32f075c456be24b196e1c2461882c780320819aecdfc016721cc97f78c7d5b069bff0af2c7fe7f6ebf25af171343135aac6aa825cbe67bd85c4612851952736f9bcbcac768a415c8e47a8ae57c75e1efed4b4fb55aa66f601d07fcb45f4fa8ed56342f0a41a45f2dcc3797521552a11c8dbcfd2ba3af45d3788a4e15a36bf9dcf2e35161aaa9d095ede56f91e2be1cd6ae343bff3a2cb44df2cb11e370fe8457aee97a9da6a76eb3594e92291cae7e65f623b1accd63c25a66a7334d246f0cedcb3c271bbdc8e95903e1eda2b663d42e90fa855cd70e1a8e2b097824a51f5b1e8e2abe0f1a94e4dc25e973b7a2a2b584416f142199846817731c9381d4d41ab58aea3a7cd68f2c912c8002f19c30e735eb36f96e96a78c9272b37a772bf892f20b3d1af1a795133132a8279624100015e47e1eb88ed35ab09e76db1472a966f41eb5de37c3eb27397bebb63ea769a4ff857963ff3fb75f92d78b8aa18ac4548cd412e5f33ddc1e230986a72a6e6df3791d526a562ca0adeda907a1f397fc691f53b1442cf7b6aaa3927cd5ff1ae50fc3bb0c7179720ff00bab4c3f0ead73c5fcfff007ed6bb3db62ffe7dafbce154705ff3f5ff00e02636a77fff00094f8b6d20873f635902267ba83966fc71fcabd4c74e3a573be1df0a5a68b72d711cb2cf395da19c01b477c015d15560a8d4a6a53abf149938eaf4ea38c28fc315ff000e145145769c014514500148df75be94b48df75be9408ef3e267fc82fc2dff005e5ffb2a57095e93e3ad2350d4f4af0d369f673dc88ecc0731ae76e55319ae43fe114d7bfe8117bff7eeb87055611a29392ebd7cd9e8e3a8d49576e316d69d3c91a1f0bffe476b0ff764ff00d00d63f897fe462d57febea4ff00d08d757f0f3c3fab58f8b6cee2f34eb982050e19dd300654815ca7897fe462d57febea4ffd08d553946589938bbfbabf364d484a1858a92b7bcff2466d14515d870851451400514514005145140051451400514514005145140051451400514514005145140051451400514514005145140051451400514514005145140051451400514514005145140051451400514514005145140051451400514514005145140051451400514514005145140076af6cf0df8b742b4d034fb79f5281258edd11d4e7820723a5789d15cb8ac247129464ed63af078c9e124e5049dfb9b9e36bb82ffc517f73672acb048ca55d7a1f94561d145745382845417439ea4dd49b9beba851451544051451400514514005145140051451400514514005145140051451400514514005145140051451400514514005145140051451400514514005145140051451400514514005145140051da8a28037a0f17ebf0431c516a932c71a85550abc0030074a7ffc269e22ff00a0b4ff00f7ca7f8573d4565f57a5fc8bee46df59acbedbfbd9d0ff00c269e22ffa0b4fff007ca7f85615c4d25c4f24d3b9796462eec7b92724d47455429421f0a4889d5a95349c9bf56145145590145145001451450014514500145145001451450014514500145145001451450014514500145145001451450014514500145145001451450014514500145145001451450014514500145145001451450014514500145145001451450014514500145145001451450014514500145145001451450014514500145145001451450014514500145145001451450014514500145145001451450014514500145145001451450014514500145145001451450014514500145145001451450014514500145145001451450014514500145145001451450014514500145145001451450014514500145145001451450014514500145145001451450014514500145145001451450014514500145145001451450014514500145145001451450014514500145145001451450014514500145145001451450014514500145145001451450014514500145145001451450014514500145145001451450014514500145145001451450014514500145145001451450014514500145145001451450014514500145145001451450014514500145145001451450014514500145145001451450014514500145145001451450014514500145145001451450014514500145145001451450014514500145145001451450014514500145145001451450014514500145145001451450014514500145145001451450014514500145145001451450014514500145145001451450014514500145145001451450014514500145145001451450014514500145145001451450014514500145145001451450014514500145145001451450014514500145145001451450014514500145145001451450014514500145145001451450014514500145145001451450014514500145145001451450014514500145145001451450014514500145145001451450014514500145145001451450014514500145145001451450014514500145145001451450014514500145145007fffd9, 'Blue Keyboard PS/2', '196.43', 10, 99, 99, 29, 0, '');
INSERT INTO `order_used_product` (`product_id`, `current_quantity`, `product_code`, `product_image`, `product_name`, `rate`, `threshold`, `brand_id`, `category_id`, `product_entity_id`, `damage_quantity`, `product_content_type`) VALUES
(100, 147, '', NULL, 'Blue USB Mouse B -203', '135.59', 10, 100, 100, 34, 0, NULL),
(101, 277, '', NULL, 'Blue Keyboard PS/2', '196.43', 10, 101, 101, 29, 0, ''),
(102, 25, '', NULL, 'Blue USB Mouse B -201', '165.25', 10, 102, 102, 32, 0, NULL),
(103, 277, '', NULL, 'Blue Keyboard PS/2', '196.43', 10, 103, 103, 29, 0, ''),
(104, 277, '', NULL, 'Blue Keyboard PS/2', '196.43', 10, 104, 104, 29, 0, ''),
(105, 102, '', NULL, 'Blue Wireless Combo Keyboard + mouse', '647.32', 10, 105, 105, 30, 0, NULL),
(106, 138, '', NULL, 'Blue Keyboard USB', '178.57', 0, 106, 106, 28, 0, 'image/jpeg'),
(107, 147, '', NULL, 'Blue USB Mouse B -203', '135.59', 10, 107, 107, 34, 0, NULL),
(108, 87, '', NULL, 'Blue Wireless Mouse 2.4GHZ', '254.24', 10, 108, 108, 31, 0, NULL),
(109, 138, '', NULL, 'Blue Keyboard USB', '178.57', 0, 109, 109, 28, 0, 'image/jpeg'),
(110, 0, '', NULL, 'Blue Power Code 1.5  Mtr', '50.00', 10, 110, 110, 42, 0, NULL),
(111, 277, '', NULL, 'Blue Keyboard PS/2', '196.43', 10, 111, 111, 29, 0, ''),
(112, 0, '75', NULL, 'Blue Power Code 3  Mtr', '75.00', 10, 112, 112, 43, 0, NULL),
(113, 0, '8504', NULL, 'Blue Smps 450 Watts', '466.13', 1, 113, 113, 107, 0, NULL),
(114, 0, '75', NULL, 'Blue Power Code 3  Mtr', '75.00', 10, 114, 114, 43, 0, NULL),
(115, 0, '8504', NULL, 'Blue Smps 450 Watts', '466.13', 1, 115, 115, 107, 0, NULL),
(116, 138, '', NULL, 'Blue Keyboard USB', '178.57', 0, 116, 116, 28, 0, 'image/jpeg'),
(117, 138, '', NULL, 'Blue Keyboard USB', '178.57', 0, 117, 117, 28, 0, 'image/jpeg'),
(118, 138, '', NULL, 'Blue Keyboard USB', '178.57', 0, 118, 118, 28, 0, 'image/jpeg'),
(119, 277, '', NULL, 'Blue Keyboard PS/2', '196.43', 10, 119, 119, 29, 0, ''),
(120, 87, '', NULL, 'Blue Wireless Mouse 2.4GHZ', '254.24', 10, 120, 120, 31, 0, NULL),
(121, 2, '8471', NULL, 'Blue keyboard USB MINI', '236.61', 10, 121, 121, 52, 0, NULL),
(122, 277, '', NULL, 'Blue Keyboard PS/2', '196.43', 10, 122, 122, 29, 0, ''),
(123, 102, '', NULL, 'Blue Wireless Combo Keyboard + mouse', '647.32', 10, 123, 123, 30, 0, NULL),
(124, 25, '', NULL, 'Blue USB Mouse B -201', '165.25', 10, 124, 124, 32, 0, NULL),
(125, 147, '', NULL, 'Blue USB Mouse B -203', '135.59', 10, 125, 125, 34, 0, NULL),
(126, 25, '', NULL, 'Blue USB Mouse B -201', '165.25', 10, 126, 126, 32, 0, NULL),
(127, 277, '', NULL, 'Blue Keyboard PS/2', '196.43', 10, 127, 127, 29, 0, ''),
(128, 102, '', NULL, 'Blue Wireless Combo Keyboard + mouse', '647.32', 10, 128, 128, 30, 0, NULL);

-- --------------------------------------------------------

--
-- Table structure for table `payment`
--

CREATE TABLE `payment` (
  `payment_id` bigint(20) NOT NULL,
  `bank_name` varchar(255) DEFAULT NULL,
  `cheque_date` datetime DEFAULT NULL,
  `cheque_number` varchar(255) DEFAULT NULL,
  `due_amount` decimal(19,2) DEFAULT NULL,
  `due_date` datetime DEFAULT NULL,
  `paid_amount` decimal(19,2) DEFAULT NULL,
  `paid_date` datetime DEFAULT NULL,
  `pay_type` varchar(255) DEFAULT NULL,
  `total_amount` decimal(19,2) DEFAULT NULL,
  `order_id` varchar(255) DEFAULT NULL
) ENGINE=InnoDB DEFAULT CHARSET=latin1;

--
-- Dumping data for table `payment`
--

INSERT INTO `payment` (`payment_id`, `bank_name`, `cheque_date`, `cheque_number`, `due_amount`, `due_date`, `paid_amount`, `paid_date`, `pay_type`, `total_amount`, `order_id`) VALUES
(1, NULL, NULL, NULL, '0.00', '2018-01-01 12:11:49', '3895.00', '2018-01-01 12:11:49', 'Cash', '3895.00', 'ORD1000000001'),
(2, NULL, NULL, NULL, '1744.00', '2018-01-01 00:00:00', '1000.00', '2018-01-01 13:06:00', 'Cash', '2744.00', 'ORD1000000007'),
(3, 'SBI', '2018-01-05 00:00:00', '123456', '1244.00', '2018-01-01 00:00:00', '500.00', '2018-01-01 13:08:03', 'Cheque', '2744.00', 'ORD1000000007'),
(4, NULL, NULL, NULL, '0.00', '2018-01-03 00:00:00', '400.00', '2018-01-03 13:08:03', 'Cash', '400.00', 'ORD1000000019');

-- --------------------------------------------------------

--
-- Table structure for table `payment_pay_supplier`
--

CREATE TABLE `payment_pay_supplier` (
  `payment_pay_supplier_id` bigint(20) NOT NULL,
  `bank_name` varchar(255) DEFAULT NULL,
  `cheque_date` datetime DEFAULT NULL,
  `cheque_number` varchar(255) DEFAULT NULL,
  `due_amount` decimal(19,2) DEFAULT NULL,
  `due_date` datetime DEFAULT NULL,
  `paid_amount` decimal(19,2) DEFAULT NULL,
  `paid_date` datetime DEFAULT NULL,
  `pay_type` varchar(255) DEFAULT NULL,
  `inventory_id` varchar(255) DEFAULT NULL
) ENGINE=InnoDB DEFAULT CHARSET=latin1;

--
-- Dumping data for table `payment_pay_supplier`
--

INSERT INTO `payment_pay_supplier` (`payment_pay_supplier_id`, `bank_name`, `cheque_date`, `cheque_number`, `due_amount`, `due_date`, `paid_amount`, `paid_date`, `pay_type`, `inventory_id`) VALUES
(1, NULL, NULL, NULL, '6000.00', '2017-12-26 16:57:01', '844.00', '2017-12-26 16:57:01', 'Cash', 'TSN1000000016'),
(2, NULL, NULL, NULL, '16.00', '2017-12-29 20:09:00', '2000.00', '2017-12-29 20:09:00', 'Cash', 'TSN1000000021'),
(3, NULL, NULL, NULL, '6.00', '2017-12-29 20:13:14', '10.00', '2017-12-29 20:13:14', 'Cash', 'TSN1000000021');

-- --------------------------------------------------------

--
-- Table structure for table `product`
--

CREATE TABLE `product` (
  `product_id` bigint(20) NOT NULL,
  `current_quantity` bigint(20) DEFAULT NULL,
  `product_added_datetime` datetime DEFAULT NULL,
  `product_code` varchar(255) DEFAULT NULL,
  `product_description` varchar(255) DEFAULT NULL,
  `product_image` longblob,
  `product_name` varchar(255) DEFAULT NULL,
  `product_quantity_updated_datetime` datetime DEFAULT NULL,
  `rate` float DEFAULT NULL,
  `threshold` bigint(20) DEFAULT NULL,
  `brand_id` bigint(20) DEFAULT NULL,
  `category_id` bigint(20) DEFAULT NULL,
  `damage_quantity` bigint(20) DEFAULT NULL,
  `product_content_type` varchar(255) DEFAULT NULL,
  `free_quantity` bigint(20) DEFAULT NULL
) ENGINE=InnoDB DEFAULT CHARSET=latin1;

--
-- Dumping data for table `product`
--

INSERT INTO `product` (`product_id`, `current_quantity`, `product_added_datetime`, `product_code`, `product_description`, `product_image`, `product_name`, `product_quantity_updated_datetime`, `rate`, `threshold`, `brand_id`, `category_id`, `damage_quantity`, `product_content_type`, `free_quantity`) VALUES
(28, 138, '2017-12-05 00:00:00', '', NULL, NULL, 'Blue Keyboard USB', '2017-12-29 20:41:16', 178.57, 0, 8, 13, 0, 'image/jpeg', 0),
(29, 277, '2017-12-20 00:00:00', '', NULL, NULL, 'Blue Keyboard PS/2', '2018-01-01 11:42:53', 196.43, 10, 8, 10, 0, '', 0),
(30, 102, '2017-12-13 11:13:33', '', NULL, NULL, 'Blue Wireless Combo Keyboard + mouse', '2017-12-13 11:13:33', 647.32, 10, 8, 10, 0, NULL, 0),
(31, 87, '2017-12-13 11:14:45', '', NULL, NULL, 'Blue Wireless Mouse 2.4GHZ', '2017-12-21 18:03:17', 254.24, 10, 8, 11, 0, NULL, 0),
(32, 25, '2017-12-13 11:15:34', '', NULL, NULL, 'Blue USB Mouse B -201', '2017-12-21 18:02:25', 165.25, 10, 8, 11, 0, NULL, 3),
(33, 109, NULL, '', NULL, NULL, 'Blue USB Mouse B -202', NULL, 114.41, 0, 8, 11, 0, NULL, 0),
(34, 147, '2017-12-13 11:17:05', '', NULL, NULL, 'Blue USB Mouse B -203', '2017-12-21 18:07:56', 135.59, 10, 8, 11, 0, NULL, 4),
(35, 100, '2017-12-13 11:17:44', '', NULL, NULL, 'Blue USB Mouse m 10', '2017-12-13 11:17:44', 150, 10, 8, 11, 0, NULL, 0),
(36, 90, '2017-12-13 11:18:21', '', NULL, NULL, 'Blue  USB Mouse Mini BS 220', '2017-12-13 11:18:21', 100, 10, 8, 11, 0, NULL, 0),
(37, 173, '2017-12-13 11:19:30', '', NULL, NULL, 'Blue Spike Guard 114 ( 4x4 ) 2 Mtr', '2017-12-13 11:19:30', 315.02, 10, 8, 13, 0, NULL, 0),
(38, 337, '2017-12-13 11:19:59', '', NULL, NULL, 'Blue Spike Guard 114 ( 4x4 ) 5 Mtr', '2017-12-21 18:44:11', 311.61, 10, 8, 13, 0, NULL, 0),
(39, 95, '2017-12-13 11:20:32', '', NULL, NULL, 'Blue Spike Guard 114 ( 4x4 ) 2 Mtr 2 USB', '2017-12-13 11:20:32', 367.7, 10, 8, 13, 0, NULL, 0),
(40, 100, '2017-12-13 11:21:17', '', NULL, NULL, 'Blue Spike Guard 116 ( 6X6 ) 2 Mtr', '2017-12-13 11:21:17', 367.7, 10, 8, 13, 0, NULL, 0),
(41, 100, '2017-12-13 11:22:36', '', NULL, NULL, 'Blue Spike Guard 116 ( 6x6 ) 5 Mtr', '2017-12-13 11:22:36', 420.37, 10, 8, 13, 0, NULL, 0),
(42, 0, '2017-12-13 11:23:32', '', NULL, NULL, 'Blue Power Code 1.5  Mtr', '2017-12-13 11:23:32', 50, 10, 8, 12, 0, NULL, 0),
(43, 0, '2017-12-13 11:25:56', '75', NULL, NULL, 'Blue Power Code 3  Mtr', '2017-12-13 11:25:56', 75, 10, 8, 12, 0, NULL, 0),
(44, 0, '2017-12-13 11:26:56', '', NULL, NULL, 'Blue Power Code 5 Mtr', '2017-12-13 11:26:56', 120, 10, 8, 12, 0, NULL, 0),
(45, 0, '2017-12-13 11:27:42', '', NULL, NULL, 'Blue Power Code 10 Mtr', '2017-12-13 11:27:42', 250, 10, 8, 12, 0, NULL, 0),
(46, 0, '2017-12-13 11:28:22', '', NULL, NULL, 'Blue Power Code Laptop 1.5 Mtr', '2017-12-13 11:28:22', 60, 10, 8, 12, 0, NULL, 0),
(47, 0, '2017-12-13 11:29:41', '', NULL, NULL, 'Blue USB TO USB Cable 2.0', '2017-12-13 11:29:41', 75, 10, 8, 12, 0, NULL, 0),
(48, 0, '2017-12-13 11:30:39', '', NULL, NULL, 'Blue USB TO USB Cable 3.0', '2017-12-13 11:30:39', 175, 10, 8, 12, 0, NULL, 0),
(49, 0, '2017-12-13 11:31:56', '', NULL, NULL, 'Blue USB Printer Cable 1.5 Mtr', '2017-12-13 11:31:56', 50, 10, 8, 12, 0, NULL, 0),
(50, 0, '2017-12-13 11:32:51', '', NULL, NULL, 'Blue USB Printer Cable 3 Mtr', '2017-12-13 11:32:51', 75, 10, 8, 12, 0, NULL, 0),
(51, 0, '2017-12-13 12:21:37', '12121', NULL, NULL, 'MouseTest', '2017-12-13 12:21:37', 10, 1, 8, 11, 0, NULL, 0),
(52, 2, '2017-12-14 10:59:16', '8471', NULL, NULL, 'Blue keyboard USB MINI', '2017-12-14 10:59:16', 236.61, 10, 8, 10, 0, NULL, 0),
(53, 0, '2017-12-14 11:04:33', '8544', NULL, NULL, 'Blue LAN Cable 1.5 Mtr  Cat 5', '2017-12-14 11:04:33', 33.9, 10, 8, 12, 0, NULL, 0),
(54, 0, '2017-12-14 15:17:26', '8544', NULL, NULL, 'Blue HDMI Cable 1.5 Mtr', '2017-12-14 15:17:26', 84.75, 10, 8, 12, 0, NULL, 0),
(55, 0, '2017-12-14 15:18:05', '8544', NULL, NULL, 'Blue HDMI Cable 10 Mtr', '2017-12-14 15:18:05', 296.62, 10, 8, 12, 0, NULL, 0),
(56, 0, '2017-12-14 15:18:52', '8544', NULL, NULL, 'Blue HDMI Cable 15 Mtr', '2017-12-14 15:18:52', 466.12, 2, 8, 12, 0, NULL, 0),
(57, 0, '2017-12-14 15:19:40', '8544', NULL, NULL, 'Blue HDMI Cable 20 Mtr', '2017-12-14 15:19:40', 847.5, 2, 8, 12, 0, NULL, 0),
(58, 0, '2017-12-14 15:20:13', '8544', NULL, NULL, 'Blue HDMI Cable 3 Mtr', '2017-12-14 15:20:13', 127.12, 2, 8, 12, 0, NULL, 0),
(59, 0, '2017-12-14 15:20:53', '8544', NULL, NULL, 'Blue HDMI Cable 30 Mtr', '2017-12-14 15:20:53', 1652.6, 1, 8, 12, 0, NULL, 0),
(60, 0, '2017-12-14 15:26:10', '8544', NULL, NULL, 'Blue HDMI Cable 5 Mtr', '2017-12-14 15:26:10', 169.5, 2, 8, 12, 0, NULL, 0),
(61, 0, '2017-12-14 15:33:40', '8544', NULL, NULL, 'Blue Hight quality USB Cable J08 Android', '2017-12-14 15:33:40', 93.22, 10, 8, 12, 0, NULL, 0),
(62, 0, '2017-12-14 15:34:22', '8544', NULL, NULL, 'Blue Hight quality USB Cable J08 C-TYPE', '2017-12-14 15:34:22', 165.26, 10, 8, 12, 0, NULL, 0),
(63, 0, '2017-12-14 15:34:52', '8544', NULL, NULL, 'Blue Hight quality USB Cable J08 iPhone', '2017-12-14 15:34:52', 271.19, 10, 8, 12, 0, NULL, 0),
(64, 0, '2017-12-14 15:36:00', '8544', NULL, NULL, 'Blue LAN Cable 1.5 Mtr  Cat 6', '2017-12-14 15:36:00', 63.56, 10, 8, 12, 0, NULL, 0),
(65, 0, '2017-12-14 15:36:38', '8544', NULL, NULL, 'Blue LAN Cable 10 Mtr Cat 5', '2017-12-14 15:36:38', 101.7, 10, 8, 12, 0, NULL, 0),
(66, 0, '2017-12-14 15:37:16', '8544', NULL, NULL, 'Blue LAN Cable 10 Mtr Cat 6', '2017-12-14 15:37:16', 211.02, 10, 8, 12, 0, NULL, 0),
(67, 0, '2017-12-14 15:37:43', '8544', NULL, NULL, 'Blue LAN Cable 100 Mtr Cat 5', '2017-12-14 15:37:43', 677.15, 10, 8, 12, 0, NULL, 0),
(68, 0, '2017-12-14 15:38:16', '8544', NULL, NULL, 'Blue LAN Cable 100 Mtr Cat 6', '2017-12-14 15:38:16', 1270.4, 10, 8, 12, 0, NULL, 0),
(69, 0, '2017-12-14 15:38:55', '8544', NULL, NULL, 'Blue LAN Cable 15 Mtr Cat 5', '2017-12-14 15:38:55', 127.12, 10, 8, 12, 0, NULL, 0),
(70, 0, '2017-12-14 15:39:36', '8544', NULL, NULL, 'Blue LAN Cable 20 Mtr Cat 5', '2017-12-14 15:39:36', 169.5, 10, 8, 12, 0, NULL, 0),
(71, 0, '2017-12-14 15:40:13', '8544', NULL, NULL, 'Blue LAN Cable 20 Mtr Cat 6', '2017-12-14 15:40:13', 380.52, 10, 8, 12, 0, NULL, 0),
(72, 0, '2017-12-14 15:40:46', '8544', NULL, NULL, 'Blue LAN Cable 3 Mtr  Cat 5', '2017-12-14 15:40:46', 50.85, 10, 8, 12, 0, NULL, 0),
(73, 0, '2017-12-14 15:41:20', '8544', NULL, NULL, 'Blue LAN Cable 3 Mtr  Cat 6', '2017-12-14 15:41:20', 76.28, 10, 8, 12, 0, NULL, 0),
(74, 0, '2017-12-14 15:41:51', '8544', NULL, NULL, 'Blue LAN Cable 30 Mtr Cat 5', '2017-12-14 15:41:51', 253.4, 1, 8, 12, 0, NULL, 0),
(75, 0, '2017-12-14 15:42:21', '8544', NULL, NULL, 'Blue LAN Cable 30 Mtr Cat 6', '2017-12-14 15:42:21', 507.65, 10, 8, 12, 0, NULL, 0),
(76, 0, '2017-12-14 15:42:56', '8544', NULL, NULL, 'Blue LAN Cable 5 Mtr Cat 5', '2017-12-14 15:42:56', 63.56, 10, 8, 12, 0, NULL, 0),
(77, 0, '2017-12-14 15:43:36', '8544', NULL, NULL, 'Blue LAN Cable 5 Mtr Cat 6', '2017-12-14 15:43:36', 114.41, 10, 8, 12, 0, NULL, 0),
(78, 0, '2017-12-14 15:47:00', '8544', NULL, NULL, 'Blue USB Extension Cable 1.5 Mtr', '2017-12-14 15:47:00', 42.38, 10, 8, 12, 0, NULL, 0),
(79, 0, '2017-12-14 15:47:26', '8544', NULL, NULL, 'Blue USB Extension Cable 10 Mtr', '2017-12-14 15:47:26', 211.87, 10, 8, 12, 0, NULL, 0),
(80, 0, '2017-12-14 15:48:02', '8544', NULL, NULL, 'Blue USB Extension Cable 3 Mtr', '2017-12-14 15:48:02', 63.56, 10, 8, 12, 0, NULL, 0),
(81, 0, '2017-12-14 15:48:35', '8544', NULL, NULL, 'Blue USB Extension Cable 5 Mtr', '2017-12-14 15:48:35', 101.7, 1, 8, 12, 0, NULL, 0),
(82, 0, '2017-12-14 15:49:32', '8544', NULL, NULL, 'Blue VGA Cable 1.5 Mtr', '2017-12-14 15:49:32', 63.56, 10, 8, 12, 0, NULL, 0),
(83, 0, '2017-12-14 15:50:05', '8544', NULL, NULL, 'Blue VGA Cable 10 Mtr', '2017-12-14 15:50:05', 296.62, 10, 8, 12, 0, NULL, 0),
(84, 0, '2017-12-14 15:50:34', '8544', NULL, NULL, 'Blue VGA Cable 15 Mtr', '2017-12-14 15:50:34', 432.22, 10, 8, 12, 0, NULL, 0),
(85, 0, '2017-12-14 15:51:15', '8544', NULL, NULL, 'Blue VGA Cable 20 Mtr', '2017-12-14 15:51:15', 550, 10, 8, 12, 0, NULL, 0),
(86, 0, '2017-12-14 15:52:59', '8544', NULL, NULL, 'Blue VGA Cable 3 Mtr', '2017-12-14 15:52:59', 84.75, 10, 8, 12, 0, NULL, 0),
(87, 0, '2017-12-14 15:53:32', '8544', NULL, NULL, 'Blue VGA Cable 30 Mtr', '2017-12-14 15:53:32', 804.27, 10, 8, 12, 0, NULL, 0),
(88, 0, '2017-12-14 15:53:58', '8544', NULL, NULL, 'Blue VGA Cable 5 Mtr', '2017-12-14 15:53:58', 114.41, 10, 8, 12, 0, NULL, 0),
(89, 0, '2017-12-14 15:56:47', '8544', NULL, NULL, 'Blue Car Chareger with Cable', '2017-12-14 15:56:47', 190.68, 1, 8, 12, 0, NULL, 0),
(90, 0, '2017-12-14 15:58:38', '8544', NULL, NULL, 'Blue USB Printer Cable 10 Mtr', '2017-12-14 15:58:38', 211.87, 10, 8, 12, 0, NULL, 0),
(91, 0, '2017-12-14 15:59:05', '8544', NULL, NULL, 'Blue USB Printer Cable 5 Mtr', '2017-12-14 15:59:05', 101.7, 10, 8, 12, 0, NULL, 0),
(92, 0, '2017-12-14 15:59:54', '8544', NULL, NULL, 'Blue Mobile Charging Cable (Android)', '2017-12-14 15:59:54', 76.28, 10, 8, 12, 0, NULL, 0),
(93, 0, '2017-12-14 16:09:17', '8544', NULL, NULL, 'Blue USB Mobile Micro Cable 1 Mtr', '2017-12-14 16:09:17', 50.85, 1, 8, 12, 0, NULL, 0),
(94, 0, '2017-12-14 16:09:45', '8544', NULL, NULL, 'Blue USB Mobile Micro Cable 2 Mtr', '2017-12-14 16:09:45', 67.8, 10, 8, 12, 0, NULL, 0),
(95, 0, '2017-12-14 17:32:42', '8517', NULL, NULL, 'Blue PCI FIREWIRE CARD', '2017-12-14 17:32:42', 305.1, 10, 8, 15, 0, NULL, 0),
(96, 0, '2017-12-14 17:33:13', '', NULL, NULL, 'Blue PCI LAN CARD', '2017-12-14 17:33:13', 105.94, 10, 8, 15, 0, NULL, 0),
(97, 0, '2017-12-14 17:34:30', '8517', NULL, NULL, 'Blue PCI LAN CARD  ( E ) X1', '2017-12-14 17:34:30', 211.02, 10, 8, 15, 0, NULL, 0),
(98, 0, '2017-12-14 17:34:57', '8517', NULL, NULL, 'Blue PCI PARALLEL + SERIAL COMBO CARD', '2017-12-14 17:34:57', 338.15, 10, 8, 15, 0, NULL, 0),
(99, 0, '2017-12-14 17:35:31', '8517', NULL, NULL, 'Blue PCI SOUND CARD', '2017-12-14 17:35:31', 211.87, 10, 8, 15, 0, NULL, 0),
(100, 0, '2017-12-14 17:36:08', '8517', NULL, NULL, 'Blue PCI SOUND CARD  ( E ) X1', '2017-12-14 17:36:08', 661.05, 10, 8, 15, 0, NULL, 0),
(101, 0, '2017-12-14 17:36:54', '8617', NULL, NULL, 'Blue PCI USB CARD 4 PORT', '2017-12-14 17:36:54', 211.87, 10, 8, 15, 0, NULL, 0),
(102, 0, '2017-12-14 17:37:33', '8517', NULL, NULL, 'Blue PCI USB CARD 4 PORT  3.0  ( E ) X1', '2017-12-14 17:37:33', 487.3, 10, 8, 15, 0, NULL, 0),
(103, 0, '2017-12-14 17:39:59', '8523', NULL, NULL, 'Blue Pendrive 16 gb Keychain Model', '2017-12-14 17:39:59', 347.47, 10, 8, 16, 0, NULL, 0),
(104, 0, '2017-12-14 17:42:31', '8518', NULL, NULL, 'Blue Speaker USB B1008', '2017-12-14 17:42:31', 150.58, 10, 8, 14, 0, NULL, 0),
(105, 0, '2017-12-14 17:43:11', '8518', NULL, NULL, 'Blue Speaker Wireless 145', '2017-12-14 17:43:11', 416.19, 10, 8, 14, 0, NULL, 0),
(106, 0, '2017-12-14 17:44:01', '8518', NULL, NULL, 'Blue Speaker Wireless 301', '2017-12-14 17:44:01', 510.77, 10, 8, 14, 0, NULL, 0),
(107, 0, '2017-12-14 17:45:24', '8504', NULL, NULL, 'Blue Smps 450 Watts', '2017-12-14 17:45:24', 466.13, 1, 8, 17, 0, NULL, 0),
(108, 0, '2017-12-21 18:04:09', '', NULL, NULL, 'Dd', '2017-12-28 10:47:00', 174.11, 1, 8, 10, 0, NULL, 0);

-- --------------------------------------------------------

--
-- Table structure for table `region`
--

CREATE TABLE `region` (
  `region_id` bigint(20) NOT NULL,
  `name` varchar(255) DEFAULT NULL,
  `city_id` bigint(20) DEFAULT NULL
) ENGINE=InnoDB DEFAULT CHARSET=latin1;

--
-- Dumping data for table `region`
--

INSERT INTO `region` (`region_id`, `name`, `city_id`) VALUES
(5, 'Western', 3),
(6, 'Thane west', 4);

-- --------------------------------------------------------

--
-- Table structure for table `reissue_order_details`
--

CREATE TABLE `reissue_order_details` (
  `reissue_order_id` bigint(20) NOT NULL,
  `reissue_date` datetime DEFAULT NULL,
  `reissue_delivery_date` datetime DEFAULT NULL,
  `order_reissue_status` varchar(255) DEFAULT NULL,
  `total_amount` decimal(19,2) DEFAULT NULL,
  `total_amount_with_tax` decimal(19,2) DEFAULT NULL,
  `total_quantity` bigint(20) DEFAULT NULL,
  `reissued_by_gk` bigint(20) DEFAULT NULL,
  `reissued_to_db` bigint(20) DEFAULT NULL,
  `return_order_product_id` varchar(255) DEFAULT NULL,
  `reissue_delivered_date` datetime DEFAULT NULL
) ENGINE=InnoDB DEFAULT CHARSET=latin1;

--
-- Dumping data for table `reissue_order_details`
--

INSERT INTO `reissue_order_details` (`reissue_order_id`, `reissue_date`, `reissue_delivery_date`, `order_reissue_status`, `total_amount`, `total_amount_with_tax`, `total_quantity`, `reissued_by_gk`, `reissued_to_db`, `return_order_product_id`, `reissue_delivered_date`) VALUES
(1, '2017-12-22 20:07:01', '2017-12-22 00:00:00', 'Completed', '330.50', '388.00', 2, 4, 3, 'RTN1000000002', NULL);

-- --------------------------------------------------------

--
-- Table structure for table `reissue_order_product_details`
--

CREATE TABLE `reissue_order_product_details` (
  `reissue_id` bigint(20) NOT NULL,
  `details` varchar(255) DEFAULT NULL,
  `issued_quantity` bigint(20) DEFAULT NULL,
  `reissue_amount_with_tax` decimal(19,2) DEFAULT NULL,
  `reissue_quantity` bigint(20) DEFAULT NULL,
  `return_quantity` bigint(20) DEFAULT NULL,
  `selling_rate` decimal(19,2) DEFAULT NULL,
  `product_id` bigint(20) DEFAULT NULL,
  `reIssue_order_details_id` bigint(20) DEFAULT NULL
) ENGINE=InnoDB DEFAULT CHARSET=latin1;

--
-- Dumping data for table `reissue_order_product_details`
--

INSERT INTO `reissue_order_product_details` (`reissue_id`, `details`, `issued_quantity`, `reissue_amount_with_tax`, `reissue_quantity`, `return_quantity`, `selling_rate`, `product_id`, `reIssue_order_details_id`) VALUES
(1, NULL, 6, '388.00', 2, 3, '194.00', 29, 1);

-- --------------------------------------------------------

--
-- Table structure for table `return_order_product`
--

CREATE TABLE `return_order_product` (
  `return_order_product_id` varchar(255) NOT NULL,
  `reissue_status` varchar(255) DEFAULT NULL,
  `return_order_product_datetime` datetime DEFAULT NULL,
  `total_amount` decimal(19,2) DEFAULT NULL,
  `total_amount_with_tax` decimal(19,2) DEFAULT NULL,
  `total_quantity` bigint(20) DEFAULT NULL,
  `order_details_id` varchar(255) DEFAULT NULL
) ENGINE=InnoDB DEFAULT CHARSET=latin1;

--
-- Dumping data for table `return_order_product`
--

INSERT INTO `return_order_product` (`return_order_product_id`, `reissue_status`, `return_order_product_datetime`, `total_amount`, `total_amount_with_tax`, `total_quantity`, `order_details_id`) VALUES
('RTN1000000001', 'Pending', '2017-12-21 19:56:45', '0.00', '0.00', 0, 'ORD1000000001'),
('RTN1000000002', 'Pending', '2017-12-22 20:04:14', '495.75', '582.00', 3, 'ORD1000000007'),
('RTN1000000003', 'Pending', '2017-12-29 19:16:48', '114.41', '135.00', 1, 'ORD1000000005');

-- --------------------------------------------------------

--
-- Table structure for table `return_order_product_details`
--

CREATE TABLE `return_order_product_details` (
  `id` bigint(20) NOT NULL,
  `issued_quantity` bigint(20) DEFAULT NULL,
  `reason` varchar(255) DEFAULT NULL,
  `return_quantity` bigint(20) DEFAULT NULL,
  `return_total_amount_with_tax` decimal(19,2) DEFAULT NULL,
  `selling_rate` decimal(19,2) DEFAULT NULL,
  `product_id` bigint(20) DEFAULT NULL,
  `return_order_product_id` varchar(255) DEFAULT NULL
) ENGINE=InnoDB DEFAULT CHARSET=latin1;

--
-- Dumping data for table `return_order_product_details`
--

INSERT INTO `return_order_product_details` (`id`, `issued_quantity`, `reason`, `return_quantity`, `return_total_amount_with_tax`, `selling_rate`, `product_id`, `return_order_product_id`) VALUES
(1, 6, 'gf dh', 3, '582.00', '194.00', 29, 'RTN1000000002'),
(2, 2, '2 wala 1', 1, '135.00', '135.00', 17, 'RTN1000000003');

-- --------------------------------------------------------

--
-- Table structure for table `state`
--

CREATE TABLE `state` (
  `state_id` bigint(20) NOT NULL,
  `code` varchar(255) DEFAULT NULL,
  `name` varchar(255) DEFAULT NULL,
  `country_id` bigint(20) DEFAULT NULL
) ENGINE=InnoDB DEFAULT CHARSET=latin1;

--
-- Dumping data for table `state`
--

INSERT INTO `state` (`state_id`, `code`, `name`, `country_id`) VALUES
(11, '025', 'Maharashtra', 3);

-- --------------------------------------------------------

--
-- Table structure for table `supplier`
--

CREATE TABLE `supplier` (
  `supplier_id` varchar(255) NOT NULL,
  `address` varchar(255) DEFAULT NULL,
  `gstin_no` varchar(255) DEFAULT NULL,
  `name` varchar(255) DEFAULT NULL,
  `supplier_added_datetime` datetime DEFAULT NULL,
  `supplier_updated_datetime` datetime DEFAULT NULL,
  `contact_id` bigint(20) DEFAULT NULL
) ENGINE=InnoDB DEFAULT CHARSET=latin1;

--
-- Dumping data for table `supplier`
--

INSERT INTO `supplier` (`supplier_id`, `address`, `gstin_no`, `name`, `supplier_added_datetime`, `supplier_updated_datetime`, `contact_id`) VALUES
('SUP1000000001', 'borivali east', '123456789008354', 'Blue Square', '2017-12-13 11:16:56', '2017-12-28 15:20:25', 48),
('SUP1000000002', 'aa', '111111111111111', 'Blue Square 1', '2017-12-13 12:55:19', '2017-12-20 15:37:38', 50);

-- --------------------------------------------------------

--
-- Table structure for table `supplier_order`
--

CREATE TABLE `supplier_order` (
  `supplier_order_id` varchar(255) NOT NULL,
  `supplier_order_added_datetime` datetime DEFAULT NULL,
  `supplier_order_update_datetime` datetime DEFAULT NULL,
  `total_amount` decimal(19,2) DEFAULT NULL,
  `total_amount_with_tax` decimal(19,2) DEFAULT NULL,
  `total_quantity` bigint(20) DEFAULT NULL
) ENGINE=InnoDB DEFAULT CHARSET=latin1;

--
-- Dumping data for table `supplier_order`
--

INSERT INTO `supplier_order` (`supplier_order_id`, `supplier_order_added_datetime`, `supplier_order_update_datetime`, `total_amount`, `total_amount_with_tax`, `total_quantity`) VALUES
('ORDS1000000001', '2017-12-22 12:01:57', NULL, '300.00', '408.00', 3),
('ORDS1000000002', '2017-12-22 12:04:35', NULL, '500.00', '680.00', 5),
('ORDS1000000003', '2017-12-22 12:14:01', NULL, '300.00', '408.00', 3),
('ORDS1000000004', '2017-12-22 12:31:49', NULL, '200.00', '236.00', 2),
('ORDS1000000005', '2017-12-22 12:33:05', NULL, '500.00', '590.00', 5),
('ORDS1000000006', '2017-12-22 12:35:50', NULL, '2300.00', '2714.00', 23),
('ORDS1000000007', '2017-12-22 12:39:57', NULL, '800.00', '944.00', 8);

-- --------------------------------------------------------

--
-- Table structure for table `supplier_order_details`
--

CREATE TABLE `supplier_order_details` (
  `supplier_order_details_id` bigint(20) NOT NULL,
  `quantity` bigint(20) DEFAULT NULL,
  `supplier_rate` decimal(19,2) DEFAULT NULL,
  `total_amount` decimal(19,2) DEFAULT NULL,
  `total_amount_with_tax` decimal(19,2) DEFAULT NULL,
  `product_id` bigint(20) DEFAULT NULL,
  `supplier_id` varchar(255) DEFAULT NULL,
  `supplier_order_id` varchar(255) DEFAULT NULL
) ENGINE=InnoDB DEFAULT CHARSET=latin1;

--
-- Dumping data for table `supplier_order_details`
--

INSERT INTO `supplier_order_details` (`supplier_order_details_id`, `quantity`, `supplier_rate`, `total_amount`, `total_amount_with_tax`, `product_id`, `supplier_id`, `supplier_order_id`) VALUES
(1, 3, '100.00', '300.00', '408.00', 21, 'SUP1000000001', 'ORDS1000000001'),
(2, 5, '100.00', '500.00', '680.00', 22, 'SUP1000000001', 'ORDS1000000002'),
(3, 3, '100.00', '300.00', '408.00', 23, 'SUP1000000001', 'ORDS1000000003'),
(4, 2, '100.00', '200.00', '236.00', 24, 'SUP1000000001', 'ORDS1000000004'),
(5, 5, '100.00', '500.00', '590.00', 25, 'SUP1000000002', 'ORDS1000000005'),
(6, 23, '100.00', '2300.00', '2714.00', 26, 'SUP1000000001', 'ORDS1000000006'),
(7, 2, '100.00', '200.00', '236.00', 27, 'SUP1000000001', 'ORDS1000000007'),
(8, 6, '100.00', '600.00', '708.00', 28, 'SUP1000000001', 'ORDS1000000007');

-- --------------------------------------------------------

--
-- Table structure for table `supplier_product_list`
--

CREATE TABLE `supplier_product_list` (
  `supplier_product_list_id` bigint(20) NOT NULL,
  `supplier_rate` double DEFAULT NULL,
  `product_id` bigint(20) DEFAULT NULL,
  `supplier_id` varchar(255) DEFAULT NULL
) ENGINE=InnoDB DEFAULT CHARSET=latin1;

--
-- Dumping data for table `supplier_product_list`
--

INSERT INTO `supplier_product_list` (`supplier_product_list_id`, `supplier_rate`, `product_id`, `supplier_id`) VALUES
(99, 100, 29, 'SUP1000000002'),
(100, 100, 28, 'SUP1000000002'),
(101, 10, 52, 'SUP1000000002'),
(102, 100, 28, 'SUP1000000001'),
(103, 100, 29, 'SUP1000000001'),
(104, 100, 30, 'SUP1000000001'),
(105, 100, 37, 'SUP1000000001'),
(106, 100, 38, 'SUP1000000001'),
(107, 100, 39, 'SUP1000000001'),
(108, 100, 40, 'SUP1000000001'),
(109, 100, 41, 'SUP1000000001'),
(110, 100, 31, 'SUP1000000001'),
(111, 100, 33, 'SUP1000000001'),
(112, 100, 32, 'SUP1000000001'),
(113, 100, 34, 'SUP1000000001'),
(114, 100, 35, 'SUP1000000001'),
(115, 100, 36, 'SUP1000000001');

--
-- Indexes for dumped tables
--

--
-- Indexes for table `address`
--
ALTER TABLE `address`
  ADD PRIMARY KEY (`address_id`),
  ADD KEY `FKBB979BF4CCE154DD` (`area_id`);

--
-- Indexes for table `area`
--
ALTER TABLE `area`
  ADD PRIMARY KEY (`area_id`),
  ADD KEY `FK2DD08D409EE2BD` (`region_id`);

--
-- Indexes for table `brand`
--
ALTER TABLE `brand`
  ADD PRIMARY KEY (`brand_id`);

--
-- Indexes for table `business_name`
--
ALTER TABLE `business_name`
  ADD PRIMARY KEY (`business_name_id`),
  ADD KEY `FK258B4BAACCE154DD` (`area_id`),
  ADD KEY `FK258B4BAA4A2DE897` (`contact_id`),
  ADD KEY `FK258B4BAA37F6A2DD` (`businesstype_id`);

--
-- Indexes for table `business_type`
--
ALTER TABLE `business_type`
  ADD PRIMARY KEY (`businesstype_id`);

--
-- Indexes for table `categories`
--
ALTER TABLE `categories`
  ADD PRIMARY KEY (`category_id`);

--
-- Indexes for table `city`
--
ALTER TABLE `city`
  ADD PRIMARY KEY (`city_id`),
  ADD KEY `FK2E996B82245A37` (`state_id`);

--
-- Indexes for table `complainreply`
--
ALTER TABLE `complainreply`
  ADD PRIMARY KEY (`complain_Reply_Id`),
  ADD KEY `FK343B2B81F2844472` (`employee_reply_id`),
  ADD KEY `FK343B2B81C696C391` (`employee_complain_id`);

--
-- Indexes for table `contact`
--
ALTER TABLE `contact`
  ADD PRIMARY KEY (`contact_id`);

--
-- Indexes for table `country`
--
ALTER TABLE `country`
  ADD PRIMARY KEY (`country_id`);

--
-- Indexes for table `delivered_product`
--
ALTER TABLE `delivered_product`
  ADD PRIMARY KEY (`delivered_product_id`),
  ADD KEY `FK1A9510342E22B820` (`order_details_id`);

--
-- Indexes for table `department`
--
ALTER TABLE `department`
  ADD PRIMARY KEY (`department_id`);

--
-- Indexes for table `employee`
--
ALTER TABLE `employee`
  ADD PRIMARY KEY (`employee_id`),
  ADD KEY `FK4722E6AE7F4FA47D` (`department_id`);

--
-- Indexes for table `employee_areas`
--
ALTER TABLE `employee_areas`
  ADD PRIMARY KEY (`employee_areas_details_id`),
  ADD KEY `FK5B0350B5CCE154DD` (`area_id`),
  ADD KEY `FK5B0350B5DE4DF7FA` (`employee_details_id`);

--
-- Indexes for table `employee_basic_salary_status`
--
ALTER TABLE `employee_basic_salary_status`
  ADD PRIMARY KEY (`employee_basic_salary_status_id`),
  ADD KEY `FKD8245AA5DE4DF7FA` (`employee_details_id`);

--
-- Indexes for table `employee_details`
--
ALTER TABLE `employee_details`
  ADD PRIMARY KEY (`employee_details_id`),
  ADD UNIQUE KEY `employee_details_gen_id` (`employee_details_gen_id`),
  ADD KEY `FK30C8F1B1988BBBBD` (`employee_id`),
  ADD KEY `FK30C8F1B14A2DE897` (`contact_id`);

--
-- Indexes for table `employee_feedback`
--
ALTER TABLE `employee_feedback`
  ADD PRIMARY KEY (`feedBack_id`),
  ADD KEY `FK9EA5D9F6692CC6F7` (`employeeDetails_id`);

--
-- Indexes for table `employee_feedback_reply`
--
ALTER TABLE `employee_feedback_reply`
  ADD PRIMARY KEY (`feedback_reply_id`),
  ADD KEY `FKF4EE7F61793BB64B` (`feedback_id`);

--
-- Indexes for table `employee_holiday`
--
ALTER TABLE `employee_holiday`
  ADD PRIMARY KEY (`employee_holiday_id`),
  ADD KEY `FK150527C7DE4DF7FA` (`employee_details_id`);

--
-- Indexes for table `employee_incentives`
--
ALTER TABLE `employee_incentives`
  ADD PRIMARY KEY (`employee_incentives_id`),
  ADD KEY `FK1A882699DE4DF7FA` (`employee_details_id`);

--
-- Indexes for table `employee_location`
--
ALTER TABLE `employee_location`
  ADD PRIMARY KEY (`employee_location_id`),
  ADD KEY `FK1B5F8E26DE4DF7FA` (`employee_details_id`);

--
-- Indexes for table `employee_salary`
--
ALTER TABLE `employee_salary`
  ADD PRIMARY KEY (`employee_salary_id`),
  ADD KEY `FK2331A07B692CC6F7` (`employeeDetails_id`);

--
-- Indexes for table `inventory`
--
ALTER TABLE `inventory`
  ADD PRIMARY KEY (`inventory_transaction_id`),
  ADD KEY `FK8790195C9A9C7EFD` (`supplier_id`);

--
-- Indexes for table `inventory_details`
--
ALTER TABLE `inventory_details`
  ADD PRIMARY KEY (`inventory_details_id`),
  ADD KEY `FKD867965F6439CBD7` (`inventory_id`),
  ADD KEY `FKD867965F13A7A672` (`product_id`);

--
-- Indexes for table `order_details`
--
ALTER TABLE `order_details`
  ADD PRIMARY KEY (`order_id`),
  ADD UNIQUE KEY `invoice_number` (`invoice_number`),
  ADD KEY `FK521CF251BD7D729E` (`employee_id_sm`),
  ADD KEY `FK521CF251F50E4214` (`order_status_id`),
  ADD KEY `FK521CF251EA90337E` (`business_name_id`),
  ADD KEY `FK521CF251ADEEF13E` (`employee_id_cancel`);

--
-- Indexes for table `order_product_details`
--
ALTER TABLE `order_product_details`
  ADD PRIMARY KEY (`id`),
  ADD KEY `FKF9488012E22B820` (`order_details_id`),
  ADD KEY `FKF94880113A7A672` (`product_id`);

--
-- Indexes for table `order_product_issue_details`
--
ALTER TABLE `order_product_issue_details`
  ADD PRIMARY KEY (`order_issue_id`),
  ADD KEY `FK2BFE635B3A6D32A9` (`issued_by_gk`),
  ADD KEY `FK2BFE635B3B664D9F` (`issued_to_db`),
  ADD KEY `FK2BFE635BE128A603` (`order_id`);

--
-- Indexes for table `order_status`
--
ALTER TABLE `order_status`
  ADD PRIMARY KEY (`order_status_id`);

--
-- Indexes for table `order_used_brand`
--
ALTER TABLE `order_used_brand`
  ADD PRIMARY KEY (`brand_id`);

--
-- Indexes for table `order_used_categories`
--
ALTER TABLE `order_used_categories`
  ADD PRIMARY KEY (`category_id`);

--
-- Indexes for table `order_used_product`
--
ALTER TABLE `order_used_product`
  ADD PRIMARY KEY (`product_id`),
  ADD KEY `FKFB9403BE310F6C00` (`category_id`),
  ADD KEY `FKFB9403BED30CBF73` (`product_entity_id`),
  ADD KEY `FKFB9403BE7B5CE572` (`brand_id`);

--
-- Indexes for table `payment`
--
ALTER TABLE `payment`
  ADD PRIMARY KEY (`payment_id`),
  ADD KEY `FKD11C3206E128A603` (`order_id`);

--
-- Indexes for table `payment_pay_supplier`
--
ALTER TABLE `payment_pay_supplier`
  ADD PRIMARY KEY (`payment_pay_supplier_id`),
  ADD KEY `FKDCEEE91C6439CBD7` (`inventory_id`);

--
-- Indexes for table `product`
--
ALTER TABLE `product`
  ADD PRIMARY KEY (`product_id`),
  ADD KEY `FKED8DCCEFBC63BE1B` (`category_id`),
  ADD KEY `FKED8DCCEF311E6E77` (`brand_id`);

--
-- Indexes for table `region`
--
ALTER TABLE `region`
  ADD PRIMARY KEY (`region_id`),
  ADD KEY `FKC84826F42831401D` (`city_id`);

--
-- Indexes for table `reissue_order_details`
--
ALTER TABLE `reissue_order_details`
  ADD PRIMARY KEY (`reissue_order_id`),
  ADD KEY `FK92566458E8E28C5C` (`reissued_by_gk`),
  ADD KEY `FK92566458E9DBA752` (`reissued_to_db`),
  ADD KEY `FK92566458FDFDD33F` (`return_order_product_id`);

--
-- Indexes for table `reissue_order_product_details`
--
ALTER TABLE `reissue_order_product_details`
  ADD PRIMARY KEY (`reissue_id`),
  ADD KEY `FK8E1B030813A7A672` (`product_id`),
  ADD KEY `FK8E1B0308BA2BE259` (`reIssue_order_details_id`);

--
-- Indexes for table `return_order_product`
--
ALTER TABLE `return_order_product`
  ADD PRIMARY KEY (`return_order_product_id`),
  ADD KEY `FKFD63082F2E22B820` (`order_details_id`);

--
-- Indexes for table `return_order_product_details`
--
ALTER TABLE `return_order_product_details`
  ADD PRIMARY KEY (`id`),
  ADD KEY `FK2FD4023213A7A672` (`product_id`),
  ADD KEY `FK2FD40232FDFDD33F` (`return_order_product_id`);

--
-- Indexes for table `state`
--
ALTER TABLE `state`
  ADD PRIMARY KEY (`state_id`),
  ADD KEY `FK68AC491592ACD7` (`country_id`);

--
-- Indexes for table `supplier`
--
ALTER TABLE `supplier`
  ADD PRIMARY KEY (`supplier_id`),
  ADD KEY `FK9CDBF9CC4A2DE897` (`contact_id`);

--
-- Indexes for table `supplier_order`
--
ALTER TABLE `supplier_order`
  ADD PRIMARY KEY (`supplier_order_id`);

--
-- Indexes for table `supplier_order_details`
--
ALTER TABLE `supplier_order_details`
  ADD PRIMARY KEY (`supplier_order_details_id`),
  ADD KEY `FKAA37A91E3DD66ABE` (`supplier_order_id`),
  ADD KEY `FKAA37A91E13A7A672` (`product_id`),
  ADD KEY `FKAA37A91E9A9C7EFD` (`supplier_id`);

--
-- Indexes for table `supplier_product_list`
--
ALTER TABLE `supplier_product_list`
  ADD PRIMARY KEY (`supplier_product_list_id`),
  ADD KEY `FKD3F215815F2B0237` (`product_id`),
  ADD KEY `FKD3F215819A9C7EFD` (`supplier_id`);

--
-- AUTO_INCREMENT for dumped tables
--

--
-- AUTO_INCREMENT for table `address`
--
ALTER TABLE `address`
  MODIFY `address_id` bigint(20) NOT NULL AUTO_INCREMENT;
--
-- AUTO_INCREMENT for table `area`
--
ALTER TABLE `area`
  MODIFY `area_id` bigint(20) NOT NULL AUTO_INCREMENT, AUTO_INCREMENT=13;
--
-- AUTO_INCREMENT for table `brand`
--
ALTER TABLE `brand`
  MODIFY `brand_id` bigint(20) NOT NULL AUTO_INCREMENT, AUTO_INCREMENT=10;
--
-- AUTO_INCREMENT for table `business_type`
--
ALTER TABLE `business_type`
  MODIFY `businesstype_id` bigint(20) NOT NULL AUTO_INCREMENT, AUTO_INCREMENT=7;
--
-- AUTO_INCREMENT for table `categories`
--
ALTER TABLE `categories`
  MODIFY `category_id` bigint(20) NOT NULL AUTO_INCREMENT, AUTO_INCREMENT=20;
--
-- AUTO_INCREMENT for table `city`
--
ALTER TABLE `city`
  MODIFY `city_id` bigint(20) NOT NULL AUTO_INCREMENT, AUTO_INCREMENT=5;
--
-- AUTO_INCREMENT for table `complainreply`
--
ALTER TABLE `complainreply`
  MODIFY `complain_Reply_Id` bigint(20) NOT NULL AUTO_INCREMENT, AUTO_INCREMENT=5;
--
-- AUTO_INCREMENT for table `contact`
--
ALTER TABLE `contact`
  MODIFY `contact_id` bigint(20) NOT NULL AUTO_INCREMENT, AUTO_INCREMENT=59;
--
-- AUTO_INCREMENT for table `country`
--
ALTER TABLE `country`
  MODIFY `country_id` bigint(20) NOT NULL AUTO_INCREMENT, AUTO_INCREMENT=4;
--
-- AUTO_INCREMENT for table `delivered_product`
--
ALTER TABLE `delivered_product`
  MODIFY `delivered_product_id` bigint(20) NOT NULL AUTO_INCREMENT, AUTO_INCREMENT=11;
--
-- AUTO_INCREMENT for table `department`
--
ALTER TABLE `department`
  MODIFY `department_id` bigint(20) NOT NULL AUTO_INCREMENT, AUTO_INCREMENT=4;
--
-- AUTO_INCREMENT for table `employee`
--
ALTER TABLE `employee`
  MODIFY `employee_id` bigint(20) NOT NULL AUTO_INCREMENT, AUTO_INCREMENT=7;
--
-- AUTO_INCREMENT for table `employee_areas`
--
ALTER TABLE `employee_areas`
  MODIFY `employee_areas_details_id` bigint(20) NOT NULL AUTO_INCREMENT, AUTO_INCREMENT=41;
--
-- AUTO_INCREMENT for table `employee_basic_salary_status`
--
ALTER TABLE `employee_basic_salary_status`
  MODIFY `employee_basic_salary_status_id` bigint(20) NOT NULL AUTO_INCREMENT, AUTO_INCREMENT=8;
--
-- AUTO_INCREMENT for table `employee_details`
--
ALTER TABLE `employee_details`
  MODIFY `employee_details_id` bigint(20) NOT NULL AUTO_INCREMENT, AUTO_INCREMENT=7;
--
-- AUTO_INCREMENT for table `employee_feedback`
--
ALTER TABLE `employee_feedback`
  MODIFY `feedBack_id` bigint(20) NOT NULL AUTO_INCREMENT;
--
-- AUTO_INCREMENT for table `employee_feedback_reply`
--
ALTER TABLE `employee_feedback_reply`
  MODIFY `feedback_reply_id` bigint(20) NOT NULL AUTO_INCREMENT;
--
-- AUTO_INCREMENT for table `employee_holiday`
--
ALTER TABLE `employee_holiday`
  MODIFY `employee_holiday_id` bigint(20) NOT NULL AUTO_INCREMENT, AUTO_INCREMENT=2;
--
-- AUTO_INCREMENT for table `employee_incentives`
--
ALTER TABLE `employee_incentives`
  MODIFY `employee_incentives_id` bigint(20) NOT NULL AUTO_INCREMENT, AUTO_INCREMENT=2;
--
-- AUTO_INCREMENT for table `employee_location`
--
ALTER TABLE `employee_location`
  MODIFY `employee_location_id` bigint(20) NOT NULL AUTO_INCREMENT, AUTO_INCREMENT=10;
--
-- AUTO_INCREMENT for table `employee_salary`
--
ALTER TABLE `employee_salary`
  MODIFY `employee_salary_id` bigint(20) NOT NULL AUTO_INCREMENT, AUTO_INCREMENT=7;
--
-- AUTO_INCREMENT for table `inventory_details`
--
ALTER TABLE `inventory_details`
  MODIFY `inventory_details_id` bigint(20) NOT NULL AUTO_INCREMENT, AUTO_INCREMENT=46;
--
-- AUTO_INCREMENT for table `order_product_details`
--
ALTER TABLE `order_product_details`
  MODIFY `id` bigint(20) NOT NULL AUTO_INCREMENT, AUTO_INCREMENT=76;
--
-- AUTO_INCREMENT for table `order_product_issue_details`
--
ALTER TABLE `order_product_issue_details`
  MODIFY `order_issue_id` bigint(20) NOT NULL AUTO_INCREMENT, AUTO_INCREMENT=18;
--
-- AUTO_INCREMENT for table `order_status`
--
ALTER TABLE `order_status`
  MODIFY `order_status_id` bigint(20) NOT NULL AUTO_INCREMENT, AUTO_INCREMENT=11;
--
-- AUTO_INCREMENT for table `order_used_brand`
--
ALTER TABLE `order_used_brand`
  MODIFY `brand_id` bigint(20) NOT NULL AUTO_INCREMENT, AUTO_INCREMENT=129;
--
-- AUTO_INCREMENT for table `order_used_categories`
--
ALTER TABLE `order_used_categories`
  MODIFY `category_id` bigint(20) NOT NULL AUTO_INCREMENT, AUTO_INCREMENT=129;
--
-- AUTO_INCREMENT for table `order_used_product`
--
ALTER TABLE `order_used_product`
  MODIFY `product_id` bigint(20) NOT NULL AUTO_INCREMENT, AUTO_INCREMENT=129;
--
-- AUTO_INCREMENT for table `payment`
--
ALTER TABLE `payment`
  MODIFY `payment_id` bigint(20) NOT NULL AUTO_INCREMENT, AUTO_INCREMENT=5;
--
-- AUTO_INCREMENT for table `payment_pay_supplier`
--
ALTER TABLE `payment_pay_supplier`
  MODIFY `payment_pay_supplier_id` bigint(20) NOT NULL AUTO_INCREMENT, AUTO_INCREMENT=4;
--
-- AUTO_INCREMENT for table `product`
--
ALTER TABLE `product`
  MODIFY `product_id` bigint(20) NOT NULL AUTO_INCREMENT, AUTO_INCREMENT=109;
--
-- AUTO_INCREMENT for table `region`
--
ALTER TABLE `region`
  MODIFY `region_id` bigint(20) NOT NULL AUTO_INCREMENT, AUTO_INCREMENT=7;
--
-- AUTO_INCREMENT for table `reissue_order_details`
--
ALTER TABLE `reissue_order_details`
  MODIFY `reissue_order_id` bigint(20) NOT NULL AUTO_INCREMENT, AUTO_INCREMENT=2;
--
-- AUTO_INCREMENT for table `reissue_order_product_details`
--
ALTER TABLE `reissue_order_product_details`
  MODIFY `reissue_id` bigint(20) NOT NULL AUTO_INCREMENT, AUTO_INCREMENT=2;
--
-- AUTO_INCREMENT for table `return_order_product_details`
--
ALTER TABLE `return_order_product_details`
  MODIFY `id` bigint(20) NOT NULL AUTO_INCREMENT, AUTO_INCREMENT=3;
--
-- AUTO_INCREMENT for table `state`
--
ALTER TABLE `state`
  MODIFY `state_id` bigint(20) NOT NULL AUTO_INCREMENT, AUTO_INCREMENT=12;
--
-- AUTO_INCREMENT for table `supplier_order_details`
--
ALTER TABLE `supplier_order_details`
  MODIFY `supplier_order_details_id` bigint(20) NOT NULL AUTO_INCREMENT, AUTO_INCREMENT=9;
--
-- AUTO_INCREMENT for table `supplier_product_list`
--
ALTER TABLE `supplier_product_list`
  MODIFY `supplier_product_list_id` bigint(20) NOT NULL AUTO_INCREMENT, AUTO_INCREMENT=116;
--
-- Constraints for dumped tables
--

--
-- Constraints for table `address`
--
ALTER TABLE `address`
  ADD CONSTRAINT `FKBB979BF4CCE154DD` FOREIGN KEY (`area_id`) REFERENCES `area` (`area_id`);

--
-- Constraints for table `area`
--
ALTER TABLE `area`
  ADD CONSTRAINT `FK2DD08D409EE2BD` FOREIGN KEY (`region_id`) REFERENCES `region` (`region_id`);

--
-- Constraints for table `business_name`
--
ALTER TABLE `business_name`
  ADD CONSTRAINT `FK258B4BAA37F6A2DD` FOREIGN KEY (`businesstype_id`) REFERENCES `business_type` (`businesstype_id`),
  ADD CONSTRAINT `FK258B4BAA4A2DE897` FOREIGN KEY (`contact_id`) REFERENCES `contact` (`contact_id`),
  ADD CONSTRAINT `FK258B4BAACCE154DD` FOREIGN KEY (`area_id`) REFERENCES `area` (`area_id`);

--
-- Constraints for table `city`
--
ALTER TABLE `city`
  ADD CONSTRAINT `FK2E996B82245A37` FOREIGN KEY (`state_id`) REFERENCES `state` (`state_id`);

--
-- Constraints for table `complainreply`
--
ALTER TABLE `complainreply`
  ADD CONSTRAINT `FK343B2B81C696C391` FOREIGN KEY (`employee_complain_id`) REFERENCES `employee` (`employee_id`),
  ADD CONSTRAINT `FK343B2B81F2844472` FOREIGN KEY (`employee_reply_id`) REFERENCES `employee` (`employee_id`);

--
-- Constraints for table `delivered_product`
--
ALTER TABLE `delivered_product`
  ADD CONSTRAINT `FK1A9510342E22B820` FOREIGN KEY (`order_details_id`) REFERENCES `order_details` (`order_id`);

--
-- Constraints for table `employee`
--
ALTER TABLE `employee`
  ADD CONSTRAINT `FK4722E6AE7F4FA47D` FOREIGN KEY (`department_id`) REFERENCES `department` (`department_id`);

--
-- Constraints for table `employee_areas`
--
ALTER TABLE `employee_areas`
  ADD CONSTRAINT `FK5B0350B5CCE154DD` FOREIGN KEY (`area_id`) REFERENCES `area` (`area_id`),
  ADD CONSTRAINT `FK5B0350B5DE4DF7FA` FOREIGN KEY (`employee_details_id`) REFERENCES `employee_details` (`employee_details_id`);

--
-- Constraints for table `employee_basic_salary_status`
--
ALTER TABLE `employee_basic_salary_status`
  ADD CONSTRAINT `FKD8245AA5DE4DF7FA` FOREIGN KEY (`employee_details_id`) REFERENCES `employee_details` (`employee_details_id`);

--
-- Constraints for table `employee_details`
--
ALTER TABLE `employee_details`
  ADD CONSTRAINT `FK30C8F1B14A2DE897` FOREIGN KEY (`contact_id`) REFERENCES `contact` (`contact_id`),
  ADD CONSTRAINT `FK30C8F1B1988BBBBD` FOREIGN KEY (`employee_id`) REFERENCES `employee` (`employee_id`);

--
-- Constraints for table `employee_feedback`
--
ALTER TABLE `employee_feedback`
  ADD CONSTRAINT `FK9EA5D9F6692CC6F7` FOREIGN KEY (`employeeDetails_id`) REFERENCES `employee_details` (`employee_details_id`);

--
-- Constraints for table `employee_feedback_reply`
--
ALTER TABLE `employee_feedback_reply`
  ADD CONSTRAINT `FKF4EE7F61793BB64B` FOREIGN KEY (`feedback_id`) REFERENCES `employee_feedback` (`feedBack_id`);

--
-- Constraints for table `employee_holiday`
--
ALTER TABLE `employee_holiday`
  ADD CONSTRAINT `FK150527C7DE4DF7FA` FOREIGN KEY (`employee_details_id`) REFERENCES `employee_details` (`employee_details_id`);

--
-- Constraints for table `employee_incentives`
--
ALTER TABLE `employee_incentives`
  ADD CONSTRAINT `FK1A882699DE4DF7FA` FOREIGN KEY (`employee_details_id`) REFERENCES `employee_details` (`employee_details_id`);

--
-- Constraints for table `employee_location`
--
ALTER TABLE `employee_location`
  ADD CONSTRAINT `FK1B5F8E26DE4DF7FA` FOREIGN KEY (`employee_details_id`) REFERENCES `employee_details` (`employee_details_id`);

--
-- Constraints for table `employee_salary`
--
ALTER TABLE `employee_salary`
  ADD CONSTRAINT `FK2331A07B692CC6F7` FOREIGN KEY (`employeeDetails_id`) REFERENCES `employee_details` (`employee_details_id`);

--
-- Constraints for table `inventory`
--
ALTER TABLE `inventory`
  ADD CONSTRAINT `FK8790195C9A9C7EFD` FOREIGN KEY (`supplier_id`) REFERENCES `supplier` (`supplier_id`);

--
-- Constraints for table `inventory_details`
--
ALTER TABLE `inventory_details`
  ADD CONSTRAINT `FKD867965F13A7A672` FOREIGN KEY (`product_id`) REFERENCES `order_used_product` (`product_id`),
  ADD CONSTRAINT `FKD867965F6439CBD7` FOREIGN KEY (`inventory_id`) REFERENCES `inventory` (`inventory_transaction_id`);

--
-- Constraints for table `order_details`
--
ALTER TABLE `order_details`
  ADD CONSTRAINT `FK521CF251ADEEF13E` FOREIGN KEY (`employee_id_cancel`) REFERENCES `employee` (`employee_id`),
  ADD CONSTRAINT `FK521CF251BD7D729E` FOREIGN KEY (`employee_id_sm`) REFERENCES `employee` (`employee_id`),
  ADD CONSTRAINT `FK521CF251EA90337E` FOREIGN KEY (`business_name_id`) REFERENCES `business_name` (`business_name_id`),
  ADD CONSTRAINT `FK521CF251F50E4214` FOREIGN KEY (`order_status_id`) REFERENCES `order_status` (`order_status_id`);

--
-- Constraints for table `order_product_details`
--
ALTER TABLE `order_product_details`
  ADD CONSTRAINT `FKF94880113A7A672` FOREIGN KEY (`product_id`) REFERENCES `order_used_product` (`product_id`),
  ADD CONSTRAINT `FKF9488012E22B820` FOREIGN KEY (`order_details_id`) REFERENCES `order_details` (`order_id`);

--
-- Constraints for table `order_product_issue_details`
--
ALTER TABLE `order_product_issue_details`
  ADD CONSTRAINT `FK2BFE635B3A6D32A9` FOREIGN KEY (`issued_by_gk`) REFERENCES `employee` (`employee_id`),
  ADD CONSTRAINT `FK2BFE635B3B664D9F` FOREIGN KEY (`issued_to_db`) REFERENCES `employee` (`employee_id`),
  ADD CONSTRAINT `FK2BFE635BE128A603` FOREIGN KEY (`order_id`) REFERENCES `order_details` (`order_id`);

--
-- Constraints for table `order_used_product`
--
ALTER TABLE `order_used_product`
  ADD CONSTRAINT `FKFB9403BE310F6C00` FOREIGN KEY (`category_id`) REFERENCES `order_used_categories` (`category_id`),
  ADD CONSTRAINT `FKFB9403BE7B5CE572` FOREIGN KEY (`brand_id`) REFERENCES `order_used_brand` (`brand_id`),
  ADD CONSTRAINT `FKFB9403BED30CBF73` FOREIGN KEY (`product_entity_id`) REFERENCES `product` (`product_id`);

--
-- Constraints for table `payment`
--
ALTER TABLE `payment`
  ADD CONSTRAINT `FKD11C3206E128A603` FOREIGN KEY (`order_id`) REFERENCES `order_details` (`order_id`);

--
-- Constraints for table `payment_pay_supplier`
--
ALTER TABLE `payment_pay_supplier`
  ADD CONSTRAINT `FKDCEEE91C6439CBD7` FOREIGN KEY (`inventory_id`) REFERENCES `inventory` (`inventory_transaction_id`);

--
-- Constraints for table `product`
--
ALTER TABLE `product`
  ADD CONSTRAINT `FKED8DCCEF311E6E77` FOREIGN KEY (`brand_id`) REFERENCES `brand` (`brand_id`),
  ADD CONSTRAINT `FKED8DCCEFBC63BE1B` FOREIGN KEY (`category_id`) REFERENCES `categories` (`category_id`);

--
-- Constraints for table `region`
--
ALTER TABLE `region`
  ADD CONSTRAINT `FKC84826F42831401D` FOREIGN KEY (`city_id`) REFERENCES `city` (`city_id`);

--
-- Constraints for table `reissue_order_details`
--
ALTER TABLE `reissue_order_details`
  ADD CONSTRAINT `FK92566458E8E28C5C` FOREIGN KEY (`reissued_by_gk`) REFERENCES `employee` (`employee_id`),
  ADD CONSTRAINT `FK92566458E9DBA752` FOREIGN KEY (`reissued_to_db`) REFERENCES `employee` (`employee_id`),
  ADD CONSTRAINT `FK92566458FDFDD33F` FOREIGN KEY (`return_order_product_id`) REFERENCES `return_order_product` (`return_order_product_id`);

--
-- Constraints for table `reissue_order_product_details`
--
ALTER TABLE `reissue_order_product_details`
  ADD CONSTRAINT `FK8E1B030813A7A672` FOREIGN KEY (`product_id`) REFERENCES `order_used_product` (`product_id`),
  ADD CONSTRAINT `FK8E1B0308BA2BE259` FOREIGN KEY (`reIssue_order_details_id`) REFERENCES `reissue_order_details` (`reissue_order_id`);

--
-- Constraints for table `return_order_product`
--
ALTER TABLE `return_order_product`
  ADD CONSTRAINT `FKFD63082F2E22B820` FOREIGN KEY (`order_details_id`) REFERENCES `order_details` (`order_id`);

--
-- Constraints for table `return_order_product_details`
--
ALTER TABLE `return_order_product_details`
  ADD CONSTRAINT `FK2FD4023213A7A672` FOREIGN KEY (`product_id`) REFERENCES `order_used_product` (`product_id`),
  ADD CONSTRAINT `FK2FD40232FDFDD33F` FOREIGN KEY (`return_order_product_id`) REFERENCES `return_order_product` (`return_order_product_id`);

--
-- Constraints for table `state`
--
ALTER TABLE `state`
  ADD CONSTRAINT `FK68AC491592ACD7` FOREIGN KEY (`country_id`) REFERENCES `country` (`country_id`);

--
-- Constraints for table `supplier`
--
ALTER TABLE `supplier`
  ADD CONSTRAINT `FK9CDBF9CC4A2DE897` FOREIGN KEY (`contact_id`) REFERENCES `contact` (`contact_id`);

--
-- Constraints for table `supplier_order_details`
--
ALTER TABLE `supplier_order_details`
  ADD CONSTRAINT `FKAA37A91E13A7A672` FOREIGN KEY (`product_id`) REFERENCES `order_used_product` (`product_id`),
  ADD CONSTRAINT `FKAA37A91E3DD66ABE` FOREIGN KEY (`supplier_order_id`) REFERENCES `supplier_order` (`supplier_order_id`),
  ADD CONSTRAINT `FKAA37A91E9A9C7EFD` FOREIGN KEY (`supplier_id`) REFERENCES `supplier` (`supplier_id`);

--
-- Constraints for table `supplier_product_list`
--
ALTER TABLE `supplier_product_list`
  ADD CONSTRAINT `FKD3F215815F2B0237` FOREIGN KEY (`product_id`) REFERENCES `product` (`product_id`),
  ADD CONSTRAINT `FKD3F215819A9C7EFD` FOREIGN KEY (`supplier_id`) REFERENCES `supplier` (`supplier_id`);
COMMIT;

/*!40101 SET CHARACTER_SET_CLIENT=@OLD_CHARACTER_SET_CLIENT */;
/*!40101 SET CHARACTER_SET_RESULTS=@OLD_CHARACTER_SET_RESULTS */;
/*!40101 SET COLLATION_CONNECTION=@OLD_COLLATION_CONNECTION */;
